Review_Date,Ticker,Name,Tag,Rec_Date,Rec_Price,Cur_Price,Days_Held,PnL_Pct,Maturity_PnL,Hold_Period,Stop_Loss,Stop_Method,Trail_Stop,Rec_Count,Status,Score,Review_Risk_Status,Review_Risk_Date,Review_Stop_Distance_Pct,Review_Risk_Note,Option_Type,Strike,Expiry,Price_5D,PnL_5D,Price_10D,PnL_10D,Price_20D,PnL_20D,Review_Stage
2026-06-02,AIM,AIM IMMUNOTECH,Trap_Warning,2026-05-28,0.34,0.90,5,125.0,坚决空仓,不建议参与 5. 特斯拉 (TSLA) - 评分:78.9分:,3,,,,,,,,,,,,,,,,,,,OPEN
2026-06-02,AMZN,AMAZON.COM,Core_Dragon,2026-05-27,266.15,261.26,6,-1.52,坚决空仓,跌破 255.00 美元（约-4%）,2,,,1,移动止损清仓,,,,,,,,,250.02000427246094,-6.06,238.0,-10.58,,,FINAL
2026-06-02,AVGO,BROADCOM,Observation,2026-06-02,459.97,459.97,0,0.0,5-12天,-5%,2,,,2,持仓中,,,,,,,,,,,,,,,OPEN
2026-06-02,BYND,BEYOND MEAT,Observation,2026-06-02,0.78,0.78,0,0.0,观望,N/A,2,,,,,,,,,,,,,,,,,,,OPEN
2026-06-02,CPSH,CPS TECHNOLOGIES,Trap_Warning,2026-05-27,13.00,9.45,6,-15.02,坚决空仓,N/A,1,,,,,,,,,,,,,,,,,,,OPEN
2026-06-02,DNN,DNN,Observation,2026-06-02,3.43,3.43,0,0.0,观望,N/A,2,,,,,,,,,,,,,,,,,,,OPEN
2026-06-02,DVLT,DVLT,Observation,2026-05-28,0.47,0.56,5,19.15,坚决空仓,绝对规避 🚨 诱多对照组（严禁接盘） 倒数1. QTTB (QTTB): ❌,1,,,,,,,,,,,,,,,,,,,OPEN
2026-06-02,EEM,EEM,Observation,2026-05-28,67.30,70.08,5,2.47,观望,N/A,3,,,,,,,,,,,,,,,,,,,OPEN
2026-06-02,JBLU,JBLU,Observation,2026-05-28,5.24,5.15,5,-4.63,观望,跌破5.0美元 8. Ondas Holdings (ONDS) - 评分:72.7分:,1,,,,,,,,,,,,,,,,,,,OPEN
2026-06-02,LYFT,LYFT,Observation,2026-06-02,14.86,14.86,0,0.0,观望,N/A,2,,,,,,,,,,,,,,,,,,,OPEN
2026-06-02,MARA,MARA,Observation,2026-05-28,13.94,14.85,5,3.63,1-3天动量交易,跌破13.5美元 10. DVLT (DVLT) - 评分:72.0分:,1,,,1,已超期归档,,,,,,,,,,,,,,,FINAL
2026-06-02,NCPL,NCPL,Trap_Warning,2026-05-28,1.35,0.90,5,-42.68,坚决空仓,N/A,1,,,,,,,,,,,,,,,,,,,OPEN
2026-06-02,ONDS,ONDS,Observation,2026-05-27,10.00,13.46,6,37.77,观望,跌破9.5美元 9. Marathon Digital (MARA) - 评分:72.7分:,2,,,2,持仓中,,,,,,,,,,,,,,,OPEN
2026-06-02,OPEN,OPEN,Observation,2026-05-27,4.56,5.31,6,18.53,坚决观望,若持有则跌破 4.00 必须斩仓 9. TERAWULF (WULF) - 评分:74.0分:,1,,,,,,,,,,,,,,,,,,,OPEN
2026-06-02,OTLK,OTLK,Trap_Warning,2026-06-02,0.84,0.84,0,0.0,坚决空仓,N/A,2,,,,,,,,,,,,,,,,,,,OPEN
2026-06-02,PLUG,PLUG,Observation,2026-05-27,3.81,3.94,6,2.6,10-15天,跌破 255.00 美元（约-4%）,1,,,1,持仓中,,,,,,,,,,,,,,,OPEN
2026-06-02,PTON,PTON,Observation,2026-05-27,5.70,6.48,6,12.31,观望,跌破 5.20 美元 8. OPENDOOR (OPEN) - 评分:76.8分:,1,,,,,,,,,,,,,,,,,,,OPEN
2026-06-02,QTTB,QTTB,Trap_Warning,2026-05-28,11.52,11.66,5,-9.26,坚决空仓,N/A,1,,,,,,,,,,,,,,,,,,,OPEN
2026-06-02,SRXH,SRXH,Observation,2026-06-02,0.12,0.12,0,0.0,观望,N/A,2,,,,,,,,,,,,,,,,,,,OPEN
2026-06-02,TLT,TLT,Core_Dragon,2026-06-02,85.47,85.47,0,0.0,5-12天,-5%,2,,,2,已超期归档,,,,,,,,,,,,,,,FINAL
2026-06-02,TSDD,TSDD,Core_Dragon,2026-06-02,7.68,7.68,0,0.0,5-12天,-5%,2,,,2,已超期归档,,,,,,,,,,,,,,,FINAL
2026-06-02,TSLA,TSLA,Observation,2026-05-27,442.89,415.88,6,-4.08,3-5天短打,跌破420美元 6. 彭博原油两倍做空ETF (SCO) - 评分:78.2分:,2,,,,,,,,,,,,,,,,,,,OPEN
2026-06-02,UUUU,UUUU,Observation,2026-06-02,17.62,17.62,0,0.0,观望,N/A,2,,,,,,,,,,,,,,,,,,,OPEN
2026-06-02,WBD,WBD,Core_Dragon,2026-06-02,27.25,27.25,0,0.0,5-12天,-5%,2,,,2,已超期归档,,,,,,,,,,,,,,,FINAL
2026-06-02,WMT,WMT,Trap_Warning,2026-05-27,118.05,114.60,6,-3.35,10-15天,跌破 255.00 美元（约-4%）,1,,,,,,,,,,,,,,,,,,,OPEN
2026-06-02,WULF,WULF,Observation,2026-05-27,26.19,25.66,6,1.91,10-15天,跌破 255.00 美元（约-4%）,1,,,1,持仓中,,,,,,,,,,,,,,,OPEN
2026-06-03,AIM,AIM IMMUNOTECH,Trap_Warning,2026-05-28,0.34,0.83,6,107.5,坚决空仓,不建议参与 5. 特斯拉 (TSLA) - 评分:78.9分:,3,,,,,,,,,,,,,,,,,,,OPEN
2026-06-03,AMZE,AMAZE HOLDINGS (ASE),Observation,2026-06-03,0.16,0.16,0,0.0,不建议参与,若执意进场，亏损超$0.02立即止损 🚨 诱多对照组（严禁接盘） 倒数1. MicroVision (MVIS): ❌,2,,,,,,,,,,,,,,,,,,,OPEN
2026-06-03,AMZN,AMAZON.COM,Core_Dragon,2026-05-27,266.15,256.52,7,-3.31,坚决空仓,跌破 255.00 美元（约-4%）,2,,,1,移动止损清仓,,,,,,,,,250.02000427246094,-6.06,238.0,-10.58,,,FINAL
2026-06-03,AVGO,BROADCOM,Observation,2026-06-02,459.97,481.57,1,4.7,5-12天,-5%,2,,,2,持仓中,,,,,,,,,,,,,,,OPEN
2026-06-03,BYND,BEYOND MEAT,Observation,2026-06-02,0.78,0.76,1,-2.56,观望,N/A,2,,,,,,,,,,,,,,,,,,,OPEN
2026-06-03,CIFR,CIPHER MINING,Observation,2026-06-03,26.29,26.29,0,0.0,5-15天,$34.80,2,,,2,持仓中,,,,,,,,,,,,,,,OPEN
2026-06-03,DNN,DNN,Observation,2026-06-02,3.43,3.67,1,7.0,观望,N/A,2,,,,,,,,,,,,,,,,,,,OPEN
2026-06-03,EEM,EEM,Observation,2026-05-28,67.30,70.80,6,3.52,观望,N/A,3,,,,,,,,,,,,,,,,,,,OPEN
2026-06-03,FXI,FXI,Core_Dragon,2026-06-03,36.36,36.36,0,0.0,5-15天,$34.80,2,,,,,,,,,,,,,,,,,,,OPEN
2026-06-03,GOVT,GOVT,Observation,2026-06-03,22.70,22.70,0,0.0,仅作现金替代配置,$22.30,2,,,,,,,,,,,,,,,,,,,OPEN
2026-06-03,GRAB,GRAB,Core_Dragon,2026-06-03,3.60,3.60,0,0.0,5-15天,$34.80,2,,,2,已超期归档,,,,,,,,,,,,,,,FINAL
2026-06-03,IREN,IREN,Observation,2026-06-03,66.60,66.60,0,0.0,5-15天,$34.80,2,,,,,,,,,,,,,,,,,,,OPEN
2026-06-03,JBLU,JBLU,Observation,2026-05-28,5.24,4.93,6,-8.7,观望,跌破5.0美元 8. Ondas Holdings (ONDS) - 评分:72.7分:,1,,,,,,,,,,,,,,,,,,,OPEN
2026-06-03,LYFT,LYFT,Observation,2026-06-02,14.86,14.11,1,-5.05,观望,N/A,2,,,,,,,,,,,,,,,,,,,OPEN
2026-06-03,MVIS,MVIS,Trap_Warning,2026-06-03,0.41,0.41,0,0.0,坚决空仓,N/A,2,,,,,,,,,,,,,,,,,,,OPEN
2026-06-03,NVDA,NVDA,Core_Dragon,2026-06-03,222.82,222.82,0,0.0,5-15天,$34.80,2,,,5,已超期归档,,,,,,,,,,,,,,,FINAL
2026-06-03,OPEN,OPEN,Observation,2026-05-27,4.56,5.41,7,20.76,观望,$4.50,3,,,,,,,,,,,,,,,,,,,OPEN
2026-06-03,PTON,PTON,Observation,2026-05-27,5.70,6.34,7,9.88,观望,跌破 5.20 美元 8. OPENDOOR (OPEN) - 评分:76.8分:,1,,,,,,,,,,,,,,,,,,,OPEN
2026-06-03,RIVN,RIVN,Observation,2026-06-03,17.29,17.29,0,0.0,5-15天,$34.80,2,,,,,,,,,,,,,,,,,,,OPEN
2026-06-03,SRXH,SRXH,Observation,2026-06-02,0.12,0.13,1,8.33,观望,$0.11,4,,,,,,,,,,,,,,,,,,,OPEN
2026-06-03,TLT,TLT,Core_Dragon,2026-06-02,85.47,85.65,1,0.21,5-12天,-5%,2,,,2,已超期归档,,,,,,,,,,,,,,,FINAL
2026-06-03,TSDD,TSDD,Core_Dragon,2026-06-02,7.68,7.39,1,-3.78,5-12天,-5%,2,,,2,已超期归档,,,,,,,,,,,,,,,FINAL
2026-06-03,TSLA,TSLA,Observation,2026-05-27,442.89,423.74,7,-2.27,3-5天短打,跌破420美元 6. 彭博原油两倍做空ETF (SCO) - 评分:78.2分:,2,,,,,,,,,,,,,,,,,,,OPEN
2026-06-03,UUUU,UUUU,Observation,2026-06-02,17.62,19.54,1,10.9,观望,N/A,2,,,,,,,,,,,,,,,,,,,OPEN
2026-06-03,WBD,WBD,Core_Dragon,2026-06-02,27.25,27.18,1,-0.26,5-12天,-5%,2,,,2,已超期归档,,,,,,,,,,,,,,,FINAL
2026-06-03,WMT,WMT,Trap_Warning,2026-05-27,118.05,113.06,7,-4.65,10-15天,跌破 255.00 美元（约-4%）,1,,,,,,,,,,,,,,,,,,,OPEN
2026-06-05,AMZE,AMAZE HOLDINGS (ASE),Observation,2026-06-03,0.16,0.15,2,-6.25,不建议参与,若执意进场，亏损超$0.02立即止损 🚨 诱多对照组（严禁接盘） 倒数1. MicroVision (MVIS): ❌,2,,,,,,,,,,,,,,,,,,,OPEN
2026-06-05,ANY,SPHERE 3D,Trap_Warning,2026-06-04,5.65,4.34,1,-23.19,坚决空仓,N/A,2,,,,,,,,,,,,,,,,,,,OPEN
2026-06-05,AUUD,AUDDIA,Core_Dragon,2026-06-05,1.48,1.48,0,0.0,3-7天,$0.68,1,,,1,已超期归档,,,,,,,,,,,,,,,FINAL
2026-06-05,AVGO,BROADCOM,Observation,2026-06-02,459.97,418.91,3,-8.93,5-12天,-5%,2,,,2,持仓中,,,,,,,,,,,,,,,OPEN
2026-06-05,BBAI,BIGBEAR AI HOLDINGS,Core_Dragon,2026-05-27,4.14,4.77,9,14.11,10-15天,跌破 255.00 美元（约-4%）,1,,,1,已超期归档,,,,,,,,,,,,,,,FINAL
2026-06-05,BTG,B2GOLD (ASE),Observation,2026-06-05,4.58,4.58,0,0.0,5-10天,$4.20,1,,,,,,,,,,,,,,,,,,,OPEN
2026-06-05,BYND,BEYOND MEAT,Core_Dragon,2026-06-02,0.78,0.79,3,1.28,3-7天,$0.68,3,,,3,已超期归档,,,,,,,,,,,,,,,FINAL
2026-06-05,CIFR,CIPHER MINING,Observation,2026-06-03,26.29,25.55,2,-2.81,5-15天,$34.80,2,,,2,持仓中,,,,,,,,,,,,,,,OPEN
2026-06-05,DVLT,DVLT,Observation,2026-05-28,0.47,0.47,8,0.0,坚决空仓,绝对规避 🚨 诱多对照组（严禁接盘） 倒数1. QTTB (QTTB): ❌,1,,,,,,,,,,,,,,,,,,,OPEN
2026-06-05,GOVT,GOVT,Observation,2026-06-03,22.70,22.69,2,-0.04,仅作现金替代配置,$22.30,2,,,,,,,,,,,,,,,,,,,OPEN
2026-06-05,GRAB,GRAB,Core_Dragon,2026-06-03,3.60,3.46,2,-3.89,5-15天,$34.80,2,,,2,已超期归档,,,,,,,,,,,,,,,FINAL
2026-06-05,INDP,INDP,Trap_Warning,2026-06-05,4.75,4.75,0,0.0,坚决空仓,N/A,1,,,,,,,,,,,,,,,,,,,OPEN
2026-06-05,IREN,IREN,Observation,2026-06-03,66.60,61.86,2,-7.12,5-15天,$34.80,2,,,,,,,,,,,,,,,,,,,OPEN
2026-06-05,KWEB,KWEB,Observation,2026-06-04,27.22,27.13,1,-0.33,10-20天,N/A,2,,,,,,,,,,,,,,,,,,,OPEN
2026-06-05,LYFT,LYFT,Observation,2026-06-02,14.86,14.12,3,-4.98,观望,N/A,2,,,,,,,,,,,,,,,,,,,OPEN
2026-06-05,MARA,MARA,Observation,2026-05-28,13.94,13.88,8,-3.14,1-3天动量交易,跌破13.5美元 10. DVLT (DVLT) - 评分:72.0分:,1,,,1,已超期归档,,,,,,,,,,,,,,,FINAL
2026-06-05,META,META,Observation,2026-06-04,622.60,627.57,1,0.74,3-7天,$0.68,3,,,3,持仓中,,,,,,,,,567.455810546875,-8.86,576.7647705078125,-7.36,599.8165893554688,-3.66,20D
2026-06-05,ONDS,ONDS,Observation,2026-05-27,10.00,11.97,9,22.52,观望,跌破9.5美元 9. Marathon Digital (MARA) - 评分:72.7分:,2,,,2,持仓中,,,,,,,,,,,,,,,OPEN
2026-06-05,OPEN,OPEN,Observation,2026-05-27,4.56,4.95,9,10.49,观望,$4.50,3,,,,,,,,,,,,,,,,,,,OPEN
2026-06-05,OTLK,OTLK,Trap_Warning,2026-06-02,0.84,0.79,3,-5.95,坚决空仓,N/A,2,,,,,,,,,,,,,,,,,,,OPEN
2026-06-05,OWL,OWL,Observation,2026-06-05,10.19,10.19,0,0.0,5-10天,$9.60,1,,,,,,,,,,,,,,,,,,,OPEN
2026-06-05,PATH,PATH,Observation,2026-05-27,11.09,11.67,9,5.23,5-7天,跌破 10.20 美元 7. 派乐腾 (PTON) - 评分:77.4分:,1,,,1,已超期归档,,,,,,,,,,,,,,,FINAL
2026-06-05,PTON,PTON,Observation,2026-05-27,5.70,6.17,9,6.93,观望,跌破 5.20 美元 8. OPENDOOR (OPEN) - 评分:76.8分:,1,,,,,,,,,,,,,,,,,,,OPEN
2026-06-05,QTTB,QTTB,Trap_Warning,2026-05-28,11.52,14.00,8,8.95,坚决空仓,N/A,1,,,,,,,,,,,,,,,,,,,OPEN
2026-06-05,RIVN,RIVN,Observation,2026-06-03,17.29,18.12,2,4.8,5-15天,$34.80,2,,,,,,,,,,,,,,,,,,,OPEN
2026-06-05,SCHD,SCHD,Core_Dragon,2026-06-05,32.59,32.59,0,0.0,10-20天,$31.50,1,,,1,已超期归档,,,,,,,,,,,,,,,FINAL
2026-06-05,SCO,SCO,Observation,2026-05-27,27.64,25.69,9,286.32,日内/隔夜,跌破6.5美元 7. 捷蓝航空 (JBLU) - 评分:74.3分:,2,,,2,已超期归档,,,,,,,,,,,,,,,FINAL
2026-06-05,SNAP,SNAP,Observation,2026-06-05,6.07,6.07,0,0.0,观望,N/A,1,,,,,,,,,,,,,,,,,,,OPEN
2026-06-05,SRXH,SRXH,Observation,2026-06-02,0.12,0.13,3,8.33,观望,$4.20,5,,,,,,,,,,,,,,,,,,,OPEN
2026-06-05,TSLA,TSLA,Observation,2026-05-27,442.89,418.45,9,-3.49,3-5天短打,跌破420美元 6. 彭博原油两倍做空ETF (SCO) - 评分:78.2分:,2,,,,,,,,,,,,,,,,,,,OPEN
2026-06-05,TZA,TZA,Observation,2026-06-04,4.43,4.25,1,-4.06,仅日内/隔夜对冲,跌破 $4.25 即离场] 10. 越洋钻探 (RIG) - 评分:78.5分:,2,,,,,,,,,,,,,,,,,,,OPEN
2026-06-05,UBER,UBER,Observation,2026-06-05,72.21,72.21,0,0.0,3-7天,$0.68,1,,,,,,,,,,,,,,,,,,,OPEN
2026-06-05,VIVK,VIVK,Trap_Warning,2026-06-05,0.85,0.85,0,0.0,坚决空仓,N/A,1,,,,,,,,,,,,,,,,,,,OPEN
2026-06-08,AIM,AIM IMMUNOTECH,Trap_Warning,2026-05-28,0.34,0.52,11,30.0,坚决空仓,不建议参与 5. 特斯拉 (TSLA) - 评分:78.9分:,3,,,,,,,,,,,,,,,,,,,OPEN
2026-06-08,AMZN,AMAZON.COM,Core_Dragon,2026-05-27,266.15,246.03,12,-7.26,坚决空仓,跌破 255.00 美元（约-4%）,2,,,1,移动止损清仓,,,,,,,,,250.02000427246094,-6.06,238.0,-10.58,,,FINAL
2026-06-08,ANY,SPHERE 3D,Trap_Warning,2026-06-04,5.65,4.04,4,-28.5,坚决空仓,N/A,2,,,,,,,,,,,,,,,,,,,OPEN
2026-06-08,AVGO,BROADCOM,Observation,2026-06-02,459.97,385.73,6,-16.14,5-12天,-5%,2,,,2,持仓中,,,,,,,,,,,,,,,OPEN
2026-06-08,BAC,BANK OF AMERICA,Observation,2026-06-04,52.40,53.83,4,2.73,10-20天,N/A,2,,,,,,,,,,,,,,,,,,,OPEN
2026-06-08,BCDA,BIOCARDIA,Observation,2026-06-08,1.03,1.03,0,0.0,观望,N/A,1,,,,,,,,,,,,,,,,,,,OPEN
2026-06-08,BTG,B2GOLD (ASE),Observation,2026-06-05,4.58,4.18,3,-8.73,5-10天,$4.20,1,,,,,,,,,,,,,,,,,,,OPEN
2026-06-08,CPSH,CPS TECHNOLOGIES,Trap_Warning,2026-05-27,13.00,6.72,12,-39.57,坚决空仓,N/A,1,,,,,,,,,,,,,,,,,,,OPEN
2026-06-08,DNN,DNN,Observation,2026-06-02,3.43,3.03,6,-11.66,观望,N/A,2,,,,,,,,,,,,,,,,,,,OPEN
2026-06-08,EEM,EEM,Observation,2026-05-28,67.30,64.59,11,-5.56,观望,N/A,3,,,,,,,,,,,,,,,,,,,OPEN
2026-06-08,F,F,Observation,2026-06-08,14.90,14.90,0,0.0,3-7天,N/A,1,,,,,,,,,,,,,,,,,,,OPEN
2026-06-08,FXI,FXI,Observation,2026-06-03,36.36,34.75,5,-4.43,10-20天,$34.80,4,,,4,持仓中,,,,,,,,,,,,,,,OPEN
2026-06-08,GGB,GGB,Core_Dragon,2026-06-04,4.62,4.59,4,-3.37,10-20天,N/A,2,,,1,移动止损清仓,,,,,,,,,4.611570358276367,-0.21,4.126662731170654,-10.71,4.186039447784424,-9.42,FINAL
2026-06-08,GOVT,GOVT,Observation,2026-06-03,22.70,22.61,5,-0.4,仅作现金替代配置,$22.30,2,,,,,,,,,,,,,,,,,,,OPEN
2026-06-08,HL,HL,Trap_Warning,2026-06-08,14.78,14.78,0,0.0,坚决空仓,N/A,1,,,,,,,,,,,,,,,,,,,OPEN
2026-06-08,INTC,INTC,Observation,2026-06-04,112.71,99.17,4,-12.01,10-20天,N/A,2,,,,,,,,,,,,,,,,,,,OPEN
2026-06-08,JBLU,JBLU,Observation,2026-05-28,5.24,4.85,11,-10.19,观望,跌破5.0美元 8. Ondas Holdings (ONDS) - 评分:72.7分:,1,,,,,,,,,,,,,,,,,,,OPEN
2026-06-08,KWEB,KWEB,Observation,2026-06-04,27.22,26.38,4,-3.09,10-20天,N/A,2,,,,,,,,,,,,,,,,,,,OPEN
2026-06-08,MARA,MARA,Observation,2026-05-28,13.94,12.32,11,-14.03,1-3天动量交易,跌破13.5美元 10. DVLT (DVLT) - 评分:72.0分:,1,,,1,已超期归档,,,,,,,,,,,,,,,FINAL
2026-06-08,META,META,Observation,2026-06-04,622.60,593.00,4,-4.81,3-7天,$0.68,3,,,3,持仓中,,,,,,,,,567.455810546875,-8.86,576.7647705078125,-7.36,599.8165893554688,-3.66,20D
2026-06-08,MRVL,MRVL,Observation,2026-06-08,263.47,263.47,0,0.0,3-7天,N/A,1,,,1,持仓中,,,,,,,,,,,,,,,OPEN
2026-06-08,MU,MU,Observation,2026-06-08,938.13,864.01,0,0.0,观望,N/A,1,,,,,,,,,,,,,1087.8226318359375,15.96,1051.6082763671875,12.1,948.7999877929688,1.14,20D
2026-06-08,MVIS,MVIS,Trap_Warning,2026-06-03,0.41,0.39,5,-4.88,坚决空仓,N/A,2,,,,,,,,,,,,,,,,,,,OPEN
2026-06-08,NCPL,NCPL,Trap_Warning,2026-05-28,1.35,0.93,11,-40.76,坚决空仓,N/A,1,,,,,,,,,,,,,,,,,,,OPEN
2026-06-08,NVDA,NVDA,Core_Dragon,2026-06-03,222.82,205.10,5,-7.95,5-15天,$34.80,2,,,5,已超期归档,,,,,,,,,,,,,,,FINAL
2026-06-08,OPTT,OPTT,Trap_Warning,2026-06-08,0.29,0.29,0,0.0,坚决空仓,N/A,1,,,,,,,,,,,,,,,,,,,OPEN
2026-06-08,OTLK,OTLK,Trap_Warning,2026-06-02,0.84,0.78,6,-7.14,坚决空仓,N/A,2,,,,,,,,,,,,,,,,,,,OPEN
2026-06-08,PCG,PCG,Observation,2026-06-04,16.94,17.11,4,1.54,10-20天,N/A,2,,,,,,,,,,,,,16.74130630493164,-1.18,16.43220329284668,-3.0,16.81999969482422,-0.71,20D
2026-06-08,PLUG,PLUG,Observation,2026-05-27,3.81,3.22,12,-16.15,10-15天,跌破 255.00 美元（约-4%）,1,,,1,持仓中,,,,,,,,,,,,,,,OPEN
2026-06-08,RIG,RIG,Observation,2026-06-04,6.18,5.95,4,-3.72,10-20天,N/A,2,,,,,,,,,,,,,,,,,,,OPEN
2026-06-08,SCHD,SCHD,Core_Dragon,2026-06-05,32.59,32.30,3,-0.89,10-20天,$31.50,1,,,1,已超期归档,,,,,,,,,,,,,,,FINAL
2026-06-08,SCO,SCO,Observation,2026-05-27,27.64,26.48,12,298.2,日内/隔夜,跌破6.5美元 7. 捷蓝航空 (JBLU) - 评分:74.3分:,2,,,2,已超期归档,,,,,,,,,,,,,,,FINAL
2026-06-08,SMCI,SMCI,Observation,2026-06-08,41.64,41.64,0,0.0,3-7天,N/A,1,,,1,持仓中,,,,,,,,,,,,,,,OPEN
2026-06-08,SPDN,SPDN,Core_Dragon,2026-06-08,8.59,8.84,0,0.0,3-7天,N/A,1,,,1,持仓中,,,,,,,,,8.473943710327148,-1.37,8.690242767333984,1.15,,,10D
2026-06-08,SQQQ,SQQQ,Observation,2026-06-08,43.19,43.19,0,0.0,3-7天,N/A,1,,,1,持仓中,,,,,,,,,,,,,,,OPEN
2026-06-08,SRXH,SRXH,Observation,2026-06-02,0.12,0.12,6,0.0,坚决观望,绝对不参与，流动性陷阱 9. 超微电脑 (SMCI) - 评分:50.0分:,6,,,,,,,,,,,,,,,,,,,OPEN
2026-06-08,TLT,TLT,Core_Dragon,2026-06-02,85.47,85.06,6,-0.48,5-12天,-5%,2,,,2,已超期归档,,,,,,,,,,,,,,,FINAL
2026-06-08,TSLA,TSLA,Observation,2026-05-27,442.89,391.00,12,-9.82,3-5天短打,跌破420美元 6. 彭博原油两倍做空ETF (SCO) - 评分:78.2分:,2,,,,,,,,,,,,,,,,,,,OPEN
2026-06-08,TZA,TZA,Core_Dragon,2026-06-04,4.43,4.70,4,6.09,3-7天,跌破 $4.25 即离场] 10. 越洋钻探 (RIG) - 评分:78.5分:,3,,,,,,,,,,,,,,,,,,,OPEN
2026-06-08,UUUU,UUUU,Observation,2026-06-02,17.62,15.03,6,-14.7,观望,N/A,2,,,,,,,,,,,,,,,,,,,OPEN
2026-06-08,VIVK,VIVK,Trap_Warning,2026-06-05,0.85,0.70,3,-17.65,坚决空仓,N/A,1,,,,,,,,,,,,,,,,,,,OPEN
2026-06-08,WBD,WBD,Core_Dragon,2026-06-02,27.25,26.24,6,-3.71,5-12天,-5%,2,,,2,已超期归档,,,,,,,,,,,,,,,FINAL
2026-06-08,WMT,WMT,Trap_Warning,2026-05-27,118.05,118.88,12,0.26,10-15天,跌破 255.00 美元（约-4%）,1,,,,,,,,,,,,,,,,,,,OPEN
2026-06-08,WULF,WULF,Observation,2026-05-27,26.19,24.00,12,-4.69,10-15天,跌破 255.00 美元（约-4%）,1,,,1,持仓中,,,,,,,,,,,,,,,OPEN
2026-06-08,XLE,XLE,Core_Dragon,2026-06-04,57.74,57.67,4,-1.77,10-20天,N/A,2,,,1,持仓中,,,,,,,,,56.37591552734375,-2.36,53.06955337524414,-8.09,52.81605911254883,-8.52,20D
2026-06-08,XLF,XLF,Core_Dragon,2026-06-08,51.87,52.30,0,0.0,3-7天,N/A,1,,,1,持仓中,,,,,,,,,53.18480682373047,2.53,53.68998336791992,3.5,54.77613830566406,5.59,20D
2026-06-09,AMZN,AMAZON.COM,Core_Dragon,2026-05-27,266.15,245.22,13,-7.57,,10-15天,跌破 255.00 美元（约-4%）,,,2,持仓中,,,,,,,,,250.02000427246094,-6.06,238.0,-10.58,,,10D
2026-06-09,AVGO,BROADCOM,Observation,2026-06-02,459.97,396.60,7,-13.78,,5-12天,-5%,,,2,持仓中,,,,,,,,,,,,,,,OPEN
2026-06-09,CIFR,CIPHER MINING,Observation,2026-06-03,26.29,24.29,6,-7.61,,5-15天,$34.80,,,2,持仓中,,,,,,,,,,,,,,,OPEN
2026-06-09,EWY,EWY,Core_Dragon,2026-06-09,185.64,185.64,0,0.0,,3-7天,$105.00,,,1,持仓中,,,,,,,,,,,,,,,OPEN
2026-06-09,FXI,FXI,Observation,2026-06-03,36.36,34.68,6,-4.62,,5-15天,$34.80,,,4,持仓中,,,,,,,,,,,,,,,OPEN
2026-06-09,GRAB,GRAB,Core_Dragon,2026-06-03,3.60,3.33,6,-7.5,,5-15天,3.42,,,2,持仓中,,,,,,,,,,,,,,,OPEN
2026-06-09,META,META,Observation,2026-06-04,622.60,585.39,5,-6.03,,10-25天,$0.68,,,3,持仓中,,,,,,,,,567.455810546875,-8.86,576.7647705078125,-7.36,599.8165893554688,-3.66,20D
2026-06-09,MRVL,MRVL,Observation,2026-06-08,263.47,288.85,1,9.63,,3-7天,N/A,,,1,持仓中,,,,,,,,,,,,,,,OPEN
2026-06-09,NOTV,NOTV,Core_Dragon,2026-06-09,0.11,0.11,0,0.0,,3-7天,0.10,,,1,持仓中,,,,,,,,,,,,,,,OPEN
2026-06-09,NVDA,NVDA,Core_Dragon,2026-06-03,222.82,208.64,6,-6.36,,5-15天,$34.80,,,2,持仓中,,,,,,,,,,,,,,,OPEN
2026-06-09,ONDS,ONDS,Observation,2026-05-27,10.00,10.30,13,5.42,,10-15天,跌破 255.00 美元（约-4%）,,,2,持仓中,,,,,,,,,,,,,,,OPEN
2026-06-09,PLUG,PLUG,Observation,2026-05-27,3.81,3.19,13,-16.93,,10-15天,跌破 255.00 美元（约-4%）,,,1,持仓中,,,,,,,,,,,,,,,OPEN
2026-06-09,SCHD,SCHD,Core_Dragon,2026-06-05,32.59,32.29,4,-0.92,,10-20天,$31.50,,,1,持仓中,,,,,,,,,,,,,,,OPEN
2026-06-09,SMCI,SMCI,Observation,2026-06-08,41.64,43.99,1,5.64,,3-7天,N/A,,,1,持仓中,,,,,,,,,,,,,,,OPEN
2026-06-09,SPDN,SPDN,Core_Dragon,2026-06-08,8.59,8.83,1,-0.11,,3-7天,N/A,,,1,持仓中,,,,,,,,,8.473943710327148,-1.37,8.690242767333984,1.15,,,10D
2026-06-09,SQQQ,SQQQ,Observation,2026-06-08,43.19,41.26,1,-4.47,,3-7天,N/A,,,1,持仓中,,,,,,,,,,,,,,,OPEN
2026-06-09,TLT,TLT,Core_Dragon,2026-06-02,85.47,84.62,7,-0.99,,5-12天,-5%,,,2,持仓中,,,,,,,,,,,,,,,OPEN
2026-06-09,WBD,WBD,Core_Dragon,2026-06-02,27.25,26.47,7,-2.86,,5-12天,-5%,,,2,持仓中,,,,,,,,,,,,,,,OPEN
2026-06-09,WULF,WULF,Observation,2026-05-27,26.19,25.86,13,2.7,,10-15天,跌破 255.00 美元（约-4%）,,,1,持仓中,,,,,,,,,,,,,,,OPEN
2026-06-09,XLE,XLE,Core_Dragon,2026-06-04,57.74,58.33,5,-0.65,,20-40天,N/A,,,2,持仓中,,,,,,,,,56.37591552734375,-2.36,53.06955337524414,-8.09,52.81605911254883,-8.52,20D
2026-06-09,XLF,XLF,Observation,2026-06-08,51.87,51.97,1,-0.63,,3-7天,观望,,,2,持仓中,,,,,,,,,53.18480682373047,2.53,53.68998336791992,3.5,54.77613830566406,5.59,20D
2026-06-09,MARA,MARA,Observation,2026-05-28,13.94,无数据,12,,,1-3天动量交易,跌破13.5美元 10. DVLT (DVLT) - 评分:72.0分:,,,1,已超期归档,,,,,,,,,,,,,,,FINAL
2026-06-09,PATH,PATH,Observation,2026-05-27,11.09,无数据,13,,,5-7天,跌破 10.20 美元 7. 派乐腾 (PTON) - 评分:77.4分:,,,1,已超期归档,,,,,,,,,,,,,,,FINAL
2026-06-09,SCO,SCO,Observation,2026-05-27,27.64,无数据,13,,,2-4天短打,跌破 6.30 美元 5. 特斯拉 (TSLA) - 评分:79.8分:,,,2,已超期归档,,,,,,,,,,,,,,,FINAL
2026-06-24,ACN,Accenture,Core_Dragon,2026-06-22,127.98,129.15,2,0.91,,5-15天,121.58,,,2,持仓中,92.0,,,,,,,,,,,,,,OPEN
2026-06-24,CTSH,Cognizant,Core_Dragon,2026-06-24,40.72,41.44,0,1.2,,5-10天,38.9,,,1,持仓中,N/A,,,,,,,,40.830589294433594,0.27,43.14700698852539,5.96,,,10D
2026-06-24,GGB,GGB,Core_Dragon,2026-06-04,4.62,4.09,20,-13.89,,15-30天,N/A,,,2,持仓中,84.2,,,,,,,,4.611570358276367,-0.21,4.126662731170654,-10.71,4.186039447784424,-9.42,20D
2026-06-24,HOOD,Robinhood Markets,Core_Dragon,2026-06-17,98.12,97.19,7,-0.95,,15-30天,93.21,,,3,持仓中,N/A,,,,,,,,,,,,,,OPEN
2026-06-24,HPE,Hewlett Packard Enterprise,Core_Dragon,2026-06-17,49.38,48.75,7,-0.27,,15-30天,46.44,,,1,持仓中,N/A,,,,,,,,46.60213088989258,-5.62,41.125980377197266,-16.71,45.70439910888672,-7.43,20D
2026-06-24,MSTR,MicroStrategy,Core_Dragon,2026-06-19,116.56,94.13,5,-19.24,,10-20天,110.73,,,2,持仓中,N/A,,,,,,,,82.30999755859375,-29.38,100.7699966430664,-13.55,97.81999969482422,-16.08,20D
2026-06-24,MU,MU,Core_Dragon,2026-06-08,938.13,1048.51,16,21.35,,15-30天,969.72,,,7,持仓中,58.3,,,,,,,,1087.8226318359375,15.96,1051.6082763671875,12.1,948.7999877929688,1.14,20D
2026-06-24,ORCL,Oracle Corporation,Core_Dragon,2026-06-23,169.64,157.53,1,-10.02,,15-30天,$15.80,,,1,持仓中,N/A,,,,,,,,146.04193115234375,-13.91,140.00294494628906,-17.47,125.83999633789062,-25.82,20D
2026-06-24,PFE,Pfizer,Core_Dragon,2026-06-19,25.92,24.04,5,-7.25,,10-20天,24.62,,,3,持仓中,92.0,,,,,,,,,,,,,,OPEN
2026-06-24,PLTR,Palantir Technologies,Core_Dragon,2026-06-22,128.47,113.50,2,-11.65,,5-15天,122.05,,,1,持仓中,92.0,,,,,,,,,,,,,,OPEN
2026-06-24,QCOM,Qualcomm,Core_Dragon,2026-06-17,217.85,197.41,7,-7.78,,15-30天,203.37,,,1,持仓中,N/A,,,,,,,,203.79086303710938,-6.46,175.2959442138672,-19.54,170.8501434326172,-21.58,20D
2026-06-24,SATS,EchoStar,Core_Dragon,2026-06-12,128.13,109.17,12,-14.8,,15-30天,$15.80,,,2,持仓中,N/A,,,,,,,,,,,,,,OPEN
2026-06-24,SCHD,SCHD,Core_Dragon,2026-06-05,32.59,31.72,19,-2.67,,10-20天,$31.50,,,1,持仓中,83.7,,,,,,,,,,,,,,OPEN
2026-06-24,XLE,XLE,Core_Dragon,2026-06-04,57.74,53.57,20,-8.75,,20-40天,N/A,,,2,持仓中,83.9,,,,,,,,56.37591552734375,-2.36,53.06955337524414,-8.09,52.81605911254883,-8.52,20D
2026-06-24,AMZN,AMAZON.COM,Core_Dragon,2026-05-27,266.15,241.51,28,-8.96,-8.96,10-15天,跌破 255.00 美元（约-4%）,,,2,已超期归档,84.2,,,,,,,,250.02000427246094,-6.06,238.0,-10.58,,,FINAL
2026-06-24,AUUD,AUDDIA,Core_Dragon,2026-06-05,1.48,1.32,19,-10.81,-10.81,3-7天,$0.68,,,1,已超期归档,84.3,,,,,,,,,,,,,,FINAL
2026-06-24,AVGO,BROADCOM,Core_Dragon,2026-06-02,459.97,381.47,22,-17.07,-17.07,5-12天,-5%,,,3,已超期归档,76.7,,,,,,,,,,,,,,FINAL
2026-06-24,BBAI,BIGBEAR AI HOLDINGS,Core_Dragon,2026-05-27,4.14,4.14,28,-0.96,-0.96,10-15天,跌破 255.00 美元（约-4%）,,,1,已超期归档,83.9,,,,,,,,,,,,,,FINAL
2026-06-24,BYND,BEYOND MEAT,Core_Dragon,2026-06-02,0.78,0.69,22,-11.54,-11.54,3-7天,$0.68,,,3,已超期归档,80.0,,,,,,,,,,,,,,FINAL
2026-06-24,C,Citigroup,Core_Dragon,2026-06-11,133.38,143.06,13,7.26,7.26,3-8天,$44.50,,,1,已超期归档,N/A,,,,,,,,,,,,,,FINAL
2026-06-24,CCL,Carnival Corporation,Core_Dragon,2026-06-12,28.12,30.19,12,7.36,7.36,5-10天,$26.50,,,2,已超期归档,N/A,,,,,,,,,,,,,,FINAL
2026-06-24,EWY,EWY,Core_Dragon,2026-06-09,185.64,205.91,15,10.92,10.92,3-7天,$105.00,,,1,已超期归档,N/A,,,,,,,,,,,,,,FINAL
2026-06-24,F,F,Core_Dragon,2026-06-08,14.90,14.77,16,-0.87,-0.87,3-7天,13.69,,,4,已超期归档,57.1,,,,,,,,,,,,,,FINAL
2026-06-24,GRAB,GRAB,Core_Dragon,2026-06-03,3.60,3.57,21,-0.83,-0.83,5-15天,3.42,,,2,已超期归档,84.8,,,,,,,,,,,,,,FINAL
2026-06-24,HAL,Halliburton,Core_Dragon,2026-06-12,39.76,35.17,12,-11.54,-11.54,5-10天,$26.50,,,2,已超期归档,N/A,,,,,,,,,,,,,,FINAL
2026-06-24,INTC,INTC,Core_Dragon,2026-06-04,112.71,131.65,20,16.8,16.8,10-20天,$105.00,,,5,已超期归档,81.8,,,,,,,,,,,,,,FINAL
2026-06-24,NOTV,NOTV,Core_Dragon,2026-06-09,0.11,0.02,15,-81.82,-81.82,3-7天,0.10,,,1,已超期归档,N/A,,,,,,,,,,,,,,FINAL
2026-06-24,NVDA,NVDA,Core_Dragon,2026-06-03,222.82,210.69,21,-5.44,-5.44,5-15天,$34.80,,,5,已超期归档,82.8,,,,,,,,,,,,,,FINAL
2026-06-24,PCG,PCG,Core_Dragon,2026-06-04,16.94,17.12,20,1.6,1.6,10-20天,$15.80,,,3,已超期归档,82.2,,,,,,,,16.74130630493164,-1.18,16.43220329284668,-3.0,,,FINAL
2026-06-24,SPDN,SPDN,Core_Dragon,2026-06-08,8.59,8.59,16,-2.82,-2.82,3-7天,N/A,,,1,已超期归档,83.7,,,,,,,,8.473943710327148,-1.37,8.690242767333984,1.15,,,FINAL
2026-06-24,TLT,TLT,Core_Dragon,2026-06-02,85.47,85.77,22,0.35,0.35,5-12天,-5%,,,2,已超期归档,84.4,,,,,,,,,,,,,,FINAL
2026-06-24,TSDD,TSDD,Core_Dragon,2026-06-02,7.68,7.77,22,1.17,1.17,5-12天,-5%,,,2,已超期归档,84.2,,,,,,,,,,,,,,FINAL
2026-06-24,UBER,UBER,Core_Dragon,2026-06-05,72.21,68.85,19,-4.65,-4.65,3-7天,$0.68,,,2,已超期归档,83.3,,,,,,,,,,,,,,FINAL
2026-06-24,WBD,WBD,Core_Dragon,2026-06-02,27.25,26.98,22,-0.99,-0.99,5-12天,-5%,,,2,已超期归档,84.6,,,,,,,,,,,,,,FINAL
2026-06-25,ACN,Accenture,Core_Dragon,2026-06-22,127.98,125.82,3,-1.69,,5-15天,121.58,,,2,持仓中,92.0,,,,,,,,,,,,,,OPEN
2026-06-25,BSX,Boston Scientific,Core_Dragon,2026-06-25,44.21,44.20,0,-0.58,,5-10天,42.00,,,1,持仓中,N/A,,,,,,,,45.13999938964844,2.1,44.77000045776367,1.27,,,10D
2026-06-25,CTSH,Cognizant,Core_Dragon,2026-06-24,40.72,39.15,1,-4.4,,5-10天,38.9,,,1,持仓中,N/A,,,,,,,,40.830589294433594,0.27,43.14700698852539,5.96,,,10D
2026-06-25,GGB,GGB,Core_Dragon,2026-06-04,4.62,4.14,21,-12.84,,15-30天,N/A,,,2,持仓中,84.2,,,,,,,,4.611570358276367,-0.21,4.126662731170654,-10.71,4.186039447784424,-9.42,20D
2026-06-25,HOOD,Robinhood Markets,Core_Dragon,2026-06-17,98.12,93.47,8,-4.74,,15-30天,93.21,,,3,持仓中,N/A,,,,,,,,,,,,,,OPEN
2026-06-25,HPE,Hewlett Packard Enterprise,Core_Dragon,2026-06-17,49.38,46.72,8,-4.42,,15-30天,46.44,,,1,持仓中,N/A,,,,,,,,46.60213088989258,-5.62,41.125980377197266,-16.71,45.70439910888672,-7.43,20D
2026-06-25,MSTR,MicroStrategy,Core_Dragon,2026-06-19,116.56,85.33,6,-26.79,,10-20天,110.73,,,2,持仓中,N/A,,,,,,,,82.30999755859375,-29.38,100.7699966430664,-13.55,97.81999969482422,-16.08,20D
2026-06-25,MU,MU,Core_Dragon,2026-06-08,938.13,1213.56,17,40.46,,15-30天,969.72,,,8,持仓中,58.3,,,,,,,,1087.8226318359375,15.96,1051.6082763671875,12.1,948.7999877929688,1.14,20D
2026-06-25,ORCL,Oracle Corporation,Core_Dragon,2026-06-23,169.64,152.46,2,-12.91,,15-30天,$15.80,,,1,持仓中,N/A,,,,,,,,146.04193115234375,-13.91,140.00294494628906,-17.47,125.83999633789062,-25.82,20D
2026-06-25,PFE,Pfizer,Core_Dragon,2026-06-19,25.92,23.67,6,-8.68,,10-20天,24.62,,,4,持仓中,92.0,,,,,,,,,,,,,,OPEN
2026-06-25,PLTR,Palantir Technologies,Core_Dragon,2026-06-22,128.47,107.27,3,-16.5,,5-15天,122.05,,,1,持仓中,92.0,,,,,,,,,,,,,,OPEN
2026-06-25,QCOM,Qualcomm,Core_Dragon,2026-06-17,217.85,204.90,8,-4.28,,15-30天,203.37,,,1,持仓中,N/A,,,,,,,,203.79086303710938,-6.46,175.2959442138672,-19.54,170.8501434326172,-21.58,20D
2026-06-25,SATS,EchoStar,Core_Dragon,2026-06-12,128.13,100.28,13,-21.74,,15-30天,$15.80,,,2,持仓中,N/A,,,,,,,,,,,,,,OPEN
2026-06-25,XLE,XLE,Core_Dragon,2026-06-04,57.74,54.09,21,-7.87,,20-40天,N/A,,,2,持仓中,83.9,,,,,,,,56.37591552734375,-2.36,53.06955337524414,-8.09,52.81605911254883,-8.52,20D
2026-06-25,SCHD,SCHD,Core_Dragon,2026-06-05,32.59,31.96,20,-1.93,-1.93,10-20天,$31.50,,,1,已超期归档,83.7,,,,,,,,,,,,,,FINAL
2026-06-25,SLB,Schlumberger,Core_Dragon,2026-06-10,56.28,48.09,15,-14.55,-14.55,5-10天,44.28,,,3,已超期归档,N/A,,,,,,,,,,,,,,FINAL
2026-06-26,ACN,Accenture,Core_Dragon,2026-06-22,127.98,128.98,4,0.78,,5-15天,121.58,,,2,持仓中,92.0,,,,,,,,,,,,,,OPEN
2026-06-26,AMD,Advanced Micro Devices,Core_Dragon,2026-06-26,519.80,521.58,0,-2.06,,10-20天,$505,,,1,持仓中,N/A,,,,,,,,552.0499877929688,6.2,534.3900146484375,2.81,,,10D
2026-06-26,BSX,Boston Scientific,Core_Dragon,2026-06-25,44.21,44.23,1,-0.52,,5-10天,42.00,,,1,持仓中,N/A,,,,,,,,45.13999938964844,2.1,44.77000045776367,1.27,,,10D
2026-06-26,CTSH,Cognizant,Core_Dragon,2026-06-24,40.72,40.03,2,-2.25,,5-10天,38.9,,,1,持仓中,N/A,,,,,,,,40.830589294433594,0.27,43.14700698852539,5.96,,,10D
2026-06-26,GGB,GGB,Core_Dragon,2026-06-04,4.62,4.15,22,-12.63,,15-30天,N/A,,,2,持仓中,84.2,,,,,,,,4.611570358276367,-0.21,4.126662731170654,-10.71,4.186039447784424,-9.42,20D
2026-06-26,HOOD,Robinhood Markets,Core_Dragon,2026-06-17,98.12,98.69,9,0.58,,15-30天,93.21,,,3,持仓中,N/A,,,,,,,,,,,,,,OPEN
2026-06-26,HPE,Hewlett Packard Enterprise,Core_Dragon,2026-06-17,49.38,43.71,9,-10.58,,15-30天,46.44,,,1,持仓中,N/A,,,,,,,,46.60213088989258,-5.62,41.125980377197266,-16.71,45.70439910888672,-7.43,20D
2026-06-26,MSTR,MicroStrategy,Core_Dragon,2026-06-19,116.56,82.31,7,-29.38,,10-20天,110.73,,,2,持仓中,N/A,,,,,,,,82.30999755859375,-29.38,100.7699966430664,-13.55,97.81999969482422,-16.08,20D
2026-06-26,ORCL,Oracle Corporation,Core_Dragon,2026-06-23,169.64,148.53,3,-15.16,,15-30天,$15.80,,,2,持仓中,N/A,,,,,,,,146.04193115234375,-13.91,140.00294494628906,-17.47,125.83999633789062,-25.82,20D
2026-06-26,PFE,Pfizer,Core_Dragon,2026-06-19,25.92,24.29,7,-6.29,,10-20天,24.62,,,4,持仓中,92.0,,,,,,,,,,,,,,OPEN
2026-06-26,PLTR,Palantir Technologies,Core_Dragon,2026-06-22,128.47,112.93,4,-12.1,,5-15天,122.05,,,1,持仓中,92.0,,,,,,,,,,,,,,OPEN
2026-06-26,QCOM,Qualcomm,Core_Dragon,2026-06-17,217.85,189.39,9,-11.53,,15-30天,203.37,,,1,持仓中,N/A,,,,,,,,203.79086303710938,-6.46,175.2959442138672,-19.54,170.8501434326172,-21.58,20D
2026-06-26,SATS,EchoStar,Core_Dragon,2026-06-12,128.13,97.13,14,-24.19,,15-30天,$15.80,,,2,持仓中,N/A,,,,,,,,,,,,,,OPEN
2026-06-26,XLE,XLE,Core_Dragon,2026-06-04,57.74,53.84,22,-8.3,,20-40天,N/A,,,2,持仓中,83.9,,,,,,,,56.37591552734375,-2.36,53.06955337524414,-8.09,52.81605911254883,-8.52,20D
2026-07-21,AAPL,Apple,Observation,2026-06-23,297.01,327.74,28,10.35,,待定(N/A),N/A,,,1,持仓中,N/A,,,,,,,,,,,,,,OPEN
2026-07-21,CSCO,Cisco,Observation,2026-06-23,118.10,112.18,28,-7.69,,待定(N/A),N/A,,,1,持仓中,N/A,,,,,,,,117.02222442626953,-0.91,113.81999969482422,-3.62,112.20999908447266,-4.99,20D
2026-07-21,INTC,Intel,Core_Dragon,2026-06-23,140.94,105.45,28,-25.18,,15-30天,$15.80,,,1,持仓中,N/A,,,,,,,,,,,,,,OPEN
2026-07-21,LRCX,Lam Research,Observation,2026-06-26,401.82,322.00,25,-19.86,,待定(N/A),N/A,,,1,持仓中,N/A,,,,,,,,,,,,,,OPEN
2026-07-21,MU,Micron Technology,Observation,2026-06-22,1196.04,970.82,29,-14.39,,待定(N/A),999.18,,,4,持仓中,N/A,,,,,,,,1145.1038818359375,-4.26,938.3800048828125,-21.54,970.8200073242188,-18.83,20D
2026-07-21,ORCL,Oracle Corporation,Core_Dragon,2026-06-23,169.64,127.05,28,-27.43,,15-30天,$15.80,,,2,持仓中,N/A,,,,,,,,146.04193115234375,-13.91,140.00294494628906,-17.47,125.83999633789062,-25.82,20D
2026-07-21,PCG,PG&E Corporation,Core_Dragon,2026-06-23,16.62,17.49,28,5.17,,15-30天,$15.80,,,1,持仓中,N/A,,,,,,,,16.81999969482422,1.19,17.049999237060547,2.58,18.110000610351562,8.95,20D
2026-07-21,SATS,EchoStar,Core_Dragon,2026-06-23,106.40,92.03,28,-13.51,,15-30天,$15.80,,,1,持仓中,N/A,,,,,,,,,,,,,,OPEN
2026-07-21,UBER,Uber,Core_Dragon,2026-06-23,71.43,71.55,28,0.17,,15-30天,$15.80,,,1,持仓中,N/A,,,,,,,,,,,,,,OPEN
2026-07-21,ACN,Accenture,Core_Dragon,2026-06-22,127.98,140.45,29,9.74,9.74,5-15天,121.58,,,2,已超期归档,92.0,,,,,,,,,,,,,,FINAL
2026-07-21,AMD,Advanced Micro Devices,Core_Dragon,2026-06-26,519.80,500.94,25,-5.94,-5.94,10-20天,$505,,,1,已超期归档,N/A,,,,,,,,552.0499877929688,6.2,534.3900146484375,2.81,,,FINAL
2026-07-21,AVGO,Broadcom,Core_Dragon,2026-06-22,411.35,370.78,29,-9.86,-9.86,5-15天,$395,,,1,已超期归档,92.0,,,,,,,,,,,,,,FINAL
2026-07-21,BSX,Boston Scientific,Core_Dragon,2026-06-25,44.21,45.14,26,1.53,1.53,5-10天,42.00,,,1,已超期归档,N/A,,,,,,,,45.13999938964844,2.1,44.77000045776367,1.27,,,FINAL
2026-07-21,CTSH,Cognizant,Core_Dragon,2026-06-24,40.72,41.99,27,2.54,2.54,5-10天,38.9,,,1,已超期归档,N/A,,,,,,,,40.830589294433594,0.27,43.14700698852539,5.96,,,FINAL
2026-07-21,HAL,Halliburton,Core_Dragon,2026-06-25,33.90,32.96,26,-2.77,-2.77,5-10天,32.21,,,1,已超期归档,N/A,,,,,,,,,,,,,,FINAL
2026-07-21,MSTR,MicroStrategy,Core_Dragon,2026-06-24,102.48,100.77,27,-2.96,-2.96,5-10天,98.65,,,1,已超期归档,N/A,,,,,,,,93.38999938964844,-8.87,93.88999938964844,-8.38,,,FINAL
2026-07-21,PFE,Pfizer,Core_Dragon,2026-06-22,25.21,24.07,29,-4.52,-4.52,5-15天,23.95,,,3,已超期归档,92.0,,,,,,,,,,,,,,FINAL
2026-07-21,PLTR,Palantir Technologies,Core_Dragon,2026-06-22,128.47,134.37,29,4.59,4.59,5-15天,122.05,,,1,已超期归档,92.0,,,,,,,,,,,,,,FINAL
2026-07-21,SLB,Schlumberger,Core_Dragon,2026-06-25,46.61,45.13,26,-3.18,-3.18,5-10天,44.28,,,1,已超期归档,N/A,,,,,,,,,,,,,,FINAL
2026-07-22,AAPL,Apple,Observation,2026-06-23,297.01,325.89,29,9.72,,待定(N/A),N/A,,,1,持仓中,N/A,,,,,,,,,,,,,,OPEN
2026-07-22,CSCO,Cisco,Observation,2026-06-23,118.10,112.21,29,-7.67,,待定(N/A),N/A,,,1,持仓中,N/A,,,,,,,,117.02222442626953,-0.91,113.81999969482422,-3.62,112.20999908447266,-4.99,20D
2026-07-22,INTC,Intel,Core_Dragon,2026-06-23,140.94,102.62,29,-27.19,,15-30天,$15.80,,,1,持仓中,N/A,,,,,,,,,,,,,,OPEN
2026-07-22,LRCX,Lam Research,Observation,2026-06-26,401.82,319.29,26,-20.54,,待定(N/A),N/A,,,1,持仓中,N/A,,,,,,,,,,,,,,OPEN
2026-07-22,ORCL,Oracle Corporation,Core_Dragon,2026-06-23,169.64,125.84,29,-28.12,,15-30天,$15.80,,,2,持仓中,N/A,,,,,,,,146.04193115234375,-13.91,140.00294494628906,-17.47,125.83999633789062,-25.82,20D
2026-07-22,PCG,PG&E Corporation,Core_Dragon,2026-06-23,16.62,18.11,29,8.9,,15-30天,$15.80,,,1,持仓中,N/A,,,,,,,,16.81999969482422,1.19,17.049999237060547,2.58,18.110000610351562,8.95,20D
2026-07-22,PFE,Pfizer,Core_Dragon,2026-06-23,25.08,24.82,29,-1.04,,15-30天,$15.80,,,2,持仓中,N/A,,,,,,,,,,,,,,OPEN
2026-07-22,SATS,EchoStar,Core_Dragon,2026-06-23,106.40,92.03,29,-13.51,,15-30天,$15.80,,,1,持仓中,N/A,,,,,,,,,,,,,,OPEN
2026-07-22,UBER,Uber,Core_Dragon,2026-06-23,71.43,70.33,29,-1.54,,15-30天,$15.80,,,1,持仓中,N/A,,,,,,,,,,,,,,OPEN
2026-07-22,ACN,Accenture,Core_Dragon,2026-06-24,127.01,135.72,28,6.86,6.86,5-10天,120.66,,,1,已超期归档,N/A,,,,,,,,,,,,,,FINAL
2026-07-22,MU,Micron Technology,Observation,2026-06-24,1082.05,975.41,28,-7.26,-7.26,5-10天,999.18,,,3,已超期归档,N/A,,,,,,,,1032.121337890625,-4.61,991.6400146484375,-8.36,,,FINAL
2026-07-23,LRCX,Lam Research,Observation,2026-06-26,401.82,319.78,27,-20.42,,待定(N/A),N/A,,,1,持仓中,N/A,,,,,,,,,,,,,,OPEN
2026-07-23,ORCL,Oracle Corporation,Core_Dragon,2026-06-26,149.74,124.21,27,-18.53,-18.53,10-20天,142.25,,,1,已超期归档,N/A,,,,,,,,143.2615966796875,-4.33,131.5399932861328,-12.15,,,FINAL
2026-07-23,PFE,Pfizer,Core_Dragon,2026-06-25,24.04,24.32,28,1.16,1.16,5-10天,22.84,,,1,已超期归档,N/A,,,,,,,,,,,,,,FINAL
2026-07-24,LRCX,Lam Research,Observation,2026-06-26,401.82,305.21,28,-24.04,,待定(N/A),N/A,,,1,持仓中,N/A,,,,,,,,,,,,,,OPEN
2026-07-24,MU,Micron Technology,Observation,2026-06-25,1232.81,975.41,29,-6.97,-6.97,5-10天,$980,,,2,已超期归档,N/A,,,,,,,,975.4099731445312,-20.88,979.2999877929688,-20.56,920.9500122070312,-25.3,FINAL
2026-07-30,FCX,Freeport-McMoRan,Core_Dragon,2026-07-30,61.75,63.44,0,4.34,,7-14天,$56.50,,,1,持仓中,71.0,,,,,,,,68.18000030517578,10.41,66.83000183105469,8.23,,,10D
2026-07-30,GEHC,GE HealthCare,Core_Dragon,2026-07-30,71.37,69.94,0,0.89,,14-21天,$64.00,,,1,持仓中,88.0,,,,,,,,70.30999755859375,-1.49,73.79000091552734,3.39,,,10D
2026-07-30,KVUE,Kenvue,Core_Dragon,2026-07-30,19.06,19.31,0,-1.38,,21-28天,$18.50,,,1,持仓中,83.0,,,,,,,,18.744905471801758,-1.64,18.97361183166504,-0.44,18.97361183166504,-0.44,20D
2026-07-30,MDLZ,Mondelez International,Core_Dragon,2026-07-30,63.86,63.08,0,-1.11,,14-21天,$61.50,,,1,持仓中,82.0,,,,,,,,62.75,-1.74,63.529998779296875,-0.52,,,10D
2026-07-31,FCX,Freeport-McMoRan,Core_Dragon,2026-07-30,61.75,62.63,1,3.01,,7-14天,$56.50,,,1,持仓中,71.0,,,,,,,,68.18000030517578,10.41,66.83000183105469,8.23,,,10D
2026-07-31,GEHC,GE HealthCare,Core_Dragon,2026-07-30,71.37,68.02,1,-1.88,,14-21天,$64.00,,,1,持仓中,88.0,,,,,,,,70.30999755859375,-1.49,73.79000091552734,3.39,,,10D
2026-07-31,INTC,Intel,Core_Dragon,2026-07-31,86.51,90.20,0,4.27,,14-21天,$86.5,,,1,持仓中,72.0,,,,,,,,,,,,,,OPEN
2026-07-31,KVUE,Kenvue,Core_Dragon,2026-07-30,19.06,19.24,1,-1.74,,21-28天,$18.50,,,1,持仓中,83.0,,,,,,,,18.744905471801758,-1.64,18.97361183166504,-0.44,18.97361183166504,-0.44,20D
2026-07-31,LRCX,Lam Research,Core_Dragon,2026-07-31,318.29,293.02,0,-7.94,,7-14天,$283,,,1,持仓中,74.0,,,,,,,,,,,,,,OPEN
2026-07-31,MDLZ,Mondelez International,Core_Dragon,2026-07-30,63.86,62.31,1,-2.32,,14-21天,$61.50,,,1,持仓中,82.0,,,,,,,,62.75,-1.74,63.529998779296875,-0.52,,,10D
2026-08-03,BMY,Bristol Myers Squibb,Core_Dragon,2026-08-03,66.12,65.47,0,0.72,,14-21天,$60.5,,,1,持仓中,78.0,,,,,,,,64.83999633789062,-1.94,64.62999725341797,-2.25,,,10D
2026-08-03,CMCSA,Comcast,Core_Dragon,2026-08-03,24.43,24.56,0,4.78,,14-21天,$22.1,,,1,持仓中,72.0,,,,,,,,25.200000762939453,3.15,25.56999969482422,4.67,,,10D
2026-08-03,FCX,Freeport-McMoRan,Core_Dragon,2026-07-30,61.75,63.64,4,4.67,,7-14天,$56.50,,,1,持仓中,71.0,,,,,,,,68.18000030517578,10.41,66.83000183105469,8.23,,,10D
2026-08-03,GEHC,GE HealthCare,Core_Dragon,2026-07-30,71.37,69.73,4,0.59,,14-21天,$64.00,,,1,持仓中,88.0,,,,,,,,70.30999755859375,-1.49,73.79000091552734,3.39,,,10D
2026-08-03,GOOG,Alphabet Inc. (Class C),Core_Dragon,2026-08-03,340.07,372.47,0,9.53,,14-21天,$340,,,1,持仓中,75.0,,,,,,,,,,,,,,OPEN
2026-08-03,INTC,Intel,Core_Dragon,2026-07-31,86.51,91.00,3,5.19,,14-21天,$86.5,,,1,持仓中,72.0,,,,,,,,,,,,,,OPEN
2026-08-03,KVUE,Kenvue,Core_Dragon,2026-07-30,19.06,19.01,4,-2.91,,21-28天,$18.50,,,1,持仓中,83.0,,,,,,,,18.744905471801758,-1.64,18.97361183166504,-0.44,18.97361183166504,-0.44,20D
2026-08-03,LRCX,Lam Research,Core_Dragon,2026-07-31,318.29,294.61,3,-7.44,,7-14天,$283,,,1,持仓中,74.0,,,,,,,,,,,,,,OPEN
2026-08-03,MDLZ,Mondelez International,Core_Dragon,2026-07-30,63.86,61.73,4,-3.23,,14-21天,$61.50,,,1,持仓中,82.0,,,,,,,,62.75,-1.74,63.529998779296875,-0.52,,,10D
2026-08-03,VTRS,Viatris,Core_Dragon,2026-08-03,17.65,17.63,0,-0.11,,14-21天,$16.2,,,1,持仓中,71.0,,,,,,,,,,,,,,OPEN
2026-08-03,WFC,Wells Fargo,Core_Dragon,2026-08-03,87.06,87.89,0,2.2,,14-21天,$79.5,,,1,持仓中,70.0,,,,,,,,87.5199966430664,0.53,87.54000091552734,0.55,,,10D
2026-08-04,BMY,Bristol Myers Squibb,Core_Dragon,2026-08-03,66.12,65.89,1,1.37,,14-21天,$60.5,,,1,持仓中,78.0,,,,,,,,64.83999633789062,-1.94,64.62999725341797,-2.25,,,10D
2026-08-04,CMCSA,Comcast,Core_Dragon,2026-08-03,24.43,24.93,1,6.36,,14-21天,$22.1,,,1,持仓中,72.0,,,,,,,,25.200000762939453,3.15,25.56999969482422,4.67,,,10D
2026-08-04,FCX,Freeport-McMoRan,Core_Dragon,2026-07-30,61.75,67.30,5,10.69,,7-14天,$56.50,,,1,持仓中,71.0,,,,,,,,68.18000030517578,10.41,66.83000183105469,8.23,,,10D
2026-08-04,FISV,Fiserv,Core_Dragon,2026-08-04,53.30,55.78,0,4.76,,14-21天,$47.80,,,1,持仓中,78.0,,,,,,,,52.720001220703125,-1.09,51.720001220703125,-2.96,,,10D
2026-08-04,GEHC,GE HealthCare,Core_Dragon,2026-07-30,71.37,70.26,5,1.36,,14-21天,$64.00,,,1,持仓中,88.0,,,,,,,,70.30999755859375,-1.49,73.79000091552734,3.39,,,10D
2026-08-04,GOOG,Alphabet Inc. (Class C),Core_Dragon,2026-08-03,340.07,375.35,1,10.37,,14-21天,$340,,,1,持仓中,75.0,,,,,,,,,,,,,,OPEN
2026-08-04,HPE,Hewlett Packard Enterprise,Core_Dragon,2026-08-04,52.48,52.39,0,-0.42,,14-21天,$44.21,,,1,持仓中,76.0,,,,,,,,54.242801666259766,3.36,55.549495697021484,5.85,,,10D
2026-08-04,INTC,Intel,Core_Dragon,2026-07-31,86.51,100.86,4,16.59,,14-21天,$86.5,,,1,持仓中,72.0,,,,,,,,,,,,,,OPEN
2026-08-04,KVUE,Kenvue,Core_Dragon,2026-07-30,19.06,19.55,5,-0.15,,21-28天,$18.50,,,1,持仓中,83.0,,,,,,,,18.744905471801758,-1.64,18.97361183166504,-0.44,18.97361183166504,-0.44,20D
2026-08-04,LRCX,Lam Research,Core_Dragon,2026-07-31,318.29,317.74,4,-0.17,,7-14天,$283,,,1,持仓中,74.0,,,,,,,,,,,,,,OPEN
2026-08-04,MDLZ,Mondelez International,Core_Dragon,2026-07-30,63.86,62.08,5,-2.68,,14-21天,$61.50,,,1,持仓中,82.0,,,,,,,,62.75,-1.74,63.529998779296875,-0.52,,,10D
2026-08-04,NCLH,Norwegian Cruise Line Holdings,Core_Dragon,2026-08-04,19.00,20.07,0,-0.55,,14天,$17.39,,,1,持仓中,71.0,,,,,,,,,,,,,,OPEN
2026-08-04,ON,ON Semiconductor,Core_Dragon,2026-08-04,84.39,80.78,0,-4.28,,14天,$70.75,,,1,持仓中,73.0,,,,,,,,81.11000061035156,-3.89,79.41999816894531,-5.89,,,10D
2026-08-04,VTRS,Viatris,Core_Dragon,2026-08-03,17.65,17.70,1,0.28,,14-21天,$16.2,,,1,持仓中,71.0,,,,,,,,,,,,,,OPEN
2026-08-04,WFC,Wells Fargo,Core_Dragon,2026-08-03,87.06,88.39,1,2.78,,14-21天,$79.5,,,1,持仓中,70.0,,,,,,,,87.5199966430664,0.53,87.54000091552734,0.55,,,10D
2026-08-07,BKNG,Booking Holdings,Core_Dragon,2026-08-05,207.24,207.39,2,-0.17,,7-14天,$184,,,1,持仓中,74.0,,,,,,,,211.7486114501953,2.18,212.48683166503906,2.53,,,10D
2026-08-07,BMY,Bristol Myers Squibb,Core_Dragon,2026-08-03,66.12,64.15,4,-1.31,,14-21天,$60.5,,,1,持仓中,78.0,,,,,,,,64.83999633789062,-1.94,64.62999725341797,-2.25,,,10D
2026-08-07,CMCSA,Comcast,Core_Dragon,2026-08-03,24.43,25.17,4,7.38,,14-21天,$22.1,,,1,持仓中,72.0,,,,,,,,25.200000762939453,3.15,25.56999969482422,4.67,,,10D
2026-08-07,CVS,CVS Health,Core_Dragon,2026-08-05,93.72,96.22,2,-8.36,,14-21天,$84.4,,,1,持仓中,72.0,,,,,,,,94.72000122070312,1.07,93.6500015258789,-0.07,,,10D
2026-08-07,DIS,Disney,Core_Dragon,2026-08-05,101.99,104.68,2,6.96,,14-21天,$88.4,,,1,持仓中,71.0,,,,,,,,103.22000122070312,1.21,106.93000030517578,4.84,,,10D
2026-08-07,FCX,Freeport-McMoRan,Core_Dragon,2026-07-30,61.75,68.18,8,12.14,,7-14天,$56.50,,,1,持仓中,71.0,,,,,,,,68.18000030517578,10.41,66.83000183105469,8.23,,,10D
2026-08-07,FISV,Fiserv,Core_Dragon,2026-08-04,53.30,54.11,3,-1.37,,14-21天,$47.80,,,1,持仓中,78.0,,,,,,,,52.720001220703125,-1.09,51.720001220703125,-2.96,,,10D
2026-08-07,GEHC,GE HealthCare,Core_Dragon,2026-07-30,71.37,70.31,8,1.43,,14-21天,$64.00,,,1,持仓中,88.0,,,,,,,,70.30999755859375,-1.49,73.79000091552734,3.39,,,10D
2026-08-07,GILD,Gilead Sciences,Core_Dragon,2026-08-05,135.24,130.86,2,-3.78,,14-21天,$120.5,,,1,持仓中,70.0,,,,,,,,135.10902404785156,-0.1,146.77334594726562,8.53,,,10D
2026-08-07,GOOG,Alphabet Inc. (Class C),Core_Dragon,2026-08-03,340.07,356.62,4,4.87,,14-21天,$340,,,1,持仓中,75.0,,,,,,,,,,,,,,OPEN
2026-08-07,HPE,Hewlett Packard Enterprise,Core_Dragon,2026-08-04,52.48,52.43,3,10.36,,14-21天,$44.21,,,1,持仓中,76.0,,,,,,,,54.242801666259766,3.36,55.549495697021484,5.85,,,10D
2026-08-07,INTC,Intel,Core_Dragon,2026-07-31,86.51,99.81,7,15.37,,14-21天,$86.5,,,1,持仓中,72.0,,,,,,,,,,,,,,OPEN
2026-08-07,KVUE,Kenvue,Core_Dragon,2026-07-30,19.06,19.18,8,-2.04,,21-28天,$18.50,,,1,持仓中,83.0,,,,,,,,18.744905471801758,-1.64,18.97361183166504,-0.44,18.97361183166504,-0.44,20D
2026-08-07,LLY,Lilly (Eli),Core_Dragon,2026-08-05,1172.32,1191.94,2,6.67,,14-21天,$1045,,,1,持仓中,78.0,,,,,,,,1218.533935546875,3.94,1280.3399658203125,9.21,,,10D
2026-08-07,LRCX,Lam Research,Core_Dragon,2026-07-31,318.29,305.77,7,-3.93,,7-14天,$283,,,1,持仓中,74.0,,,,,,,,,,,,,,OPEN
2026-08-07,MDLZ,Mondelez International,Core_Dragon,2026-07-30,63.86,62.75,8,-1.63,,14-21天,$61.50,,,1,持仓中,82.0,,,,,,,,62.75,-1.74,63.529998779296875,-0.52,,,10D
2026-08-07,NCLH,Norwegian Cruise Line Holdings,Core_Dragon,2026-08-04,19.00,19.37,3,1.95,,14天,$17.39,,,1,持仓中,71.0,,,,,,,,,,,,,,OPEN
2026-08-07,ON,ON Semiconductor,Core_Dragon,2026-08-04,84.39,78.33,3,-1.9,,14天,$70.75,,,1,持仓中,73.0,,,,,,,,81.11000061035156,-3.89,79.41999816894531,-5.89,,,10D
2026-08-07,VTRS,Viatris,Core_Dragon,2026-08-03,17.65,16.29,4,-7.71,,14-21天,$16.2,,,1,持仓中,71.0,,,,,,,,,,,,,,OPEN
2026-08-07,WFC,Wells Fargo,Core_Dragon,2026-08-03,87.06,87.59,4,1.85,,14-21天,$79.5,,,1,持仓中,70.0,,,,,,,,87.5199966430664,0.53,87.54000091552734,0.55,,,10D
2026-08-07,BKNG,Booking Holdings,Core_Dragon,2026-08-05,207.24,214.42,2,3.22,,7-14天,$184,,,1,持仓中,74,,,,,,,,211.7486114501953,2.18,212.48683166503906,2.53,,,10D
2026-08-07,BMY,Bristol Myers Squibb,Core_Dragon,2026-08-03,66.12,64.72,4,-0.43,,14-21天,$60.5,,,1,持仓中,78,,,,,,,,64.83999633789062,-1.94,64.62999725341797,-2.25,,,10D
2026-08-07,CMCSA,Comcast,Core_Dragon,2026-08-03,24.43,25.36,4,8.19,,14-21天,$22.1,,,1,持仓中,72,,,,,,,,25.200000762939453,3.15,25.56999969482422,4.67,,,10D
2026-08-07,CVS,CVS Health,Core_Dragon,2026-08-05,93.72,95.70,2,-8.86,,14-21天,$84.4,,,1,持仓中,72,,,,,,,,94.72000122070312,1.07,93.6500015258789,-0.07,,,10D
2026-08-07,DIS,Disney,Core_Dragon,2026-08-05,101.99,104.91,2,7.19,,14-21天,$88.4,,,1,持仓中,71,,,,,,,,103.22000122070312,1.21,106.93000030517578,4.84,,,10D
2026-08-07,FCX,Freeport-McMoRan,Core_Dragon,2026-07-30,61.75,69.62,8,14.51,,7-14天,$56.50,,,1,持仓中,71,,,,,,,,68.18000030517578,10.41,66.83000183105469,8.23,,,10D
2026-08-07,FISV,Fiserv,Core_Dragon,2026-08-04,53.30,52.41,3,-4.47,,14-21天,$47.80,,,1,持仓中,78,,,,,,,,52.720001220703125,-1.09,51.720001220703125,-2.96,,,10D
2026-08-07,GEHC,GE HealthCare,Core_Dragon,2026-07-30,71.37,71.77,8,3.53,,14-21天,$64.00,,,1,持仓中,88,,,,,,,,70.30999755859375,-1.49,73.79000091552734,3.39,,,10D
2026-08-07,GILD,Gilead Sciences,Core_Dragon,2026-08-05,135.24,133.21,2,-2.05,,14-21天,$120.5,,,1,持仓中,70,,,,,,,,135.10902404785156,-0.1,146.77334594726562,8.53,,,10D
2026-08-07,GOOG,Alphabet Inc. (Class C),Core_Dragon,2026-08-03,340.07,353.47,4,3.94,,14-21天,$340,,,1,持仓中,75,,,,,,,,,,,,,,OPEN
2026-08-07,HAL,Halliburton,Core_Dragon,2026-08-07,31.89,31.89,0,-0.93,,14天,$28.6,,,1,持仓中,科技,,,,,,,,,,,,,,OPEN
2026-08-07,HPE,Hewlett Packard Enterprise,Core_Dragon,2026-08-04,52.48,53.22,3,12.02,,14-21天,$44.21,,,1,持仓中,76,,,,,,,,54.242801666259766,3.36,55.549495697021484,5.85,,,10D
2026-08-07,INTC,Intel,Core_Dragon,2026-07-31,86.51,101.65,7,17.5,,14-21天,$86.5,,,1,持仓中,72,,,,,,,,,,,,,,OPEN
2026-08-07,KVUE,Kenvue,Core_Dragon,2026-07-30,19.06,19.23,8,-1.79,,21-28天,$18.50,,,1,持仓中,83,,,,,,,,18.744905471801758,-1.64,18.97361183166504,-0.44,18.97361183166504,-0.44,20D
2026-08-07,LLY,Lilly (Eli),Core_Dragon,2026-08-05,1172.32,1185.71,2,6.12,,14-21天,$1045,,,1,持仓中,78,,,,,,,,1218.533935546875,3.94,1280.3399658203125,9.21,,,10D
2026-08-07,LRCX,Lam Research,Core_Dragon,2026-07-31,318.29,311.35,7,-2.18,,7-14天,$283,,,1,持仓中,74,,,,,,,,,,,,,,OPEN
2026-08-07,MDLZ,Mondelez International,Core_Dragon,2026-07-30,63.86,62.61,8,-1.85,,14-21天,$61.50,,,1,持仓中,82,,,,,,,,62.75,-1.74,63.529998779296875,-0.52,,,10D
2026-08-07,MU,Micron Technology,Core_Dragon,2026-08-07,903.60,877.57,0,-2.99,,14-21天,$776,,,1,持仓中,科技,,,,,,,,971.6599731445312,7.53,966.780029296875,6.99,,,10D
2026-08-07,NCLH,Norwegian Cruise Line Holdings,Core_Dragon,2026-08-04,19.00,19.25,3,1.32,,14天,$17.39,,,1,持仓中,71,,,,,,,,,,,,,,OPEN
2026-08-07,ON,ON Semiconductor,Core_Dragon,2026-08-04,84.39,81.17,3,1.65,,14天,$70.75,,,1,持仓中,73,,,,,,,,81.11000061035156,-3.89,79.41999816894531,-5.89,,,10D
2026-08-07,OXY,Occidental Petroleum,Core_Dragon,2026-08-07,55.91,55.91,0,0.29,,14-21天,$49.3,,,1,持仓中,科技,,,,,,,,,,,,,,OPEN
2026-08-07,T,AT&T,Core_Dragon,2026-08-07,23.79,23.79,0,1.23,,21-28天,$21.3,,,1,持仓中,科技,,,,,,,,,,,,,,OPEN
2026-08-07,VTRS,Viatris,Core_Dragon,2026-08-03,17.65,16.43,4,-6.91,,14-21天,$16.2,,,1,持仓中,71,,,,,,,,,,,,,,OPEN
2026-08-07,WFC,Wells Fargo,Core_Dragon,2026-08-03,87.06,87.25,4,1.45,,14-21天,$79.5,,,1,持仓中,70,,,,,,,,87.5199966430664,0.53,87.54000091552734,0.55,,,10D
2026-08-10,BKNG,Booking Holdings,Core_Dragon,2026-08-05,207.24,212.88,5,2.47,,7-14天,$184,,,1,持仓中,74,,,,,,,,211.7486114501953,2.18,212.48683166503906,2.53,,,10D
2026-08-10,BMY,Bristol Myers Squibb,Core_Dragon,2026-08-03,66.12,64.84,7,-0.25,,14-21天,$60.5,,,1,持仓中,78,,,,,,,,64.83999633789062,-1.94,64.62999725341797,-2.25,,,10D
2026-08-10,CMCSA,Comcast,Core_Dragon,2026-08-03,24.43,25.20,7,7.51,,14-21天,$22.1,,,1,持仓中,72,,,,,,,,25.200000762939453,3.15,25.56999969482422,4.67,,,10D
2026-08-10,CVS,CVS Health,Core_Dragon,2026-08-05,93.72,95.67,5,-8.89,,14-21天,$84.4,,,1,持仓中,72,,,,,,,,94.72000122070312,1.07,93.6500015258789,-0.07,,,10D
2026-08-10,DIS,Disney,Core_Dragon,2026-08-05,101.99,103.18,5,5.43,,14-21天,$88.4,,,1,持仓中,71,,,,,,,,103.22000122070312,1.21,106.93000030517578,4.84,,,10D
2026-08-10,FCX,Freeport-McMoRan,Core_Dragon,2026-07-30,61.75,70.51,11,15.97,,7-14天,$56.50,,,1,持仓中,71,,,,,,,,68.18000030517578,10.41,66.83000183105469,8.23,,,10D
2026-08-10,FISV,Fiserv,Core_Dragon,2026-08-04,53.30,52.22,6,-4.81,,14-21天,$47.80,,,1,持仓中,78,,,,,,,,52.720001220703125,-1.09,51.720001220703125,-2.96,,,10D
2026-08-10,GEHC,GE HealthCare,Core_Dragon,2026-07-30,71.37,72.94,11,5.22,,14-21天,$64.00,,,1,持仓中,88,,,,,,,,70.30999755859375,-1.49,73.79000091552734,3.39,,,10D
2026-08-10,GEN,Gen Digital,Core_Dragon,2026-08-10,29.29,29.29,0,1.7,,10-14天,$27.3,,,1,持仓中,科技,,,,,,,,,,,,,,OPEN
2026-08-10,GILD,Gilead Sciences,Core_Dragon,2026-08-05,135.24,133.06,5,-2.16,,14-21天,$120.5,,,1,持仓中,70,,,,,,,,135.10902404785156,-0.1,146.77334594726562,8.53,,,10D
2026-08-10,GOOG,Alphabet Inc. (Class C),Core_Dragon,2026-08-03,340.07,355.84,7,4.64,,14-21天,$340,,,1,持仓中,75,,,,,,,,,,,,,,OPEN
2026-08-10,HAL,Halliburton,Core_Dragon,2026-08-07,31.89,33.64,3,5.49,,14天,$28.6,,,1,持仓中,科技,,,,,,,,,,,,,,OPEN
2026-08-10,HPE,Hewlett Packard Enterprise,Core_Dragon,2026-08-04,52.48,54.68,6,15.09,,14-21天,$44.21,,,1,持仓中,76,,,,,,,,54.242801666259766,3.36,55.549495697021484,5.85,,,10D
2026-08-10,INTC,Intel,Core_Dragon,2026-07-31,86.51,97.52,10,12.73,,14-21天,$86.5,,,1,持仓中,72,,,,,,,,,,,,,,OPEN
2026-08-10,KVUE,Kenvue,Core_Dragon,2026-07-30,19.06,19.03,11,-2.81,,21-28天,$18.50,,,1,持仓中,83,,,,,,,,18.744905471801758,-1.64,18.97361183166504,-0.44,18.97361183166504,-0.44,20D
2026-08-10,LLY,Lilly (Eli),Core_Dragon,2026-08-05,1172.32,1231.94,5,10.25,,14-21天,$1045,,,1,持仓中,78,,,,,,,,1218.533935546875,3.94,1280.3399658203125,9.21,,,10D
2026-08-10,LRCX,Lam Research,Core_Dragon,2026-07-31,318.29,306.40,10,-3.74,,7-14天,$283,,,1,持仓中,74,,,,,,,,,,,,,,OPEN
2026-08-10,MDLZ,Mondelez International,Core_Dragon,2026-07-30,63.86,61.53,11,-3.54,,14-21天,$61.50,,,1,持仓中,82,,,,,,,,62.75,-1.74,63.529998779296875,-0.52,,,10D
2026-08-10,MU,Micron Technology,Core_Dragon,2026-08-07,903.60,861.00,3,-1.89,,14-21天,$776,,,1,持仓中,科技,,,,,,,,971.6599731445312,7.53,966.780029296875,6.99,,,10D
2026-08-10,NCLH,Norwegian Cruise Line Holdings,Core_Dragon,2026-08-04,19.00,18.55,6,-2.37,,14天,$17.39,,,1,持仓中,71,,,,,,,,,,,,,,OPEN
2026-08-10,NOW,ServiceNow,Core_Dragon,2026-08-10,124.72,127.44,0,2.18,,10-14天,$117,,,1,持仓中,科技,,,,,,,,117.69999694824219,-5.63,128.0500030517578,2.67,,,10D
2026-08-10,ON,ON Semiconductor,Core_Dragon,2026-08-04,84.39,79.78,6,-0.09,,14天,$70.75,,,1,持仓中,73,,,,,,,,81.11000061035156,-3.89,79.41999816894531,-5.89,,,10D
2026-08-10,OXY,Occidental Petroleum,Core_Dragon,2026-08-07,55.91,58.65,3,4.9,,14-21天,$49.3,,,1,持仓中,科技,,,,,,,,,,,,,,OPEN
2026-08-10,PPL,PPL Corporation,Core_Dragon,2026-08-10,34.99,34.99,0,-0.6,,14-21天,$33.6,,,1,持仓中,科技,,,,,,,,,,,,,,OPEN
2026-08-10,T,AT&T,Core_Dragon,2026-08-07,23.79,24.05,3,1.09,,21-28天,$21.3,,,1,持仓中,科技,,,,,,,,,,,,,,OPEN
2026-08-10,UBER,Uber,Core_Dragon,2026-08-10,78.03,78.03,0,3.45,,10-14天,$70.5,,,1,持仓中,科技,,,,,,,,,,,,,,OPEN
2026-08-10,VTRS,Viatris,Core_Dragon,2026-08-03,17.65,16.28,7,-7.76,,14-21天,$16.2,,,1,持仓中,71,,,,,,,,,,,,,,OPEN
2026-08-10,WFC,Wells Fargo,Core_Dragon,2026-08-03,87.06,87.52,7,1.77,,14-21天,$79.5,,,1,持仓中,70,,,,,,,,87.5199966430664,0.53,87.54000091552734,0.55,,,10D
2026-08-10,XOM,ExxonMobil,Core_Dragon,2026-08-10,153.51,159.79,0,3.42,,10-14天,$145,,,1,持仓中,科技,,,,,,,,161.4600067138672,5.18,164.0500030517578,6.87,,,10D
2026-08-11,BKNG,Booking Holdings,Core_Dragon,2026-08-05,207.24,212.87,6,2.47,,7-14天,$184,,,1,持仓中,74,,,,,,,,211.7486114501953,2.18,212.48683166503906,2.53,,,10D
2026-08-11,BMY,Bristol Myers Squibb,Core_Dragon,2026-08-03,66.12,63.61,8,-2.14,,14-21天,$60.5,,,1,持仓中,78,,,,,,,,64.83999633789062,-1.94,64.62999725341797,-2.25,,,10D
2026-08-11,CMCSA,Comcast,Core_Dragon,2026-08-03,24.43,25.65,8,9.43,,14-21天,$22.1,,,1,持仓中,72,,,,,,,,25.200000762939453,3.15,25.56999969482422,4.67,,,10D
2026-08-11,CVS,CVS Health,Core_Dragon,2026-08-05,93.72,93.50,6,-10.95,,14-21天,$84.4,,,1,持仓中,72,,,,,,,,94.72000122070312,1.07,93.6500015258789,-0.07,,,10D
2026-08-11,CVX,Chevron,Core_Dragon,2026-08-11,192.57,196.66,0,1.24,,5-14天,$185,,,1,持仓中,71,,,,,,,,203.9600067138672,5.92,199.88999938964844,3.8,,,10D
2026-08-11,DIS,Disney,Core_Dragon,2026-08-05,101.99,103.53,6,5.78,,14-21天,$88.4,,,1,持仓中,71,,,,,,,,103.22000122070312,1.21,106.93000030517578,4.84,,,10D
2026-08-11,DVN,Devon Energy,Core_Dragon,2026-08-11,44.92,45.40,0,0.42,,5-14天,$43,,,1,持仓中,65,,,,,,,,47.5222282409668,5.8,46.60814666748047,3.76,,,10D
2026-08-11,FCX,Freeport-McMoRan,Core_Dragon,2026-07-30,61.75,68.87,12,13.27,,7-14天,$56.50,,,1,持仓中,71,,,,,,,,68.18000030517578,10.41,66.83000183105469,8.23,,,10D
2026-08-11,FISV,Fiserv,Core_Dragon,2026-08-04,53.30,52.72,7,-3.9,,14-21天,$47.80,,,1,持仓中,78,,,,,,,,52.720001220703125,-1.09,51.720001220703125,-2.96,,,10D
2026-08-11,GEHC,GE HealthCare,Core_Dragon,2026-07-30,71.37,72.75,12,4.95,,14-21天,$64.00,,,1,持仓中,88,,,,,,,,70.30999755859375,-1.49,73.79000091552734,3.39,,,10D
2026-08-11,GEN,Gen Digital,Core_Dragon,2026-08-10,29.29,29.01,1,-0.96,,10-14天,$27.3,,,1,持仓中,科技,,,,,,,,,,,,,,OPEN
2026-08-11,GILD,Gilead Sciences,Core_Dragon,2026-08-05,135.24,135.77,6,-0.17,,14-21天,$120.5,,,1,持仓中,70,,,,,,,,135.10902404785156,-0.1,146.77334594726562,8.53,,,10D
2026-08-11,GOOG,Alphabet Inc. (Class C),Core_Dragon,2026-08-03,340.07,343.00,8,0.86,,14-21天,$340,,,1,持仓中,75,,,,,,,,,,,,,,OPEN
2026-08-11,HAL,Halliburton,Core_Dragon,2026-08-07,31.89,33.80,4,5.99,,14天,$28.6,,,1,持仓中,科技,,,,,,,,,,,,,,OPEN
2026-08-11,HPE,Hewlett Packard Enterprise,Core_Dragon,2026-08-04,52.48,54.38,7,14.46,,14-21天,$44.21,,,1,持仓中,76,,,,,,,,54.242801666259766,3.36,55.549495697021484,5.85,,,10D
2026-08-11,INTC,Intel,Core_Dragon,2026-07-31,86.51,97.71,11,12.95,,14-21天,$86.5,,,1,持仓中,72,,,,,,,,,,,,,,OPEN
2026-08-11,KVUE,Kenvue,Core_Dragon,2026-07-30,19.06,19.05,12,-2.71,,21-28天,$18.50,,,1,持仓中,83,,,,,,,,18.744905471801758,-1.64,18.97361183166504,-0.44,18.97361183166504,-0.44,20D
2026-08-11,LLY,Lilly (Eli),Core_Dragon,2026-08-05,1172.32,1215.02,6,8.74,,14-21天,$1045,,,1,持仓中,78,,,,,,,,1218.533935546875,3.94,1280.3399658203125,9.21,,,10D
2026-08-11,LRCX,Lam Research,Core_Dragon,2026-07-31,318.29,311.41,11,-2.16,,7-14天,$283,,,1,持仓中,74,,,,,,,,,,,,,,OPEN
2026-08-11,MDLZ,Mondelez International,Core_Dragon,2026-07-30,63.86,61.78,12,-3.15,,14-21天,$61.50,,,1,持仓中,82,,,,,,,,62.75,-1.74,63.529998779296875,-0.52,,,10D
2026-08-11,MU,Micron Technology,Core_Dragon,2026-08-07,903.60,868.52,4,-1.03,,14-21天,$776,,,1,持仓中,科技,,,,,,,,971.6599731445312,7.53,966.780029296875,6.99,,,10D
2026-08-11,NCLH,Norwegian Cruise Line Holdings,Core_Dragon,2026-08-04,19.00,18.70,7,-1.58,,14天,$17.39,,,1,持仓中,71,,,,,,,,,,,,,,OPEN
2026-08-11,NOW,ServiceNow,Core_Dragon,2026-08-10,124.72,127.54,1,0.08,,10-14天,$117,,,1,持仓中,科技,,,,,,,,117.69999694824219,-5.63,128.0500030517578,2.67,,,10D
2026-08-11,ON,ON Semiconductor,Core_Dragon,2026-08-04,84.39,81.11,7,1.58,,14天,$70.75,,,1,持仓中,73,,,,,,,,81.11000061035156,-3.89,79.41999816894531,-5.89,,,10D
2026-08-11,OXY,Occidental Petroleum,Core_Dragon,2026-08-07,55.91,59.06,4,5.63,,14-21天,$49.3,,,1,持仓中,科技,,,,,,,,,,,,,,OPEN
2026-08-11,PPL,PPL Corporation,Core_Dragon,2026-08-10,34.99,35.28,1,0.83,,14-21天,$33.6,,,1,持仓中,科技,,,,,,,,,,,,,,OPEN
2026-08-11,T,AT&T,Core_Dragon,2026-08-07,23.79,24.50,4,2.98,,21-28天,$21.3,,,1,持仓中,科技,,,,,,,,,,,,,,OPEN
2026-08-11,TSCO,Tractor Supply,Core_Dragon,2026-08-11,34.43,35.29,0,2.5,,7-14天,$32,,,1,持仓中,68,,,,,,,,,,,,,,OPEN
2026-08-11,UBER,Uber,Core_Dragon,2026-08-10,78.03,78.54,1,0.65,,10-14天,$70.5,,,1,持仓中,科技,,,,,,,,,,,,,,OPEN
2026-08-11,VTRS,Viatris,Core_Dragon,2026-08-03,17.65,16.28,8,-7.76,,14-21天,$16.2,,,1,持仓中,71,,,,,,,,,,,,,,OPEN
2026-08-11,VZ,Verizon,Core_Dragon,2026-08-11,46.90,47.27,0,0.79,,10-21天,$44.5,,,1,持仓中,62,,,,,,,,,,,,,,OPEN
2026-08-11,WFC,Wells Fargo,Core_Dragon,2026-08-03,87.06,87.45,8,1.69,,14-21天,$79.5,,,1,持仓中,70,,,,,,,,87.5199966430664,0.53,87.54000091552734,0.55,,,10D
2026-08-11,XOM,ExxonMobil,Core_Dragon,2026-08-10,153.51,159.80,1,0.01,,10-14天,$145,,,2,持仓中,科技,,,,,,,,161.4600067138672,5.18,164.0500030517578,6.87,,,10D
2026-08-12,BKNG,Booking Holdings,Core_Dragon,2026-08-05,207.24,212.26,7,2.18,,7-14天,$184,,,1,持仓中,74,,,,,,,,211.7486114501953,2.18,212.48683166503906,2.53,,,10D
2026-08-12,BMY,Bristol Myers Squibb,Core_Dragon,2026-08-03,66.12,63.70,9,-2.0,,14-21天,$60.5,,,1,持仓中,78,,,,,,,,64.83999633789062,-1.94,64.62999725341797,-2.25,,,10D
2026-08-12,CMCSA,Comcast,Core_Dragon,2026-08-03,24.43,25.47,9,8.66,,14-21天,$22.1,,,1,持仓中,72,,,,,,,,25.200000762939453,3.15,25.56999969482422,4.67,,,10D
2026-08-12,CVS,CVS Health,Core_Dragon,2026-08-05,93.72,94.72,7,-9.79,,14-21天,$84.4,,,1,持仓中,72,,,,,,,,94.72000122070312,1.07,93.6500015258789,-0.07,,,10D
2026-08-12,CVX,Chevron,Core_Dragon,2026-08-11,192.57,196.60,1,1.21,,5-14天,$185,,,1,持仓中,71,,,,,,,,203.9600067138672,5.92,199.88999938964844,3.8,,,10D
2026-08-12,DIS,Disney,Core_Dragon,2026-08-05,101.99,103.22,7,5.47,,14-21天,$88.4,,,1,持仓中,71,,,,,,,,103.22000122070312,1.21,106.93000030517578,4.84,,,10D
2026-08-12,DVN,Devon Energy,Core_Dragon,2026-08-11,44.92,44.86,1,-0.77,,5-14天,$43,,,1,持仓中,65,,,,,,,,47.5222282409668,5.8,46.60814666748047,3.76,,,10D
2026-08-12,FCX,Freeport-McMoRan,Core_Dragon,2026-07-30,61.75,69.22,13,13.85,,7-14天,$56.50,,,1,持仓中,71,,,,,,,,68.18000030517578,10.41,66.83000183105469,8.23,,,10D
2026-08-12,FISV,Fiserv,Core_Dragon,2026-08-04,53.30,51.56,8,-6.02,,14-21天,$47.80,,,1,持仓中,78,,,,,,,,52.720001220703125,-1.09,51.720001220703125,-2.96,,,10D
2026-08-12,GEHC,GE HealthCare,Core_Dragon,2026-07-30,71.37,72.28,13,4.27,,14-21天,$64.00,,,1,持仓中,88,,,,,,,,70.30999755859375,-1.49,73.79000091552734,3.39,,,10D
2026-08-12,GEN,Gen Digital,Core_Dragon,2026-08-10,29.29,28.64,2,-2.22,,10-14天,$27.3,,,1,持仓中,科技,,,,,,,,,,,,,,OPEN
2026-08-12,GILD,Gilead Sciences,Core_Dragon,2026-08-05,135.24,135.87,7,-0.1,,14-21天,$120.5,,,1,持仓中,70,,,,,,,,135.10902404785156,-0.1,146.77334594726562,8.53,,,10D
2026-08-12,GOOG,Alphabet Inc. (Class C),Core_Dragon,2026-08-03,340.07,342.37,9,0.68,,14-21天,$340,,,1,持仓中,75,,,,,,,,,,,,,,OPEN
2026-08-12,HAL,Halliburton,Core_Dragon,2026-08-07,31.89,33.29,5,4.39,,14天,$28.6,,,1,持仓中,科技,,,,,,,,,,,,,,OPEN
2026-08-12,HBAN,Huntington Bancshares,Core_Dragon,2026-08-12,17.84,17.86,0,0.11,,7-10天,$16.87,,,1,持仓中,64,,,,,,,,,,,,,,OPEN
2026-08-12,HPE,Hewlett Packard Enterprise,Core_Dragon,2026-08-04,52.48,58.79,8,23.74,,14-21天,$44.21,,,1,持仓中,76,,,,,,,,54.242801666259766,3.36,55.549495697021484,5.85,,,10D
2026-08-12,INTC,Intel,Core_Dragon,2026-07-31,86.51,100.95,12,16.69,,14-21天,$86.5,,,1,持仓中,72,,,,,,,,,,,,,,OPEN
2026-08-12,KO,Coca-Cola,Core_Dragon,2026-08-12,85.27,86.71,0,1.08,,14-21天,$81.34,,,1,持仓中,70,,,,,,,,89.8140640258789,5.33,89.54566955566406,5.01,87.30902099609375,2.39,20D
2026-08-12,KVUE,Kenvue,Core_Dragon,2026-07-30,19.06,18.98,13,-3.06,,21-28天,$18.50,,,1,持仓中,83,,,,,,,,18.744905471801758,-1.64,18.97361183166504,-0.44,18.97361183166504,-0.44,20D
2026-08-12,LLY,Lilly (Eli),Core_Dragon,2026-08-05,1172.32,1220.28,7,9.21,,14-21天,$1045,,,1,持仓中,78,,,,,,,,1218.533935546875,3.94,1280.3399658203125,9.21,,,10D
2026-08-12,LRCX,Lam Research,Core_Dragon,2026-07-31,318.29,326.11,12,2.46,,7-14天,$283,,,1,持仓中,74,,,,,,,,,,,,,,OPEN
2026-08-12,MDLZ,Mondelez International,Core_Dragon,2026-07-30,63.86,62.18,13,-2.52,,14-21天,$61.50,,,1,持仓中,82,,,,,,,,62.75,-1.74,63.529998779296875,-0.52,,,10D
2026-08-12,MDT,Medtronic,Core_Dragon,2026-08-12,88.24,90.76,0,2.02,,10-14天,$83.39,,,1,持仓中,72,,,,,,,,93.3642807006836,5.81,91.27144622802734,3.44,,,10D
2026-08-12,MU,Micron Technology,Core_Dragon,2026-08-07,903.60,911.29,5,3.84,,14-21天,$776,,,1,持仓中,科技,,,,,,,,971.6599731445312,7.53,966.780029296875,6.99,,,10D
2026-08-12,NCLH,Norwegian Cruise Line Holdings,Core_Dragon,2026-08-04,19.00,18.92,8,-0.42,,14天,$17.39,,,1,持仓中,71,,,,,,,,,,,,,,OPEN
2026-08-12,NOW,ServiceNow,Core_Dragon,2026-08-10,124.72,124.94,2,-1.96,,10-14天,$117,,,1,持仓中,科技,,,,,,,,117.69999694824219,-5.63,128.0500030517578,2.67,,,10D
2026-08-12,ON,ON Semiconductor,Core_Dragon,2026-08-04,84.39,83.32,8,4.35,,14天,$70.75,,,1,持仓中,73,,,,,,,,81.11000061035156,-3.89,79.41999816894531,-5.89,,,10D
2026-08-12,OXY,Occidental Petroleum,Core_Dragon,2026-08-07,55.91,58.55,5,4.72,,14-21天,$49.3,,,1,持仓中,科技,,,,,,,,,,,,,,OPEN
2026-08-12,PCG,PG&E Corporation,Core_Dragon,2026-08-12,17.36,17.38,0,0.12,,14-21天,$16.56,,,1,持仓中,65,,,,,,,,17.649999618530273,1.67,18.219999313354492,4.95,,,10D
2026-08-12,PPL,PPL Corporation,Core_Dragon,2026-08-10,34.99,35.46,2,1.34,,14-21天,$33.6,,,1,持仓中,科技,,,,,,,,,,,,,,OPEN
2026-08-12,T,AT&T,Core_Dragon,2026-08-07,23.79,24.25,5,1.93,,21-28天,$21.3,,,2,持仓中,科技,,,,,,,,,,,,,,OPEN
2026-08-12,TSCO,Tractor Supply,Core_Dragon,2026-08-11,34.43,36.43,1,5.81,,7-14天,$32,,,1,持仓中,68,,,,,,,,,,,,,,OPEN
2026-08-12,UBER,Uber,Core_Dragon,2026-08-10,78.03,75.36,2,-3.42,,10-14天,$70.5,,,1,持仓中,科技,,,,,,,,,,,,,,OPEN
2026-08-12,VTRS,Viatris,Core_Dragon,2026-08-03,17.65,16.10,9,-8.78,,14-21天,$16.2,,,1,持仓中,71,,,,,,,,,,,,,,OPEN
2026-08-12,VZ,Verizon,Core_Dragon,2026-08-11,46.90,46.98,1,0.17,,10-21天,$44.5,,,1,持仓中,62,,,,,,,,,,,,,,OPEN
2026-08-12,WFC,Wells Fargo,Core_Dragon,2026-08-03,87.06,88.93,9,3.41,,14-21天,$79.5,,,1,持仓中,70,,,,,,,,87.5199966430664,0.53,87.54000091552734,0.55,,,10D
2026-08-12,XOM,ExxonMobil,Core_Dragon,2026-08-10,153.51,159.75,2,-0.03,,10-14天,$145,,,2,持仓中,科技,,,,,,,,161.4600067138672,5.18,164.0500030517578,6.87,,,10D
2026-08-13,BKNG,Booking Holdings,Core_Dragon,2026-08-05,207.24,213.34,8,2.7,,7-14天,$184,,,1,持仓中,74,,,,,,,,211.7486114501953,2.18,212.48683166503906,2.53,,,10D
2026-08-13,BMY,Bristol Myers Squibb,Core_Dragon,2026-08-03,66.12,64.65,10,-0.54,,14-21天,$60.5,,,1,持仓中,78,,,,,,,,64.83999633789062,-1.94,64.62999725341797,-2.25,,,10D
2026-08-13,CMCSA,Comcast,Core_Dragon,2026-08-03,24.43,26.18,10,11.69,,14-21天,$22.1,,,1,持仓中,72,,,,,,,,25.200000762939453,3.15,25.56999969482422,4.67,,,10D
2026-08-13,COHR,Coherent Corp.,Core_Dragon,2026-08-13,344.88,327.23,0,-5.12,,10-14天,$318.08,,,1,持仓中,62,,,,,,,,,,,,,,OPEN
2026-08-13,CSCO,Cisco,Core_Dragon,2026-08-13,113.93,113.47,0,-0.4,,14-21天,$106.68,,,1,持仓中,73,,,,,,,,109.58999633789062,-3.81,112.1500015258789,-1.56,112.12999725341797,-1.58,20D
2026-08-13,CVS,CVS Health,Core_Dragon,2026-08-05,93.72,94.99,8,-9.53,,14-21天,$84.4,,,1,持仓中,72,,,,,,,,94.72000122070312,1.07,93.6500015258789,-0.07,,,10D
2026-08-13,CVX,Chevron,Core_Dragon,2026-08-11,192.57,197.70,2,1.78,,5-14天,$185,,,1,持仓中,71,,,,,,,,203.9600067138672,5.92,199.88999938964844,3.8,,,10D
2026-08-13,DIS,Disney,Core_Dragon,2026-08-05,101.99,104.80,8,7.08,,14-21天,$88.4,,,1,持仓中,71,,,,,,,,103.22000122070312,1.21,106.93000030517578,4.84,,,10D
2026-08-13,DVN,Devon Energy,Core_Dragon,2026-08-11,44.92,44.39,2,-1.81,,5-14天,$43,,,1,持仓中,65,,,,,,,,47.5222282409668,5.8,46.60814666748047,3.76,,,10D
2026-08-13,FISV,Fiserv,Core_Dragon,2026-08-04,53.30,55.50,9,1.17,,14-21天,$47.80,,,1,持仓中,78,,,,,,,,52.720001220703125,-1.09,51.720001220703125,-2.96,,,10D
2026-08-13,GEHC,GE HealthCare,Core_Dragon,2026-07-30,71.37,73.79,14,6.45,,14-21天,$64.00,,,1,持仓中,88,,,,,,,,70.30999755859375,-1.49,73.79000091552734,3.39,,,10D
2026-08-13,GEN,Gen Digital,Core_Dragon,2026-08-10,29.29,29.57,3,0.96,,10-14天,$27.3,,,1,持仓中,科技,,,,,,,,,,,,,,OPEN
2026-08-13,GILD,Gilead Sciences,Core_Dragon,2026-08-05,135.24,138.14,8,1.57,,14-21天,$120.5,,,1,持仓中,70,,,,,,,,135.10902404785156,-0.1,146.77334594726562,8.53,,,10D
2026-08-13,GOOG,Alphabet Inc. (Class C),Core_Dragon,2026-08-03,340.07,343.94,10,1.14,,14-21天,$340,,,1,持仓中,75,,,,,,,,,,,,,,OPEN
2026-08-13,HAL,Halliburton,Core_Dragon,2026-08-07,31.89,32.84,6,2.98,,14天,$28.6,,,1,持仓中,科技,,,,,,,,,,,,,,OPEN
2026-08-13,HBAN,Huntington Bancshares,Core_Dragon,2026-08-12,17.84,17.77,1,-0.39,,7-10天,$16.87,,,1,持仓中,64,,,,,,,,,,,,,,OPEN
2026-08-13,HPE,Hewlett Packard Enterprise,Core_Dragon,2026-08-04,52.48,59.82,9,25.91,,14-21天,$44.21,,,1,持仓中,76,,,,,,,,54.242801666259766,3.36,55.549495697021484,5.85,,,10D
2026-08-13,INTC,Intel,Core_Dragon,2026-07-31,86.51,104.56,13,20.86,,14-21天,$86.5,,,1,持仓中,72,,,,,,,,,,,,,,OPEN
2026-08-13,KO,Coca-Cola,Core_Dragon,2026-08-12,85.27,87.42,1,1.91,,14-21天,$81.34,,,1,持仓中,70,,,,,,,,89.8140640258789,5.33,89.54566955566406,5.01,87.30902099609375,2.39,20D
2026-08-13,KVUE,Kenvue,Core_Dragon,2026-07-30,19.06,19.20,14,-1.94,,21-28天,$18.50,,,1,持仓中,83,,,,,,,,18.744905471801758,-1.64,18.97361183166504,-0.44,18.97361183166504,-0.44,20D
2026-08-13,LLY,Lilly (Eli),Core_Dragon,2026-08-05,1172.32,1209.00,8,8.2,,14-21天,$1045,,,1,持仓中,78,,,,,,,,1218.533935546875,3.94,1280.3399658203125,9.21,,,10D
2026-08-13,LRCX,Lam Research,Core_Dragon,2026-07-31,318.29,337.01,13,5.88,,7-14天,$283,,,1,持仓中,74,,,,,,,,,,,,,,OPEN
2026-08-13,MDLZ,Mondelez International,Core_Dragon,2026-07-30,63.86,63.53,14,-0.41,,14-21天,$61.50,,,1,持仓中,82,,,,,,,,62.75,-1.74,63.529998779296875,-0.52,,,10D
2026-08-13,MDT,Medtronic,Core_Dragon,2026-08-12,88.24,90.58,1,1.82,,10-14天,$83.39,,,1,持仓中,72,,,,,,,,93.3642807006836,5.81,91.27144622802734,3.44,,,10D
2026-08-13,MRK,Merck,Core_Dragon,2026-08-13,133.07,135.55,0,1.26,,14-21天,$125.88,,,1,持仓中,65,,,,,,,,148.11570739746094,11.3,148.6624755859375,11.71,143.08538818359375,7.52,20D
2026-08-13,MRVL,Marvell Technology,Core_Dragon,2026-08-13,217.68,222.18,0,2.07,,14天,$203.56,,,1,持仓中,68,,,,,,,,,,,,,,OPEN
2026-08-13,MU,Micron Technology,Core_Dragon,2026-08-07,903.60,949.83,6,8.23,,14-21天,$776,,,1,持仓中,科技,,,,,,,,971.6599731445312,7.53,966.780029296875,6.99,,,10D
2026-08-13,NCLH,Norwegian Cruise Line Holdings,Core_Dragon,2026-08-04,19.00,19.55,9,2.89,,14天,$17.39,,,1,持仓中,71,,,,,,,,,,,,,,OPEN
2026-08-13,NOW,ServiceNow,Core_Dragon,2026-08-10,124.72,127.25,3,-0.15,,10-14天,$117,,,1,持仓中,科技,,,,,,,,117.69999694824219,-5.63,128.0500030517578,2.67,,,10D
2026-08-13,O,Realty Income,Core_Dragon,2026-08-13,62.77,62.95,0,0.29,,14-28天,$59.17,,,1,持仓中,70,,,,,,,,,,,,,,OPEN
2026-08-13,ON,ON Semiconductor,Core_Dragon,2026-08-04,84.39,81.56,9,2.14,,14天,$70.75,,,1,持仓中,73,,,,,,,,81.11000061035156,-3.89,79.41999816894531,-5.89,,,10D
2026-08-13,OXY,Occidental Petroleum,Core_Dragon,2026-08-07,55.91,57.70,6,3.2,,14-21天,$49.3,,,1,持仓中,科技,,,,,,,,,,,,,,OPEN
2026-08-13,PCG,PG&E Corporation,Core_Dragon,2026-08-12,17.36,17.46,1,0.58,,14-21天,$16.56,,,1,持仓中,65,,,,,,,,17.649999618530273,1.67,18.219999313354492,4.95,,,10D
2026-08-13,PPL,PPL Corporation,Core_Dragon,2026-08-10,34.99,35.68,3,1.97,,14-21天,$33.6,,,1,持仓中,科技,,,,,,,,,,,,,,OPEN
2026-08-13,T,AT&T,Core_Dragon,2026-08-07,23.79,24.58,6,3.32,,21-28天,$21.3,,,2,持仓中,科技,,,,,,,,,,,,,,OPEN
2026-08-13,TSCO,Tractor Supply,Core_Dragon,2026-08-11,34.43,36.17,2,5.05,,7-14天,$32,,,1,持仓中,68,,,,,,,,,,,,,,OPEN
2026-08-13,UBER,Uber,Core_Dragon,2026-08-10,78.03,75.88,3,-2.76,,10-14天,$70.5,,,1,持仓中,科技,,,,,,,,,,,,,,OPEN
2026-08-13,VTRS,Viatris,Core_Dragon,2026-08-03,17.65,16.04,10,-9.12,,14-21天,$16.2,,,1,持仓中,71,,,,,,,,,,,,,,OPEN
2026-08-13,VZ,Verizon,Core_Dragon,2026-08-11,46.90,48.22,2,2.81,,10-21天,$44.5,,,1,持仓中,62,,,,,,,,,,,,,,OPEN
2026-08-13,WFC,Wells Fargo,Core_Dragon,2026-08-03,87.06,88.11,10,2.45,,14-21天,$79.5,,,1,持仓中,70,,,,,,,,87.5199966430664,0.53,87.54000091552734,0.55,,,10D
2026-08-13,XOM,ExxonMobil,Core_Dragon,2026-08-10,153.51,158.61,3,-0.74,,10-14天,$145,,,2,持仓中,科技,,,,,,,,161.4600067138672,5.18,164.0500030517578,6.87,,,10D
2026-08-13,FCX,Freeport-McMoRan,Core_Dragon,2026-07-30,61.75,66.83,14,9.92,9.92,7-14天,$56.50,,,1,已超期归档,71,,,,,,,,68.18000030517578,10.41,66.83000183105469,8.23,,,FINAL
2026-08-14,AMD,Advanced Micro Devices,Core_Dragon,2026-08-14,487.60,514.39,0,5.49,,10-14天,$413.9,,,1,持仓中,70,,,,,,,,473.25,-2.94,465.5799865722656,-4.52,,,10D
2026-08-14,BKNG,Booking Holdings,Core_Dragon,2026-08-05,207.24,212.06,9,2.08,,7-14天,$184,,,1,持仓中,74,,,,,,,,211.7486114501953,2.18,212.48683166503906,2.53,,,10D
2026-08-14,BMY,Bristol Myers Squibb,Core_Dragon,2026-08-03,66.12,63.83,11,-1.8,,14-21天,$60.5,,,1,持仓中,78,,,,,,,,64.83999633789062,-1.94,64.62999725341797,-2.25,,,10D
2026-08-14,CMCSA,Comcast,Core_Dragon,2026-08-03,24.43,26.18,11,11.69,,14-21天,$22.1,,,1,持仓中,72,,,,,,,,25.200000762939453,3.15,25.56999969482422,4.67,,,10D
2026-08-14,COHR,Coherent Corp.,Core_Dragon,2026-08-13,344.88,325.83,1,-5.52,,10-14天,$318.08,,,1,持仓中,62,,,,,,,,,,,,,,OPEN
2026-08-14,CSCO,Cisco,Core_Dragon,2026-08-13,113.93,111.68,1,-1.97,,14-21天,$106.68,,,1,持仓中,73,,,,,,,,109.58999633789062,-3.81,112.1500015258789,-1.56,112.12999725341797,-1.58,20D
2026-08-14,CVS,CVS Health,Core_Dragon,2026-08-05,93.72,97.16,9,-7.47,,14-21天,$84.4,,,1,持仓中,72,,,,,,,,94.72000122070312,1.07,93.6500015258789,-0.07,,,10D
2026-08-14,CVX,Chevron,Core_Dragon,2026-08-11,192.57,200.00,3,2.96,,5-14天,$185,,,1,持仓中,71,,,,,,,,203.9600067138672,5.92,199.88999938964844,3.8,,,10D
2026-08-14,DIS,Disney,Core_Dragon,2026-08-05,101.99,106.85,9,9.18,,14-21天,$88.4,,,1,持仓中,71,,,,,,,,103.22000122070312,1.21,106.93000030517578,4.84,,,10D
2026-08-14,DVN,Devon Energy,Core_Dragon,2026-08-11,44.92,45.85,3,1.42,,5-14天,$43,,,1,持仓中,65,,,,,,,,47.5222282409668,5.8,46.60814666748047,3.76,,,10D
2026-08-14,FISV,Fiserv,Core_Dragon,2026-08-04,53.30,54.39,10,-0.86,,14-21天,$47.80,,,1,持仓中,78,,,,,,,,52.720001220703125,-1.09,51.720001220703125,-2.96,,,10D
2026-08-14,GEHC,GE HealthCare,Core_Dragon,2026-07-30,71.37,73.69,15,6.3,,14-21天,$64.00,,,1,持仓中,88,,,,,,,,70.30999755859375,-1.49,73.79000091552734,3.39,,,10D
2026-08-14,GEN,Gen Digital,Core_Dragon,2026-08-10,29.29,28.48,4,-2.77,,10-14天,$27.3,,,1,持仓中,科技,,,,,,,,,,,,,,OPEN
2026-08-14,GILD,Gilead Sciences,Core_Dragon,2026-08-05,135.24,138.36,9,1.74,,14-21天,$120.5,,,1,持仓中,70,,,,,,,,135.10902404785156,-0.1,146.77334594726562,8.53,,,10D
2026-08-14,GOOG,Alphabet Inc. (Class C),Core_Dragon,2026-08-03,340.07,343.54,11,1.02,,14-21天,$340,,,1,持仓中,75,,,,,,,,,,,,,,OPEN
2026-08-14,HAL,Halliburton,Core_Dragon,2026-08-07,31.89,34.42,7,7.93,,14天,$28.6,,,1,持仓中,科技,,,,,,,,,,,,,,OPEN
2026-08-14,HBAN,Huntington Bancshares,Core_Dragon,2026-08-12,17.84,17.91,2,0.39,,7-10天,$16.87,,,1,持仓中,64,,,,,,,,,,,,,,OPEN
2026-08-14,HPE,Hewlett Packard Enterprise,Core_Dragon,2026-08-04,52.48,58.71,10,23.57,,14-21天,$44.21,,,1,持仓中,76,,,,,,,,54.242801666259766,3.36,55.549495697021484,5.85,,,10D
2026-08-14,INTC,Intel,Core_Dragon,2026-07-31,86.51,102.50,14,18.48,,14-21天,$86.5,,,1,持仓中,72,,,,,,,,,,,,,,OPEN
2026-08-14,KMI,Kinder Morgan,Core_Dragon,2026-08-14,32.23,32.82,0,1.83,,14-21天,$27.43,,,1,持仓中,73,,,,,,,,,,,,,,OPEN
2026-08-14,KO,Coca-Cola,Core_Dragon,2026-08-12,85.27,87.71,2,2.25,,14-21天,$81.34,,,1,持仓中,70,,,,,,,,89.8140640258789,5.33,89.54566955566406,5.01,87.30902099609375,2.39,20D
2026-08-14,KVUE,Kenvue,Core_Dragon,2026-07-30,19.06,19.20,15,-1.94,,21-28天,$18.50,,,1,持仓中,83,,,,,,,,18.744905471801758,-1.64,18.97361183166504,-0.44,18.97361183166504,-0.44,20D
2026-08-14,LLY,Lilly (Eli),Core_Dragon,2026-08-05,1172.32,1180.16,9,5.62,,14-21天,$1045,,,1,持仓中,78,,,,,,,,1218.533935546875,3.94,1280.3399658203125,9.21,,,10D
2026-08-14,MDLZ,Mondelez International,Core_Dragon,2026-07-30,63.86,63.61,15,-0.28,,14-21天,$61.50,,,1,持仓中,82,,,,,,,,62.75,-1.74,63.529998779296875,-0.52,,,10D
2026-08-14,MDT,Medtronic,Core_Dragon,2026-08-12,88.24,91.27,2,2.6,,10-14天,$83.39,,,1,持仓中,72,,,,,,,,93.3642807006836,5.81,91.27144622802734,3.44,,,10D
2026-08-14,META,Meta Platforms,Core_Dragon,2026-08-14,596.51,589.85,0,-1.19,,14-21天,$506.71,,,1,持仓中,76,,,,,,,,549.4663696289062,-7.89,577.564208984375,-3.18,665.0751342773438,11.49,20D
2026-08-14,MRK,Merck,Core_Dragon,2026-08-13,133.07,135.84,1,1.48,,14-21天,$125.88,,,1,持仓中,65,,,,,,,,148.11570739746094,11.3,148.6624755859375,11.71,143.08538818359375,7.52,20D
2026-08-14,MRVL,Marvell Technology,Core_Dragon,2026-08-13,217.68,222.02,1,1.99,,14天,$203.56,,,1,持仓中,68,,,,,,,,,,,,,,OPEN
2026-08-14,MU,Micron Technology,Core_Dragon,2026-08-07,903.60,971.66,7,10.72,,14-21天,$776,,,2,持仓中,科技,,,,,,,,971.6599731445312,7.53,966.780029296875,6.99,,,10D
2026-08-14,NCLH,Norwegian Cruise Line Holdings,Core_Dragon,2026-08-04,19.00,19.01,10,0.05,,14天,$17.39,,,1,持仓中,71,,,,,,,,,,,,,,OPEN
2026-08-14,NOW,ServiceNow,Core_Dragon,2026-08-10,124.72,124.00,4,-2.7,,10-14天,$117,,,1,持仓中,科技,,,,,,,,117.69999694824219,-5.63,128.0500030517578,2.67,,,10D
2026-08-14,O,Realty Income,Core_Dragon,2026-08-13,62.77,62.74,1,-0.05,,14-28天,$59.17,,,1,持仓中,70,,,,,,,,,,,,,,OPEN
2026-08-14,ON,ON Semiconductor,Core_Dragon,2026-08-04,84.39,82.66,10,3.52,,14天,$70.75,,,1,持仓中,73,,,,,,,,81.11000061035156,-3.89,79.41999816894531,-5.89,,,10D
2026-08-14,OXY,Occidental Petroleum,Core_Dragon,2026-08-07,55.91,58.36,7,4.38,,14-21天,$49.3,,,1,持仓中,科技,,,,,,,,,,,,,,OPEN
2026-08-14,PCG,PG&E Corporation,Core_Dragon,2026-08-12,17.36,17.84,2,2.76,,14-21天,$16.56,,,1,持仓中,65,,,,,,,,17.649999618530273,1.67,18.219999313354492,4.95,,,10D
2026-08-14,PPL,PPL Corporation,Core_Dragon,2026-08-10,34.99,36.02,4,2.94,,14-21天,$33.6,,,1,持仓中,科技,,,,,,,,,,,,,,OPEN
2026-08-14,T,AT&T,Core_Dragon,2026-08-07,23.79,24.89,7,4.62,,21-28天,$21.3,,,2,持仓中,科技,,,,,,,,,,,,,,OPEN
2026-08-14,TSCO,Tractor Supply,Core_Dragon,2026-08-11,34.43,35.83,3,4.07,,7-14天,$32,,,1,持仓中,68,,,,,,,,,,,,,,OPEN
2026-08-14,UBER,Uber,Core_Dragon,2026-08-10,78.03,75.95,4,-2.67,,10-14天,$70.5,,,1,持仓中,科技,,,,,,,,,,,,,,OPEN
2026-08-14,VICI,Vici Properties,Core_Dragon,2026-08-14,26.38,26.36,0,-0.08,,14-21天,$22.43,,,1,持仓中,68,,,,,,,,,,,,,,OPEN
2026-08-14,VTRS,Viatris,Core_Dragon,2026-08-03,17.65,16.23,11,-8.05,,14-21天,$16.2,,,1,持仓中,71,,,,,,,,,,,,,,OPEN
2026-08-14,VZ,Verizon,Core_Dragon,2026-08-11,46.90,48.48,3,3.37,,10-21天,$44.5,,,1,持仓中,62,,,,,,,,,,,,,,OPEN
2026-08-14,WFC,Wells Fargo,Core_Dragon,2026-08-03,87.06,88.82,11,3.28,,14-21天,$79.5,,,1,持仓中,70,,,,,,,,87.5199966430664,0.53,87.54000091552734,0.55,,,10D
2026-08-14,XOM,ExxonMobil,Core_Dragon,2026-08-10,153.51,160.10,4,0.19,,10-14天,$145,,,2,持仓中,科技,,,,,,,,161.4600067138672,5.18,164.0500030517578,6.87,,,10D
2026-08-14,LRCX,Lam Research,Core_Dragon,2026-07-31,318.29,332.36,14,4.42,4.42,7-14天,$283,,,1,已超期归档,74,,,,,,,,,,,,,,FINAL
2026-08-17,AMAT,Applied Materials,Core_Dragon,2026-08-17,518.00,535.31,0,3.34,,10-14天,$475.94,,,1,持仓中,67,,,,,,,,,,,,,,OPEN
2026-08-17,AMD,Advanced Micro Devices,Core_Dragon,2026-08-14,487.60,506.00,3,3.77,,10-14天,$413.9,,,1,持仓中,70,,,,,,,,473.25,-2.94,465.5799865722656,-4.52,,,10D
2026-08-17,BKNG,Booking Holdings,Core_Dragon,2026-08-05,207.24,204.76,12,-1.43,,7-14天,$184,,,1,持仓中,74,,,,,,,,211.7486114501953,2.18,212.48683166503906,2.53,,,10D
2026-08-17,BMY,Bristol Myers Squibb,Core_Dragon,2026-08-03,66.12,64.63,14,-0.57,,14-21天,$60.5,,,1,持仓中,78,,,,,,,,64.83999633789062,-1.94,64.62999725341797,-2.25,,,10D
2026-08-17,CMCSA,Comcast,Core_Dragon,2026-08-03,24.43,25.57,14,9.09,,14-21天,$22.1,,,1,持仓中,72,,,,,,,,25.200000762939453,3.15,25.56999969482422,4.67,,,10D
2026-08-17,COHR,Coherent Corp.,Core_Dragon,2026-08-13,344.88,351.22,4,1.84,,10-14天,$318.08,,,1,持仓中,62,,,,,,,,,,,,,,OPEN
2026-08-17,CSCO,Cisco,Core_Dragon,2026-08-13,113.93,112.90,4,-0.9,,14-21天,$106.68,,,1,持仓中,73,,,,,,,,109.58999633789062,-3.81,112.1500015258789,-1.56,112.12999725341797,-1.58,20D
2026-08-17,CVS,CVS Health,Core_Dragon,2026-08-05,93.72,94.01,12,-10.47,,14-21天,$84.4,,,1,持仓中,72,,,,,,,,94.72000122070312,1.07,93.6500015258789,-0.07,,,10D
2026-08-17,CVX,Chevron,Core_Dragon,2026-08-11,192.57,202.70,6,4.35,,5-14天,$185,,,1,持仓中,71,,,,,,,,203.9600067138672,5.92,199.88999938964844,3.8,,,10D
2026-08-17,DIS,Disney,Core_Dragon,2026-08-05,101.99,103.50,12,5.75,,14-21天,$88.4,,,1,持仓中,71,,,,,,,,103.22000122070312,1.21,106.93000030517578,4.84,,,10D
2026-08-17,DVN,Devon Energy,Core_Dragon,2026-08-11,44.92,47.57,6,5.22,,5-14天,$43,,,1,持仓中,65,,,,,,,,47.5222282409668,5.8,46.60814666748047,3.76,,,10D
2026-08-17,F,Ford Motor Company,Core_Dragon,2026-08-17,14.26,14.05,0,-1.47,,10-14天,$13.1,,,1,持仓中,72,,,,,,,,,,,,,,OPEN
2026-08-17,FISV,Fiserv,Core_Dragon,2026-08-04,53.30,52.21,13,-4.83,,14-21天,$47.80,,,1,持仓中,78,,,,,,,,52.720001220703125,-1.09,51.720001220703125,-2.96,,,10D
2026-08-17,GEHC,GE HealthCare,Core_Dragon,2026-07-30,71.37,72.37,18,4.4,,14-21天,$64.00,,,1,持仓中,88,,,,,,,,70.30999755859375,-1.49,73.79000091552734,3.39,,,10D
2026-08-17,GEN,Gen Digital,Core_Dragon,2026-08-10,29.29,27.41,7,-6.42,,10-14天,$27.3,,,1,持仓中,科技,,,,,,,,,,,,,,OPEN
2026-08-17,GILD,Gilead Sciences,Core_Dragon,2026-08-05,135.24,138.92,12,2.15,,14-21天,$120.5,,,1,持仓中,70,,,,,,,,135.10902404785156,-0.1,146.77334594726562,8.53,,,10D
2026-08-17,GOOG,Alphabet Inc. (Class C),Core_Dragon,2026-08-03,340.07,341.45,14,0.41,,14-21天,$340,,,1,持仓中,75,,,,,,,,,,,,,,OPEN
2026-08-17,HAL,Halliburton,Core_Dragon,2026-08-07,31.89,34.73,10,8.91,,14天,$28.6,,,1,持仓中,科技,,,,,,,,,,,,,,OPEN
2026-08-17,HBAN,Huntington Bancshares,Core_Dragon,2026-08-12,17.84,17.95,5,0.62,,7-10天,$16.87,,,1,持仓中,64,,,,,,,,,,,,,,OPEN
2026-08-17,HPE,Hewlett Packard Enterprise,Core_Dragon,2026-08-04,52.48,57.61,13,21.26,,14-21天,$44.21,,,1,持仓中,76,,,,,,,,54.242801666259766,3.36,55.549495697021484,5.85,,,10D
2026-08-17,INTC,Intel,Core_Dragon,2026-07-31,86.51,103.49,17,19.63,,14-21天,$86.5,,,1,持仓中,72,,,,,,,,,,,,,,OPEN
2026-08-17,KMI,Kinder Morgan,Core_Dragon,2026-08-14,32.23,32.33,3,0.31,,14-21天,$27.43,,,1,持仓中,73,,,,,,,,,,,,,,OPEN
2026-08-17,KO,Coca-Cola,Core_Dragon,2026-08-12,85.27,86.98,5,1.4,,14-21天,$81.34,,,1,持仓中,70,,,,,,,,89.8140640258789,5.33,89.54566955566406,5.01,87.30902099609375,2.39,20D
2026-08-17,KVUE,Kenvue,Core_Dragon,2026-07-30,19.06,18.79,18,-4.03,,21-28天,$18.50,,,1,持仓中,83,,,,,,,,18.744905471801758,-1.64,18.97361183166504,-0.44,18.97361183166504,-0.44,20D
2026-08-17,LLY,Lilly (Eli),Core_Dragon,2026-08-05,1172.32,1183.16,12,5.89,,14-21天,$1045,,,1,持仓中,78,,,,,,,,1218.533935546875,3.94,1280.3399658203125,9.21,,,10D
2026-08-17,MDLZ,Mondelez International,Core_Dragon,2026-07-30,63.86,62.18,18,-2.52,,14-21天,$61.50,,,1,持仓中,82,,,,,,,,62.75,-1.74,63.529998779296875,-0.52,,,10D
2026-08-17,MDT,Medtronic,Core_Dragon,2026-08-12,88.24,90.60,5,1.84,,10-14天,$83.39,,,1,持仓中,72,,,,,,,,93.3642807006836,5.81,91.27144622802734,3.44,,,10D
2026-08-17,META,Meta Platforms,Core_Dragon,2026-08-14,596.51,568.97,3,-4.69,,14-21天,$506.71,,,1,持仓中,76,,,,,,,,549.4663696289062,-7.89,577.564208984375,-3.18,665.0751342773438,11.49,20D
2026-08-17,MRK,Merck,Core_Dragon,2026-08-13,133.07,135.97,4,1.58,,14-21天,$125.88,,,1,持仓中,65,,,,,,,,148.11570739746094,11.3,148.6624755859375,11.71,143.08538818359375,7.52,20D
2026-08-17,MRVL,Marvell Technology,Core_Dragon,2026-08-13,217.68,234.33,4,7.65,,14天,$203.56,,,1,持仓中,68,,,,,,,,,,,,,,OPEN
2026-08-17,MU,Micron Technology,Core_Dragon,2026-08-07,903.60,1011.75,10,15.29,,14-21天,$776,,,2,持仓中,科技,,,,,,,,971.6599731445312,7.53,966.780029296875,6.99,,,10D
2026-08-17,NCLH,Norwegian Cruise Line Holdings,Core_Dragon,2026-08-04,19.00,18.18,13,-4.32,,14天,$17.39,,,1,持仓中,71,,,,,,,,,,,,,,OPEN
2026-08-17,NOW,ServiceNow,Core_Dragon,2026-08-10,124.72,117.70,7,-7.64,,10-14天,$117,,,1,持仓中,科技,,,,,,,,117.69999694824219,-5.63,128.0500030517578,2.67,,,10D
2026-08-17,O,Realty Income,Core_Dragon,2026-08-13,62.77,62.40,4,-0.59,,14-28天,$59.17,,,1,持仓中,70,,,,,,,,,,,,,,OPEN
2026-08-17,ON,ON Semiconductor,Core_Dragon,2026-08-04,84.39,83.38,13,4.42,,14天,$70.75,,,1,持仓中,73,,,,,,,,81.11000061035156,-3.89,79.41999816894531,-5.89,,,10D
2026-08-17,OXY,Occidental Petroleum,Core_Dragon,2026-08-07,55.91,59.04,10,5.6,,14-21天,$49.3,,,1,持仓中,科技,,,,,,,,,,,,,,OPEN
2026-08-17,PCG,PG&E Corporation,Core_Dragon,2026-08-12,17.36,17.50,5,0.81,,14-21天,$16.56,,,1,持仓中,65,,,,,,,,17.649999618530273,1.67,18.219999313354492,4.95,,,10D
2026-08-17,PPL,PPL Corporation,Core_Dragon,2026-08-10,34.99,35.95,7,2.74,,14-21天,$33.6,,,1,持仓中,科技,,,,,,,,,,,,,,OPEN
2026-08-17,SLB,Schlumberger,Core_Dragon,2026-08-17,53.98,53.86,0,-0.22,,8-12天,$49.69,,,1,持仓中,70,,,,,,,,,,,,,,OPEN
2026-08-17,SNDK,Sandisk,Core_Dragon,2026-08-17,1700.74,1786.85,0,5.06,,7-10天,$1564.87,,,1,持仓中,66,,,,,,,,,,,,,,OPEN
2026-08-17,T,AT&T,Core_Dragon,2026-08-07,23.79,24.68,10,3.74,,21-28天,$21.3,,,2,持仓中,科技,,,,,,,,,,,,,,OPEN
2026-08-17,TSCO,Tractor Supply,Core_Dragon,2026-08-11,34.43,34.68,6,0.73,,7-14天,$32,,,1,持仓中,68,,,,,,,,,,,,,,OPEN
2026-08-17,UBER,Uber,Core_Dragon,2026-08-10,78.03,74.99,7,-3.9,,10-14天,$70.5,,,1,持仓中,科技,,,,,,,,,,,,,,OPEN
2026-08-17,VICI,Vici Properties,Core_Dragon,2026-08-14,26.38,25.96,3,-1.59,,14-21天,$22.43,,,1,持仓中,68,,,,,,,,,,,,,,OPEN
2026-08-17,VTRS,Viatris,Core_Dragon,2026-08-03,17.65,16.23,14,-8.05,,14-21天,$16.2,,,1,持仓中,71,,,,,,,,,,,,,,OPEN
2026-08-17,VZ,Verizon,Core_Dragon,2026-08-11,46.90,48.06,6,2.47,,10-21天,$44.5,,,1,持仓中,62,,,,,,,,,,,,,,OPEN
2026-08-17,WDC,Western Digital,Core_Dragon,2026-08-17,525.53,536.01,0,2.0,,10-14天,$483.38,,,1,持仓中,75,,,,,,,,,,,,,,OPEN
2026-08-17,WFC,Wells Fargo,Core_Dragon,2026-08-03,87.06,87.54,14,1.79,,14-21天,$79.5,,,1,持仓中,70,,,,,,,,87.5199966430664,0.53,87.54000091552734,0.55,,,10D
2026-08-17,XOM,ExxonMobil,Core_Dragon,2026-08-10,153.51,161.46,7,1.05,,10-14天,$145,,,2,持仓中,科技,,,,,,,,161.4600067138672,5.18,164.0500030517578,6.87,,,10D
2026-08-18,AMAT,Applied Materials,Core_Dragon,2026-08-17,518.00,514.33,1,-0.71,,10-14天,$475.94,,,1,持仓中,67,,,,,,,,,,,,,,OPEN
2026-08-18,AMD,Advanced Micro Devices,Core_Dragon,2026-08-14,487.60,484.39,4,-0.66,,10-14天,$413.9,,,1,持仓中,70,,,,,,,,473.25,-2.94,465.5799865722656,-4.52,,,10D
2026-08-18,BKNG,Booking Holdings,Core_Dragon,2026-08-05,207.24,208.25,13,0.25,,7-14天,$184,,,1,持仓中,74,,,,,,,,211.7486114501953,2.18,212.48683166503906,2.53,,,10D
2026-08-18,BMY,Bristol Myers Squibb,Core_Dragon,2026-08-03,66.12,66.05,15,1.62,,14-21天,$60.5,,,1,持仓中,78,,,,,,,,64.83999633789062,-1.94,64.62999725341797,-2.25,,,10D
2026-08-18,CMCSA,Comcast,Core_Dragon,2026-08-03,24.43,26.20,15,11.77,,14-21天,$22.1,,,1,持仓中,72,,,,,,,,25.200000762939453,3.15,25.56999969482422,4.67,,,10D
2026-08-18,COHR,Coherent Corp.,Core_Dragon,2026-08-13,344.88,306.43,5,-11.15,,10-14天,$318.08,,,1,持仓中,62,,,,,,,,,,,,,,OPEN
2026-08-18,CSCO,Cisco,Core_Dragon,2026-08-13,113.93,111.61,5,-2.03,,14-21天,$106.68,,,1,持仓中,73,,,,,,,,109.58999633789062,-3.81,112.1500015258789,-1.56,112.12999725341797,-1.58,20D
2026-08-18,CVS,CVS Health,Core_Dragon,2026-08-05,93.72,94.91,13,-9.61,,14-21天,$84.4,,,1,持仓中,72,,,,,,,,94.72000122070312,1.07,93.6500015258789,-0.07,,,10D
2026-08-18,CVX,Chevron,Core_Dragon,2026-08-11,192.57,205.74,7,5.92,,5-14天,$185,,,1,持仓中,71,,,,,,,,203.9600067138672,5.92,199.88999938964844,3.8,,,10D
2026-08-18,DIS,Disney,Core_Dragon,2026-08-05,101.99,103.95,13,6.21,,14-21天,$88.4,,,1,持仓中,71,,,,,,,,103.22000122070312,1.21,106.93000030517578,4.84,,,10D
2026-08-18,DVN,Devon Energy,Core_Dragon,2026-08-11,44.92,47.83,7,5.8,,5-14天,$43,,,1,持仓中,65,,,,,,,,47.5222282409668,5.8,46.60814666748047,3.76,,,10D
2026-08-18,F,Ford Motor Company,Core_Dragon,2026-08-17,14.26,13.93,1,-2.31,,10-14天,$13.1,,,1,持仓中,72,,,,,,,,,,,,,,OPEN
2026-08-18,FISV,Fiserv,Core_Dragon,2026-08-04,53.30,51.72,14,-5.72,,14-21天,$47.80,,,1,持仓中,78,,,,,,,,52.720001220703125,-1.09,51.720001220703125,-2.96,,,10D
2026-08-18,GEHC,GE HealthCare,Core_Dragon,2026-07-30,71.37,72.63,19,4.77,,14-21天,$64.00,,,1,持仓中,88,,,,,,,,70.30999755859375,-1.49,73.79000091552734,3.39,,,10D
2026-08-18,GEN,Gen Digital,Core_Dragon,2026-08-10,29.29,27.64,8,-5.63,,10-14天,$27.3,,,1,持仓中,科技,,,,,,,,,,,,,,OPEN
2026-08-18,GILD,Gilead Sciences,Core_Dragon,2026-08-05,135.24,143.44,13,5.47,,14-21天,$120.5,,,1,持仓中,70,,,,,,,,135.10902404785156,-0.1,146.77334594726562,8.53,,,10D
2026-08-18,GOOG,Alphabet Inc. (Class C),Core_Dragon,2026-08-03,340.07,341.28,15,0.36,,14-21天,$340,,,1,持仓中,75,,,,,,,,,,,,,,OPEN
2026-08-18,HAL,Halliburton,Core_Dragon,2026-08-07,31.89,34.66,11,8.69,,14天,$28.6,,,1,持仓中,科技,,,,,,,,,,,,,,OPEN
2026-08-18,HBAN,Huntington Bancshares,Core_Dragon,2026-08-12,17.84,17.66,6,-1.01,,7-10天,$16.87,,,1,持仓中,64,,,,,,,,,,,,,,OPEN
2026-08-18,HPE,Hewlett Packard Enterprise,Core_Dragon,2026-08-04,52.48,55.69,14,17.22,,14-21天,$44.21,,,1,持仓中,76,,,,,,,,54.242801666259766,3.36,55.549495697021484,5.85,,,10D
2026-08-18,INTC,Intel,Core_Dragon,2026-07-31,86.51,96.68,18,11.76,,14-21天,$86.5,,,1,持仓中,72,,,,,,,,,,,,,,OPEN
2026-08-18,KDP,Keurig Dr Pepper,Core_Dragon,2026-08-18,30.70,30.79,0,0.29,,14-28天,$29.1,,,1,持仓中,69,,,,,,,,,,,,,,OPEN
2026-08-18,KMI,Kinder Morgan,Core_Dragon,2026-08-14,32.23,32.87,4,1.99,,14-21天,$27.43,,,1,持仓中,73,,,,,,,,,,,,,,OPEN
2026-08-18,KO,Coca-Cola,Core_Dragon,2026-08-12,85.27,88.82,6,3.54,,14-21天,$81.34,,,1,持仓中,70,,,,,,,,89.8140640258789,5.33,89.54566955566406,5.01,87.30902099609375,2.39,20D
2026-08-18,KVUE,Kenvue,Core_Dragon,2026-07-30,19.06,18.80,19,-3.98,,21-28天,$18.50,,,1,持仓中,83,,,,,,,,18.744905471801758,-1.64,18.97361183166504,-0.44,18.97361183166504,-0.44,20D
2026-08-18,LLY,Lilly (Eli),Core_Dragon,2026-08-05,1172.32,1225.73,13,9.7,,14-21天,$1045,,,1,持仓中,78,,,,,,,,1218.533935546875,3.94,1280.3399658203125,9.21,,,10D
2026-08-18,MDLZ,Mondelez International,Core_Dragon,2026-07-30,63.86,62.66,19,-1.77,,14-21天,$61.50,,,1,持仓中,82,,,,,,,,62.75,-1.74,63.529998779296875,-0.52,,,10D
2026-08-18,MDT,Medtronic,Core_Dragon,2026-08-12,88.24,92.09,6,3.52,,10-14天,$83.39,,,1,持仓中,72,,,,,,,,93.3642807006836,5.81,91.27144622802734,3.44,,,10D
2026-08-18,META,Meta Platforms,Core_Dragon,2026-08-14,596.51,543.67,4,-8.93,,14-21天,$506.71,,,1,持仓中,76,,,,,,,,549.4663696289062,-7.89,577.564208984375,-3.18,665.0751342773438,11.49,20D
2026-08-18,MRK,Merck,Core_Dragon,2026-08-13,133.07,135.17,5,0.98,,14-21天,$125.88,,,1,持仓中,65,,,,,,,,148.11570739746094,11.3,148.6624755859375,11.71,143.08538818359375,7.52,20D
2026-08-18,MRVL,Marvell Technology,Core_Dragon,2026-08-13,217.68,216.00,5,-0.77,,14天,$203.56,,,1,持仓中,68,,,,,,,,,,,,,,OPEN
2026-08-18,MU,Micron Technology,Core_Dragon,2026-08-07,903.60,940.76,11,7.2,,14-21天,$776,,,2,持仓中,科技,,,,,,,,971.6599731445312,7.53,966.780029296875,6.99,,,10D
2026-08-18,NOW,ServiceNow,Core_Dragon,2026-08-10,124.72,119.49,8,-6.24,,10-14天,$117,,,1,持仓中,科技,,,,,,,,117.69999694824219,-5.63,128.0500030517578,2.67,,,10D
2026-08-18,O,Realty Income,Core_Dragon,2026-08-13,62.77,62.21,5,-0.89,,14-28天,$59.17,,,1,持仓中,70,,,,,,,,,,,,,,OPEN
2026-08-18,OXY,Occidental Petroleum,Core_Dragon,2026-08-07,55.91,59.80,11,6.96,,14-21天,$49.3,,,1,持仓中,科技,,,,,,,,,,,,,,OPEN
2026-08-18,PCG,PG&E Corporation,Core_Dragon,2026-08-12,17.36,17.82,6,2.65,,14-21天,$16.56,,,1,持仓中,65,,,,,,,,17.649999618530273,1.67,18.219999313354492,4.95,,,10D
2026-08-18,PPL,PPL Corporation,Core_Dragon,2026-08-10,34.99,35.62,8,1.8,,14-21天,$33.6,,,1,持仓中,科技,,,,,,,,,,,,,,OPEN
2026-08-18,QCOM,Qualcomm,Core_Dragon,2026-08-18,157.04,160.19,0,1.46,,10-21天,$150.47,,,1,持仓中,65,,,,,,,,159.6908721923828,1.69,165.7081298828125,5.52,184.83999633789062,17.71,20D
2026-08-18,RDDT,Reddit,Core_Dragon,2026-08-18,166.10,158.25,0,-4.73,,7-14天,$153.89,,,1,持仓中,80,,,,,,,,,,,,,,OPEN
2026-08-18,SLB,Schlumberger,Core_Dragon,2026-08-17,53.98,53.21,1,-1.43,,8-12天,$49.69,,,1,持仓中,70,,,,,,,,,,,,,,OPEN
2026-08-18,SNDK,Sandisk,Core_Dragon,2026-08-17,1700.74,1625.78,1,-4.41,,7-10天,$1564.87,,,1,持仓中,66,,,,,,,,,,,,,,OPEN
2026-08-18,T,AT&T,Core_Dragon,2026-08-07,23.79,24.90,11,4.67,,21-28天,$21.3,,,2,持仓中,科技,,,,,,,,,,,,,,OPEN
2026-08-18,TSCO,Tractor Supply,Core_Dragon,2026-08-11,34.43,34.72,7,0.84,,7-14天,$32,,,1,持仓中,68,,,,,,,,,,,,,,OPEN
2026-08-18,UBER,Uber,Core_Dragon,2026-08-10,78.03,74.66,8,-4.32,,10-14天,$70.5,,,1,持仓中,科技,,,,,,,,,,,,,,OPEN
2026-08-18,V,Visa Inc.,Core_Dragon,2026-08-18,359.62,364.25,0,1.29,,10-14天,$343.67,,,1,持仓中,79,,,,,,,,384.1400146484375,6.82,372.6700134277344,3.63,370.92999267578125,3.14,20D
2026-08-18,VICI,Vici Properties,Core_Dragon,2026-08-14,26.38,25.91,4,-1.78,,14-21天,$22.43,,,1,持仓中,68,,,,,,,,,,,,,,OPEN
2026-08-18,VTRS,Viatris,Core_Dragon,2026-08-03,17.65,16.17,15,-8.39,,14-21天,$16.2,,,1,持仓中,71,,,,,,,,,,,,,,OPEN
2026-08-18,VZ,Verizon,Core_Dragon,2026-08-11,46.90,48.54,7,3.5,,10-21天,$44.5,,,1,持仓中,62,,,,,,,,,,,,,,OPEN
2026-08-18,WDC,Western Digital,Core_Dragon,2026-08-17,525.53,496.16,1,-5.59,,10-14天,$483.38,,,1,持仓中,75,,,,,,,,,,,,,,OPEN
2026-08-18,WFC,Wells Fargo,Core_Dragon,2026-08-03,87.06,87.40,15,1.63,,14-21天,$79.5,,,1,持仓中,70,,,,,,,,87.5199966430664,0.53,87.54000091552734,0.55,,,10D
2026-08-18,XOM,ExxonMobil,Core_Dragon,2026-08-10,153.51,165.56,8,3.61,,10-14天,$145,,,2,持仓中,科技,,,,,,,,161.4600067138672,5.18,164.0500030517578,6.87,,,10D
2026-08-18,NCLH,Norwegian Cruise Line Holdings,Core_Dragon,2026-08-04,19.00,17.61,14,-7.32,-7.32,14天,$17.39,,,1,已超期归档,71,,,,,,,,,,,,,,FINAL
2026-08-18,ON,ON Semiconductor,Core_Dragon,2026-08-04,84.39,79.42,14,-0.54,-0.54,14天,$70.75,,,1,已超期归档,73,,,,,,,,81.11000061035156,-3.89,79.41999816894531,-5.89,,,FINAL
2026-08-19,AMAT,Applied Materials,Core_Dragon,2026-08-17,518.00,496.17,2,-4.21,,10-14天,$475.94,,,1,持仓中,67,,,,,,,,,,,,,,OPEN
2026-08-19,AMD,Advanced Micro Devices,Core_Dragon,2026-08-14,487.60,466.42,5,-4.34,,10-14天,$413.9,,,1,持仓中,70,,,,,,,,473.25,-2.94,465.5799865722656,-4.52,,,10D
2026-08-19,BMY,Bristol Myers Squibb,Core_Dragon,2026-08-03,66.12,67.61,16,4.02,,14-21天,$60.5,,,1,持仓中,78,,,,,,,,64.83999633789062,-1.94,64.62999725341797,-2.25,,,10D
2026-08-19,CMCSA,Comcast,Core_Dragon,2026-08-03,24.43,26.59,16,13.44,,14-21天,$22.1,,,1,持仓中,72,,,,,,,,25.200000762939453,3.15,25.56999969482422,4.67,,,10D
2026-08-19,COHR,Coherent Corp.,Core_Dragon,2026-08-13,344.88,287.47,6,-16.65,,10-14天,$318.08,,,1,持仓中,62,,,,,,,,,,,,,,OPEN
2026-08-19,CRM,Salesforce,Core_Dragon,2026-08-19,194.21,206.09,0,6.12,,10-14天,$181.2,,,1,持仓中,72,,,,,,,,,,,,,,OPEN
2026-08-19,CSCO,Cisco,Core_Dragon,2026-08-13,113.93,110.55,6,-2.96,,14-21天,$106.68,,,1,持仓中,73,,,,,,,,109.58999633789062,-3.81,112.1500015258789,-1.56,112.12999725341797,-1.58,20D
2026-08-19,CVS,CVS Health,Core_Dragon,2026-08-05,93.72,93.65,14,-10.81,,14-21天,$84.4,,,1,持仓中,72,,,,,,,,94.72000122070312,1.07,93.6500015258789,-0.07,,,10D
2026-08-19,CVX,Chevron,Core_Dragon,2026-08-11,192.57,205.76,8,5.93,,5-14天,$185,,,1,持仓中,71,,,,,,,,203.9600067138672,5.92,199.88999938964844,3.8,,,10D
2026-08-19,DIS,Disney,Core_Dragon,2026-08-05,101.99,106.93,14,9.26,,14-21天,$88.4,,,1,持仓中,71,,,,,,,,103.22000122070312,1.21,106.93000030517578,4.84,,,10D
2026-08-19,DVN,Devon Energy,Core_Dragon,2026-08-11,44.92,48.19,8,6.59,,5-14天,$43,,,1,持仓中,65,,,,,,,,47.5222282409668,5.8,46.60814666748047,3.76,,,10D
2026-08-19,F,Ford Motor Company,Core_Dragon,2026-08-17,14.26,14.50,2,1.68,,10-14天,$13.1,,,1,持仓中,72,,,,,,,,,,,,,,OPEN
2026-08-19,FISV,Fiserv,Core_Dragon,2026-08-04,53.30,52.08,15,-5.07,,14-21天,$47.80,,,1,持仓中,78,,,,,,,,52.720001220703125,-1.09,51.720001220703125,-2.96,,,10D
2026-08-19,GEHC,GE HealthCare,Core_Dragon,2026-07-30,71.37,74.62,20,7.65,,14-21天,$64.00,,,1,持仓中,88,,,,,,,,70.30999755859375,-1.49,73.79000091552734,3.39,,,10D
2026-08-19,GEN,Gen Digital,Core_Dragon,2026-08-10,29.29,27.54,9,-5.97,,10-14天,$27.3,,,1,持仓中,科技,,,,,,,,,,,,,,OPEN
2026-08-19,GILD,Gilead Sciences,Core_Dragon,2026-08-05,135.24,147.60,14,8.53,,14-21天,$120.5,,,1,持仓中,70,,,,,,,,135.10902404785156,-0.1,146.77334594726562,8.53,,,10D
2026-08-19,GOOG,Alphabet Inc. (Class C),Core_Dragon,2026-08-03,340.07,341.70,16,0.48,,14-21天,$340,,,1,持仓中,75,,,,,,,,,,,,,,OPEN
2026-08-19,HAL,Halliburton,Core_Dragon,2026-08-07,31.89,35.02,12,9.81,,14天,$28.6,,,1,持仓中,科技,,,,,,,,,,,,,,OPEN
2026-08-19,HBAN,Huntington Bancshares,Core_Dragon,2026-08-12,17.84,17.17,7,-3.76,,7-10天,$16.87,,,1,持仓中,64,,,,,,,,,,,,,,OPEN
2026-08-19,HPE,Hewlett Packard Enterprise,Core_Dragon,2026-08-04,52.48,53.13,15,11.83,,14-21天,$44.21,,,1,持仓中,76,,,,,,,,54.242801666259766,3.36,55.549495697021484,5.85,,,10D
2026-08-19,INTC,Intel,Core_Dragon,2026-07-31,86.51,92.80,19,7.27,,14-21天,$86.5,,,1,持仓中,72,,,,,,,,,,,,,,OPEN
2026-08-19,KDP,Keurig Dr Pepper,Core_Dragon,2026-08-18,30.70,31.06,1,1.17,,14-28天,$29.1,,,1,持仓中,69,,,,,,,,,,,,,,OPEN
2026-08-19,KLAC,KLA Corporation,Core_Dragon,2026-08-19,196.43,187.27,0,-4.67,,10-14天,$183.54,,,1,持仓中,66,,,,,,,,,,,,,,OPEN
2026-08-19,KMI,Kinder Morgan,Core_Dragon,2026-08-14,32.23,32.08,5,-0.47,,14-21天,$27.43,,,1,持仓中,73,,,,,,,,,,,,,,OPEN
2026-08-19,KO,Coca-Cola,Core_Dragon,2026-08-12,85.27,90.35,7,5.33,,14-21天,$81.34,,,1,持仓中,70,,,,,,,,89.8140640258789,5.33,89.54566955566406,5.01,87.30902099609375,2.39,20D
2026-08-19,KVUE,Kenvue,Core_Dragon,2026-07-30,19.06,19.13,20,-2.3,,21-28天,$18.50,,,1,持仓中,83,,,,,,,,18.744905471801758,-1.64,18.97361183166504,-0.44,18.97361183166504,-0.44,20D
2026-08-19,LLY,Lilly (Eli),Core_Dragon,2026-08-05,1172.32,1280.34,14,14.58,,14-21天,$1045,,,1,持仓中,78,,,,,,,,1218.533935546875,3.94,1280.3399658203125,9.21,,,10D
2026-08-19,MDLZ,Mondelez International,Core_Dragon,2026-07-30,63.86,64.16,20,0.58,,14-21天,$61.50,,,1,持仓中,82,,,,,,,,62.75,-1.74,63.529998779296875,-0.52,,,10D
2026-08-19,MDT,Medtronic,Core_Dragon,2026-08-12,88.24,94.13,7,5.81,,10-14天,$83.39,,,1,持仓中,72,,,,,,,,93.3642807006836,5.81,91.27144622802734,3.44,,,10D
2026-08-19,META,Meta Platforms,Core_Dragon,2026-08-14,596.51,546.03,5,-8.53,,14-21天,$506.71,,,1,持仓中,76,,,,,,,,549.4663696289062,-7.89,577.564208984375,-3.18,665.0751342773438,11.49,20D
2026-08-19,MRK,Merck,Core_Dragon,2026-08-13,133.07,152.20,6,13.7,,14-21天,$125.88,,,1,持仓中,65,,,,,,,,148.11570739746094,11.3,148.6624755859375,11.71,143.08538818359375,7.52,20D
2026-08-19,MRVL,Marvell Technology,Core_Dragon,2026-08-13,217.68,237.27,6,9.0,,14天,$203.56,,,1,持仓中,68,,,,,,,,,,,,,,OPEN
2026-08-19,MU,Micron Technology,Core_Dragon,2026-08-07,903.60,937.10,12,6.78,,14-21天,$776,,,2,持仓中,科技,,,,,,,,971.6599731445312,7.53,966.780029296875,6.99,,,10D
2026-08-19,NEE,NextEra Energy,Core_Dragon,2026-08-19,86.54,85.91,0,-0.73,,14-21天,$81.3,,,1,持仓中,68,,,,,,,,,,,,,,OPEN
2026-08-19,NOW,ServiceNow,Core_Dragon,2026-08-10,124.72,127.20,9,-0.19,,10-14天,$117,,,1,持仓中,科技,,,,,,,,117.69999694824219,-5.63,128.0500030517578,2.67,,,10D
2026-08-19,O,Realty Income,Core_Dragon,2026-08-13,62.77,62.95,6,0.29,,14-28天,$59.17,,,1,持仓中,70,,,,,,,,,,,,,,OPEN
2026-08-19,OXY,Occidental Petroleum,Core_Dragon,2026-08-07,55.91,60.09,12,7.48,,14-21天,$49.3,,,1,持仓中,科技,,,,,,,,,,,,,,OPEN
2026-08-19,PCG,PG&E Corporation,Core_Dragon,2026-08-12,17.36,17.65,7,1.67,,14-21天,$16.56,,,1,持仓中,65,,,,,,,,17.649999618530273,1.67,18.219999313354492,4.95,,,10D
2026-08-19,PG,Procter & Gamble,Core_Dragon,2026-08-19,144.30,144.38,0,0.06,,14-21天,$138.82,,,1,持仓中,64,,,,,,,,,,,,,,OPEN
2026-08-19,PPL,PPL Corporation,Core_Dragon,2026-08-10,34.99,35.49,9,1.43,,14-21天,$33.6,,,2,持仓中,科技,,,,,,,,,,,,,,OPEN
2026-08-19,QCOM,Qualcomm,Core_Dragon,2026-08-18,157.04,161.91,1,2.55,,10-21天,$150.47,,,1,持仓中,65,,,,,,,,159.6908721923828,1.69,165.7081298828125,5.52,184.83999633789062,17.71,20D
2026-08-19,RDDT,Reddit,Core_Dragon,2026-08-18,166.10,151.71,1,-8.66,,7-14天,$153.89,,,1,持仓中,80,,,,,,,,,,,,,,OPEN
2026-08-19,SLB,Schlumberger,Core_Dragon,2026-08-17,53.98,53.55,2,-0.8,,8-12天,$49.69,,,1,持仓中,70,,,,,,,,,,,,,,OPEN
2026-08-19,SNDK,Sandisk,Core_Dragon,2026-08-17,1700.74,1568.87,2,-7.75,,7-10天,$1564.87,,,1,持仓中,66,,,,,,,,,,,,,,OPEN
2026-08-19,T,AT&T,Core_Dragon,2026-08-07,23.79,25.12,12,5.59,,21-28天,$21.3,,,2,持仓中,科技,,,,,,,,,,,,,,OPEN
2026-08-19,TSCO,Tractor Supply,Core_Dragon,2026-08-11,34.43,35.44,8,2.93,,7-14天,$32,,,1,持仓中,68,,,,,,,,,,,,,,OPEN
2026-08-19,UBER,Uber,Core_Dragon,2026-08-10,78.03,78.04,9,0.01,,10-14天,$70.5,,,1,持仓中,科技,,,,,,,,,,,,,,OPEN
2026-08-19,V,Visa Inc.,Core_Dragon,2026-08-18,359.62,365.54,1,1.65,,10-14天,$343.67,,,1,持仓中,79,,,,,,,,384.1400146484375,6.82,372.6700134277344,3.63,370.92999267578125,3.14,20D
2026-08-19,VICI,Vici Properties,Core_Dragon,2026-08-14,26.38,26.37,5,-0.04,,14-21天,$22.43,,,1,持仓中,68,,,,,,,,,,,,,,OPEN
2026-08-19,VTRS,Viatris,Core_Dragon,2026-08-03,17.65,16.25,16,-7.96,,14-21天,$16.2,,,1,持仓中,71,,,,,,,,,,,,,,OPEN
2026-08-19,VZ,Verizon,Core_Dragon,2026-08-11,46.90,49.36,8,5.25,,10-21天,$44.5,,,1,持仓中,62,,,,,,,,,,,,,,OPEN
2026-08-19,WDC,Western Digital,Core_Dragon,2026-08-17,525.53,462.09,2,-12.07,,10-14天,$483.38,,,1,持仓中,75,,,,,,,,,,,,,,OPEN
2026-08-19,WFC,Wells Fargo,Core_Dragon,2026-08-03,87.06,85.94,16,-0.07,,14-21天,$79.5,,,1,持仓中,70,,,,,,,,87.5199966430664,0.53,87.54000091552734,0.55,,,10D
2026-08-19,XOM,ExxonMobil,Core_Dragon,2026-08-10,153.51,164.77,9,3.12,,10-14天,$145,,,2,持仓中,科技,,,,,,,,161.4600067138672,5.18,164.0500030517578,6.87,,,10D
2026-08-19,BKNG,Booking Holdings,Core_Dragon,2026-08-05,207.24,213.00,14,2.53,2.53,7-14天,$184,,,1,已超期归档,74,,,,,,,,211.7486114501953,2.18,212.48683166503906,2.53,,,FINAL
2026-08-21,AMAT,Applied Materials,Core_Dragon,2026-08-17,518.00,492.32,4,-4.96,,10-14天,$475.94,,,1,持仓中,67,,,,,,,,,,,,,,OPEN
2026-08-21,AMD,Advanced Micro Devices,Core_Dragon,2026-08-14,487.60,473.25,7,-2.94,,10-14天,$413.9,,,1,持仓中,70,,,,,,,,473.25,-2.94,465.5799865722656,-4.52,,,10D
2026-08-21,BMY,Bristol Myers Squibb,Core_Dragon,2026-08-03,66.12,67.01,18,3.09,,14-21天,$60.5,,,1,持仓中,78,,,,,,,,64.83999633789062,-1.94,64.62999725341797,-2.25,,,10D
2026-08-21,CMCSA,Comcast,Core_Dragon,2026-08-03,24.43,26.85,18,14.55,,14-21天,$22.1,,,1,持仓中,72,,,,,,,,25.200000762939453,3.15,25.56999969482422,4.67,,,10D
2026-08-21,COHR,Coherent Corp.,Core_Dragon,2026-08-13,344.88,289.52,8,-16.05,,10-14天,$318.08,,,1,持仓中,62,,,,,,,,,,,,,,OPEN
2026-08-21,COIN,Coinbase,Core_Dragon,2026-08-20,172.75,186.49,1,7.95,,7-10天,$158.52,,,2,持仓中,74,,,,,,,,190.72000122070312,10.4,,,,,5D
2026-08-21,CRM,Salesforce,Core_Dragon,2026-08-19,194.21,209.17,2,7.7,,10-14天,$181.2,,,1,持仓中,72,,,,,,,,,,,,,,OPEN
2026-08-21,CSCO,Cisco,Core_Dragon,2026-08-13,113.93,111.04,8,-2.53,,14-21天,$106.68,,,1,持仓中,73,,,,,,,,109.58999633789062,-3.81,112.1500015258789,-1.56,112.12999725341797,-1.58,20D
2026-08-21,CVS,CVS Health,Core_Dragon,2026-08-05,93.72,93.02,16,-11.41,,14-21天,$84.4,,,1,持仓中,72,,,,,,,,94.72000122070312,1.07,93.6500015258789,-0.07,,,10D
2026-08-21,CVX,Chevron,Core_Dragon,2026-08-11,192.57,205.27,10,5.67,,5-14天,$185,,,1,持仓中,71,,,,,,,,203.9600067138672,5.92,199.88999938964844,3.8,,,10D
2026-08-21,DIS,Disney,Core_Dragon,2026-08-05,101.99,107.78,16,10.13,,14-21天,$88.4,,,1,持仓中,71,,,,,,,,103.22000122070312,1.21,106.93000030517578,4.84,,,10D
2026-08-21,DVN,Devon Energy,Core_Dragon,2026-08-11,44.92,49.10,10,8.6,,5-14天,$43,,,1,持仓中,65,,,,,,,,47.5222282409668,5.8,46.60814666748047,3.76,,,10D
2026-08-21,EL,Estée Lauder Companies (The),Core_Dragon,2026-08-20,97.43,101.94,1,4.63,,10-14天,$89.47,,,1,持仓中,87,,,,,,,,,,,,,,OPEN
2026-08-21,F,Ford Motor Company,Core_Dragon,2026-08-17,14.26,14.41,4,1.05,,10-14天,$13.1,,,1,持仓中,72,,,,,,,,,,,,,,OPEN
2026-08-21,FISV,Fiserv,Core_Dragon,2026-08-04,53.30,52.58,17,-4.16,,14-21天,$47.80,,,1,持仓中,78,,,,,,,,52.720001220703125,-1.09,51.720001220703125,-2.96,,,10D
2026-08-21,GEN,Gen Digital,Core_Dragon,2026-08-10,29.29,28.93,11,-1.23,,10-14天,$27.3,,,1,持仓中,科技,,,,,,,,,,,,,,OPEN
2026-08-21,GILD,Gilead Sciences,Core_Dragon,2026-08-05,135.24,146.12,16,7.44,,14-21天,$120.5,,,1,持仓中,70,,,,,,,,135.10902404785156,-0.1,146.77334594726562,8.53,,,10D
2026-08-21,GOOG,Alphabet Inc. (Class C),Core_Dragon,2026-08-03,340.07,341.75,18,0.49,,14-21天,$340,,,1,持仓中,75,,,,,,,,,,,,,,OPEN
2026-08-21,HBAN,Huntington Bancshares,Core_Dragon,2026-08-12,17.84,17.03,9,-4.54,,7-10天,$16.87,,,1,持仓中,64,,,,,,,,,,,,,,OPEN
2026-08-21,HPE,Hewlett Packard Enterprise,Core_Dragon,2026-08-04,52.48,53.45,17,12.5,,14-21天,$44.21,,,1,持仓中,76,,,,,,,,54.242801666259766,3.36,55.549495697021484,5.85,,,10D
2026-08-21,KDP,Keurig Dr Pepper,Core_Dragon,2026-08-18,30.70,32.04,3,4.36,,14-28天,$29.1,,,1,持仓中,69,,,,,,,,,,,,,,OPEN
2026-08-21,KLAC,KLA Corporation,Core_Dragon,2026-08-19,196.43,183.99,2,-6.34,,10-14天,$183.54,,,1,持仓中,66,,,,,,,,,,,,,,OPEN
2026-08-21,KMI,Kinder Morgan,Core_Dragon,2026-08-14,32.23,30.98,7,-3.88,,14-21天,$27.43,,,1,持仓中,73,,,,,,,,,,,,,,OPEN
2026-08-21,KO,Coca-Cola,Core_Dragon,2026-08-12,85.27,91.10,9,6.2,,14-21天,$81.34,,,1,持仓中,70,,,,,,,,89.8140640258789,5.33,89.54566955566406,5.01,87.30902099609375,2.39,20D
2026-08-21,KVUE,Kenvue,Core_Dragon,2026-07-30,19.06,19.06,22,-2.66,,21-28天,$18.50,,,1,持仓中,83,,,,,,,,18.744905471801758,-1.64,18.97361183166504,-0.44,18.97361183166504,-0.44,20D
2026-08-21,LLY,Lilly (Eli),Core_Dragon,2026-08-05,1172.32,1255.40,16,12.35,,14-21天,$1045,,,1,持仓中,78,,,,,,,,1218.533935546875,3.94,1280.3399658203125,9.21,,,10D
2026-08-21,MDT,Medtronic,Core_Dragon,2026-08-12,88.24,93.35,9,4.93,,10-14天,$83.39,,,1,持仓中,72,,,,,,,,93.3642807006836,5.81,91.27144622802734,3.44,,,10D
2026-08-21,META,Meta Platforms,Core_Dragon,2026-08-14,596.51,549.90,7,-7.89,,14-21天,$506.71,,,1,持仓中,76,,,,,,,,549.4663696289062,-7.89,577.564208984375,-3.18,665.0751342773438,11.49,20D
2026-08-21,MRK,Merck,Core_Dragon,2026-08-13,133.07,152.55,8,13.96,,14-21天,$125.88,,,1,持仓中,65,,,,,,,,148.11570739746094,11.3,148.6624755859375,11.71,143.08538818359375,7.52,20D
2026-08-21,MRVL,Marvell Technology,Core_Dragon,2026-08-13,217.68,237.04,8,8.89,,14天,$203.56,,,1,持仓中,68,,,,,,,,,,,,,,OPEN
2026-08-21,MSFT,Microsoft,Core_Dragon,2026-08-20,483.30,483.24,1,-0.01,,10-14天,$445.07,,,2,持仓中,71,,,,,,,,505.05999755859375,4.5,510.1199951171875,5.55,493.7799987792969,2.17,20D
2026-08-21,MU,Micron Technology,Core_Dragon,2026-08-07,903.60,966.78,14,10.17,,14-21天,$776,,,2,持仓中,科技,,,,,,,,971.6599731445312,7.53,966.780029296875,6.99,,,10D
2026-08-21,NEE,NextEra Energy,Core_Dragon,2026-08-19,86.54,83.65,2,-3.34,,14-21天,$81.3,,,1,持仓中,68,,,,,,,,,,,,,,OPEN
2026-08-21,NEM,Newmont,Core_Dragon,2026-08-21,131.12,131.58,0,0.35,,7-14天,$110.1,,,1,持仓中,68,,,,,,,,,,,,,,OPEN
2026-08-21,NFLX,Netflix,Core_Dragon,2026-08-20,80.14,79.59,1,-0.69,,10-14天,$73.93,,,1,持仓中,72,,,,,,,,,,,,,,OPEN
2026-08-21,NOW,ServiceNow,Core_Dragon,2026-08-10,124.72,128.48,11,0.82,,10-14天,$117,,,2,持仓中,科技,,,,,,,,117.69999694824219,-5.63,128.0500030517578,2.67,,,10D
2026-08-21,O,Realty Income,Core_Dragon,2026-08-13,62.77,62.60,8,-0.27,,14-28天,$59.17,,,1,持仓中,70,,,,,,,,,,,,,,OPEN
2026-08-21,OXY,Occidental Petroleum,Core_Dragon,2026-08-07,55.91,61.30,14,9.64,,14-21天,$49.3,,,1,持仓中,科技,,,,,,,,,,,,,,OPEN
2026-08-21,PCG,PG&E Corporation,Core_Dragon,2026-08-12,17.36,17.60,9,1.38,,14-21天,$16.56,,,1,持仓中,65,,,,,,,,17.649999618530273,1.67,18.219999313354492,4.95,,,10D
2026-08-21,PG,Procter & Gamble,Core_Dragon,2026-08-19,144.30,144.68,2,0.26,,14-21天,$138.82,,,1,持仓中,64,,,,,,,,,,,,,,OPEN
2026-08-21,PPL,PPL Corporation,Core_Dragon,2026-08-10,34.99,34.38,11,-1.74,,14-21天,$33.6,,,2,持仓中,科技,,,,,,,,,,,,,,OPEN
2026-08-21,QCOM,Qualcomm,Core_Dragon,2026-08-18,157.04,160.75,3,1.81,,10-21天,$150.47,,,1,持仓中,65,,,,,,,,159.6908721923828,1.69,165.7081298828125,5.52,184.83999633789062,17.71,20D
2026-08-21,RDDT,Reddit,Core_Dragon,2026-08-18,166.10,153.29,3,-7.71,,7-14天,$153.89,,,1,持仓中,80,,,,,,,,,,,,,,OPEN
2026-08-21,ROST,Ross Stores,Core_Dragon,2026-08-21,243.85,239.04,0,-1.97,,10-14天,$207.37,,,1,持仓中,72,,,,,,,,,,,,,,OPEN
2026-08-21,SLB,Schlumberger,Core_Dragon,2026-08-17,53.98,53.87,4,-0.2,,8-12天,$49.69,,,1,持仓中,70,,,,,,,,,,,,,,OPEN
2026-08-21,SNDK,Sandisk,Core_Dragon,2026-08-17,1700.74,1596.08,4,-6.15,,7-10天,$1564.87,,,1,持仓中,66,,,,,,,,,,,,,,OPEN
2026-08-21,T,AT&T,Core_Dragon,2026-08-07,23.79,25.29,14,6.31,,21-28天,$21.3,,,2,持仓中,科技,,,,,,,,,,,,,,OPEN
2026-08-21,TSCO,Tractor Supply,Core_Dragon,2026-08-11,34.43,34.98,10,1.6,,7-14天,$32,,,1,持仓中,68,,,,,,,,,,,,,,OPEN
2026-08-21,UBER,Uber,Core_Dragon,2026-08-10,78.03,78.80,11,0.99,,10-14天,$70.5,,,1,持仓中,科技,,,,,,,,,,,,,,OPEN
2026-08-21,V,Visa Inc.,Core_Dragon,2026-08-18,359.62,371.04,3,3.18,,10-14天,$343.67,,,1,持仓中,79,,,,,,,,384.1400146484375,6.82,372.6700134277344,3.63,370.92999267578125,3.14,20D
2026-08-21,VICI,Vici Properties,Core_Dragon,2026-08-14,26.38,26.51,7,0.49,,14-21天,$22.43,,,1,持仓中,68,,,,,,,,,,,,,,OPEN
2026-08-21,VTRS,Viatris,Core_Dragon,2026-08-03,17.65,16.32,18,-7.54,,14-21天,$16.2,,,1,持仓中,71,,,,,,,,,,,,,,OPEN
2026-08-21,VZ,Verizon,Core_Dragon,2026-08-11,46.90,49.45,10,5.44,,10-21天,$44.5,,,1,持仓中,62,,,,,,,,,,,,,,OPEN
2026-08-21,WDC,Western Digital,Core_Dragon,2026-08-17,525.53,459.44,4,-12.58,,10-14天,$483.38,,,1,持仓中,75,,,,,,,,,,,,,,OPEN
2026-08-21,WFC,Wells Fargo,Core_Dragon,2026-08-03,87.06,83.84,18,-2.51,,14-21天,$79.5,,,1,持仓中,70,,,,,,,,87.5199966430664,0.53,87.54000091552734,0.55,,,10D
2026-08-21,XOM,ExxonMobil,Core_Dragon,2026-08-10,153.51,165.11,11,3.33,,10-14天,$145,,,2,持仓中,科技,,,,,,,,161.4600067138672,5.18,164.0500030517578,6.87,,,10D
2026-08-21,GEHC,GE HealthCare,Core_Dragon,2026-07-30,71.37,74.06,22,6.84,6.84,14-21天,$64.00,,,1,已超期归档,88,,,,,,,,70.30999755859375,-1.49,73.79000091552734,3.39,,,FINAL
2026-08-21,HAL,Halliburton,Core_Dragon,2026-08-07,31.89,35.34,14,10.82,10.82,14天,$28.6,,,1,已超期归档,科技,,,,,,,,,,,,,,FINAL
2026-08-21,INTC,Intel,Core_Dragon,2026-07-31,86.51,90.07,21,4.12,4.12,14-21天,$86.5,,,1,已超期归档,72,,,,,,,,,,,,,,FINAL
2026-08-21,MDLZ,Mondelez International,Core_Dragon,2026-07-30,63.86,64.14,22,0.55,0.55,14-21天,$61.50,,,1,已超期归档,82,,,,,,,,62.75,-1.74,63.529998779296875,-0.52,,,FINAL
2026-08-24,AES,AES Corporation,Core_Dragon,2026-08-24,14.75,14.75,0,0.0,,10-21天,$13.78,,,1,持仓中,68,,,,,,,,14.739999771118164,-0.07,14.829999923706055,0.54,14.819999694824219,0.47,20D
2026-08-24,AMAT,Applied Materials,Core_Dragon,2026-08-17,518.00,484.19,7,-6.53,,10-14天,$475.94,,,1,持仓中,67,,,,,,,,,,,,,,OPEN
2026-08-24,AMD,Advanced Micro Devices,Core_Dragon,2026-08-14,487.60,456.74,10,-6.33,,10-14天,$413.9,,,1,持仓中,70,,,,,,,,473.25,-2.94,465.5799865722656,-4.52,,,10D
2026-08-24,BSX,Boston Scientific,Core_Dragon,2026-08-24,50.29,49.01,0,-2.55,,7-14天,$47.92,,,1,持仓中,71,,,,,,,,48.29999923706055,-3.96,,,,,5D
2026-08-24,C,Citigroup,Core_Dragon,2026-08-24,131.38,131.72,0,0.25,,5-10天,$124.75,,,1,持仓中,65,,,,,,,,,,,,,,OPEN
2026-08-24,COHR,Coherent Corp.,Core_Dragon,2026-08-13,344.88,275.49,11,-20.12,,10-14天,$318.08,,,1,持仓中,62,,,,,,,,,,,,,,OPEN
2026-08-24,COIN,Coinbase,Core_Dragon,2026-08-20,172.75,179.48,4,3.9,,7-10天,$158.52,,,2,持仓中,74,,,,,,,,190.72000122070312,10.4,,,,,5D
2026-08-24,CRM,Salesforce,Core_Dragon,2026-08-19,194.21,209.06,5,7.65,,10-14天,$181.2,,,1,持仓中,72,,,,,,,,,,,,,,OPEN
2026-08-24,CSCO,Cisco,Core_Dragon,2026-08-13,113.93,110.23,11,-3.24,,14-21天,$106.68,,,1,持仓中,73,,,,,,,,109.58999633789062,-3.81,112.1500015258789,-1.56,112.12999725341797,-1.58,20D
2026-08-24,CVS,CVS Health,Core_Dragon,2026-08-05,93.72,94.11,19,-10.37,,14-21天,$84.4,,,1,持仓中,72,,,,,,,,94.72000122070312,1.07,93.6500015258789,-0.07,,,10D
2026-08-24,CVX,Chevron,Core_Dragon,2026-08-11,192.57,203.09,13,4.55,,5-14天,$185,,,1,持仓中,71,,,,,,,,203.9600067138672,5.92,199.88999938964844,3.8,,,10D
2026-08-24,DIS,Disney,Core_Dragon,2026-08-05,101.99,110.61,19,13.02,,14-21天,$88.4,,,1,持仓中,71,,,,,,,,103.22000122070312,1.21,106.93000030517578,4.84,,,10D
2026-08-24,DVN,Devon Energy,Core_Dragon,2026-08-11,44.92,48.23,13,6.68,,5-14天,$43,,,1,持仓中,65,,,,,,,,47.5222282409668,5.8,46.60814666748047,3.76,,,10D
2026-08-24,EL,Estée Lauder Companies (The),Core_Dragon,2026-08-20,97.43,104.13,4,6.88,,10-14天,$89.47,,,1,持仓中,87,,,,,,,,,,,,,,OPEN
2026-08-24,F,Ford Motor Company,Core_Dragon,2026-08-17,14.26,13.93,7,-2.31,,10-14天,$13.1,,,1,持仓中,72,,,,,,,,,,,,,,OPEN
2026-08-24,FISV,Fiserv,Core_Dragon,2026-08-04,53.30,52.96,20,-3.46,,14-21天,$47.80,,,1,持仓中,78,,,,,,,,52.720001220703125,-1.09,51.720001220703125,-2.96,,,10D
2026-08-24,GILD,Gilead Sciences,Core_Dragon,2026-08-05,135.24,146.74,19,7.9,,14-21天,$120.5,,,1,持仓中,70,,,,,,,,135.10902404785156,-0.1,146.77334594726562,8.53,,,10D
2026-08-24,HPE,Hewlett Packard Enterprise,Core_Dragon,2026-08-04,52.48,52.43,20,10.36,,14-21天,$44.21,,,1,持仓中,76,,,,,,,,54.242801666259766,3.36,55.549495697021484,5.85,,,10D
2026-08-24,KDP,Keurig Dr Pepper,Core_Dragon,2026-08-18,30.70,32.51,6,5.9,,14-28天,$29.1,,,1,持仓中,69,,,,,,,,,,,,,,OPEN
2026-08-24,KLAC,KLA Corporation,Core_Dragon,2026-08-19,196.43,181.57,5,-7.57,,10-14天,$183.54,,,1,持仓中,66,,,,,,,,,,,,,,OPEN
2026-08-24,KMI,Kinder Morgan,Core_Dragon,2026-08-14,32.23,31.00,10,-3.82,,14-21天,$27.43,,,1,持仓中,73,,,,,,,,,,,,,,OPEN
2026-08-24,KO,Coca-Cola,Core_Dragon,2026-08-12,85.27,91.99,12,7.24,,14-21天,$81.34,,,1,持仓中,70,,,,,,,,89.8140640258789,5.33,89.54566955566406,5.01,87.30902099609375,2.39,20D
2026-08-24,KVUE,Kenvue,Core_Dragon,2026-07-30,19.06,19.43,25,-0.77,,21-28天,$18.50,,,1,持仓中,83,,,,,,,,18.744905471801758,-1.64,18.97361183166504,-0.44,18.97361183166504,-0.44,20D
2026-08-24,LLY,Lilly (Eli),Core_Dragon,2026-08-05,1172.32,1246.93,19,11.59,,14-21天,$1045,,,1,持仓中,78,,,,,,,,1218.533935546875,3.94,1280.3399658203125,9.21,,,10D
2026-08-24,MDT,Medtronic,Core_Dragon,2026-08-12,88.24,92.90,12,4.43,,10-14天,$83.39,,,1,持仓中,72,,,,,,,,93.3642807006836,5.81,91.27144622802734,3.44,,,10D
2026-08-24,META,Meta Platforms,Core_Dragon,2026-08-14,596.51,559.02,10,-6.36,,14-21天,$506.71,,,1,持仓中,76,,,,,,,,549.4663696289062,-7.89,577.564208984375,-3.18,665.0751342773438,11.49,20D
2026-08-24,MOS,Mosaic Company (The),Core_Dragon,2026-08-24,24.62,24.00,0,-2.52,,5-14天,$22.69,,,1,持仓中,78,,,,,,,,,,,,,,OPEN
2026-08-24,MRK,Merck,Core_Dragon,2026-08-13,133.07,150.66,11,12.55,,14-21天,$125.88,,,1,持仓中,65,,,,,,,,148.11570739746094,11.3,148.6624755859375,11.71,143.08538818359375,7.52,20D
2026-08-24,MRNA,Moderna,Core_Dragon,2026-08-24,142.70,138.89,0,-2.67,,3-10天,$135.69,,,1,持仓中,76,,,,,,,,,,,,,,OPEN
2026-08-24,MRVL,Marvell Technology,Core_Dragon,2026-08-13,217.68,229.29,11,5.33,,14天,$203.56,,,1,持仓中,68,,,,,,,,,,,,,,OPEN
2026-08-24,MSFT,Microsoft,Core_Dragon,2026-08-20,483.30,487.31,4,0.83,,10-14天,$445.07,,,2,持仓中,71,,,,,,,,505.05999755859375,4.5,510.1199951171875,5.55,493.7799987792969,2.17,20D
2026-08-24,MU,Micron Technology,Core_Dragon,2026-08-07,903.60,910.43,17,3.74,,14-21天,$776,,,2,持仓中,科技,,,,,,,,971.6599731445312,7.53,966.780029296875,6.99,,,10D
2026-08-24,NEE,NextEra Energy,Core_Dragon,2026-08-19,86.54,84.10,5,-2.82,,14-21天,$81.3,,,1,持仓中,68,,,,,,,,,,,,,,OPEN
2026-08-24,NEM,Newmont,Core_Dragon,2026-08-21,131.12,131.84,3,0.55,,7-14天,$110.1,,,1,持仓中,68,,,,,,,,,,,,,,OPEN
2026-08-24,NFLX,Netflix,Core_Dragon,2026-08-20,80.14,80.01,4,-0.16,,10-14天,$73.93,,,1,持仓中,72,,,,,,,,,,,,,,OPEN
2026-08-24,O,Realty Income,Core_Dragon,2026-08-13,62.77,63.17,11,0.64,,14-28天,$59.17,,,1,持仓中,70,,,,,,,,,,,,,,OPEN
2026-08-24,OXY,Occidental Petroleum,Core_Dragon,2026-08-07,55.91,60.11,17,7.51,,14-21天,$49.3,,,1,持仓中,科技,,,,,,,,,,,,,,OPEN
2026-08-24,PCG,PG&E Corporation,Core_Dragon,2026-08-12,17.36,18.11,12,4.32,,14-21天,$16.56,,,1,持仓中,65,,,,,,,,17.649999618530273,1.67,18.219999313354492,4.95,,,10D
2026-08-24,PG,Procter & Gamble,Core_Dragon,2026-08-19,144.30,146.60,5,1.59,,14-21天,$138.82,,,1,持仓中,64,,,,,,,,,,,,,,OPEN
2026-08-24,PPL,PPL Corporation,Core_Dragon,2026-08-10,34.99,35.04,14,0.14,,14-21天,$33.6,,,2,持仓中,科技,,,,,,,,,,,,,,OPEN
2026-08-24,QCOM,Qualcomm,Core_Dragon,2026-08-18,157.04,158.53,6,0.41,,10-21天,$150.47,,,1,持仓中,65,,,,,,,,159.6908721923828,1.69,165.7081298828125,5.52,184.83999633789062,17.71,20D
2026-08-24,RDDT,Reddit,Core_Dragon,2026-08-18,166.10,152.70,6,-8.07,,7-14天,$153.89,,,1,持仓中,80,,,,,,,,,,,,,,OPEN
2026-08-24,ROST,Ross Stores,Core_Dragon,2026-08-21,243.85,241.52,3,-0.96,,10-14天,$207.37,,,1,持仓中,72,,,,,,,,,,,,,,OPEN
2026-08-24,SLB,Schlumberger,Core_Dragon,2026-08-17,53.98,54.00,7,0.04,,8-12天,$49.69,,,1,持仓中,70,,,,,,,,,,,,,,OPEN
2026-08-24,SNDK,Sandisk,Core_Dragon,2026-08-17,1700.74,1493.12,7,-12.21,,7-10天,$1564.87,,,1,持仓中,66,,,,,,,,,,,,,,OPEN
2026-08-24,T,AT&T,Core_Dragon,2026-08-07,23.79,25.69,17,7.99,,21-28天,$21.3,,,2,持仓中,科技,,,,,,,,,,,,,,OPEN
2026-08-24,TSCO,Tractor Supply,Core_Dragon,2026-08-11,34.43,35.92,13,4.33,,7-14天,$32,,,1,持仓中,68,,,,,,,,,,,,,,OPEN
2026-08-24,V,Visa Inc.,Core_Dragon,2026-08-18,359.62,382.41,6,6.34,,10-14天,$343.67,,,1,持仓中,79,,,,,,,,384.1400146484375,6.82,372.6700134277344,3.63,370.92999267578125,3.14,20D
2026-08-24,VICI,Vici Properties,Core_Dragon,2026-08-14,26.38,26.78,10,1.52,,14-21天,$22.43,,,1,持仓中,68,,,,,,,,,,,,,,OPEN
2026-08-24,VZ,Verizon,Core_Dragon,2026-08-11,46.90,50.15,13,6.93,,10-21天,$44.5,,,1,持仓中,62,,,,,,,,,,,,,,OPEN
2026-08-24,WDC,Western Digital,Core_Dragon,2026-08-17,525.53,435.38,7,-17.15,,10-14天,$483.38,,,1,持仓中,75,,,,,,,,,,,,,,OPEN
2026-08-24,BMY,Bristol Myers Squibb,Core_Dragon,2026-08-03,66.12,67.28,21,3.51,3.51,14-21天,$60.5,,,1,已超期归档,78,,,,,,,,64.83999633789062,-1.94,64.62999725341797,-2.25,,,FINAL
2026-08-24,CMCSA,Comcast,Core_Dragon,2026-08-03,24.43,27.02,21,15.27,15.27,14-21天,$22.1,,,1,已超期归档,72,,,,,,,,25.200000762939453,3.15,25.56999969482422,4.67,,,FINAL
2026-08-24,GEN,Gen Digital,Core_Dragon,2026-08-10,29.29,29.11,14,-0.61,-0.61,10-14天,$27.3,,,1,已超期归档,科技,,,,,,,,,,,,,,FINAL
2026-08-24,GOOG,Alphabet Inc. (Class C),Core_Dragon,2026-08-03,340.07,344.59,21,1.33,1.33,14-21天,$340,,,1,已超期归档,75,,,,,,,,,,,,,,FINAL
2026-08-24,HBAN,Huntington Bancshares,Core_Dragon,2026-08-12,17.84,17.03,12,-4.54,-4.54,7-10天,$16.87,,,1,已超期归档,64,,,,,,,,,,,,,,FINAL
2026-08-24,NOW,ServiceNow,Core_Dragon,2026-08-10,124.72,128.05,14,0.48,0.48,10-14天,$117,,,2,已超期归档,科技,,,,,,,,117.69999694824219,-5.63,128.0500030517578,2.67,,,FINAL
2026-08-24,UBER,Uber,Core_Dragon,2026-08-10,78.03,79.29,14,1.61,1.61,10-14天,$70.5,,,1,已超期归档,科技,,,,,,,,,,,,,,FINAL
2026-08-24,VTRS,Viatris,Core_Dragon,2026-08-03,17.65,16.54,21,-6.29,-6.29,14-21天,$16.2,,,1,已超期归档,71,,,,,,,,,,,,,,FINAL
2026-08-24,WFC,Wells Fargo,Core_Dragon,2026-08-03,87.06,84.72,21,-1.49,-1.49,14-21天,$79.5,,,1,已超期归档,70,,,,,,,,87.5199966430664,0.53,87.54000091552734,0.55,,,FINAL
2026-08-24,XOM,ExxonMobil,Core_Dragon,2026-08-10,153.51,164.05,14,2.67,2.67,10-14天,$145,,,2,已超期归档,科技,,,,,,,,161.4600067138672,5.18,164.0500030517578,6.87,,,FINAL
2026-08-25,AES,AES Corporation,Core_Dragon,2026-08-24,14.75,14.73,1,-0.14,,10-21天,$13.78,,,1,持仓中,68,,,,,,,,14.739999771118164,-0.07,14.829999923706055,0.54,14.819999694824219,0.47,20D
2026-08-25,AMAT,Applied Materials,Core_Dragon,2026-08-17,518.00,480.04,8,-7.33,,10-14天,$475.94,,,1,持仓中,67,,,,,,,,,,,,,,OPEN
2026-08-25,AMD,Advanced Micro Devices,Core_Dragon,2026-08-14,487.60,479.18,11,-1.73,,10-14天,$413.9,,,1,持仓中,70,,,,,,,,473.25,-2.94,465.5799865722656,-4.52,,,10D
2026-08-25,BSX,Boston Scientific,Core_Dragon,2026-08-24,50.29,49.86,1,-0.86,,7-14天,$47.92,,,1,持仓中,71,,,,,,,,48.29999923706055,-3.96,,,,,5D
2026-08-25,C,Citigroup,Core_Dragon,2026-08-24,131.38,133.25,1,1.42,,5-10天,$124.75,,,1,持仓中,65,,,,,,,,,,,,,,OPEN
2026-08-25,COHR,Coherent Corp.,Core_Dragon,2026-08-13,344.88,288.14,12,-16.45,,10-14天,$318.08,,,1,持仓中,62,,,,,,,,,,,,,,OPEN
2026-08-25,COIN,Coinbase,Core_Dragon,2026-08-20,172.75,187.16,5,8.34,,7-10天,$158.52,,,2,持仓中,74,,,,,,,,190.72000122070312,10.4,,,,,5D
2026-08-25,CRM,Salesforce,Core_Dragon,2026-08-19,194.21,205.69,6,5.91,,10-14天,$181.2,,,1,持仓中,72,,,,,,,,,,,,,,OPEN
2026-08-25,CSCO,Cisco,Core_Dragon,2026-08-13,113.93,111.11,12,-2.47,,14-21天,$106.68,,,1,持仓中,73,,,,,,,,109.58999633789062,-3.81,112.1500015258789,-1.56,112.12999725341797,-1.58,20D
2026-08-25,CVS,CVS Health,Core_Dragon,2026-08-05,93.72,92.90,20,-11.52,,14-21天,$84.4,,,1,持仓中,72,,,,,,,,94.72000122070312,1.07,93.6500015258789,-0.07,,,10D
2026-08-25,DIS,Disney,Core_Dragon,2026-08-05,101.99,111.25,20,13.67,,14-21天,$88.4,,,1,持仓中,71,,,,,,,,103.22000122070312,1.21,106.93000030517578,4.84,,,10D
2026-08-25,EL,Estée Lauder Companies (The),Core_Dragon,2026-08-20,97.43,104.85,5,7.62,,10-14天,$89.47,,,1,持仓中,87,,,,,,,,,,,,,,OPEN
2026-08-25,F,Ford Motor Company,Core_Dragon,2026-08-17,14.26,13.95,8,-2.17,,10-14天,$13.1,,,1,持仓中,72,,,,,,,,,,,,,,OPEN
2026-08-25,GILD,Gilead Sciences,Core_Dragon,2026-08-05,135.24,148.77,20,9.39,,14-21天,$120.5,,,1,持仓中,70,,,,,,,,135.10902404785156,-0.1,146.77334594726562,8.53,,,10D
2026-08-25,GOOGL,Alphabet Inc. (Class A),Core_Dragon,2026-08-25,349.38,346.96,0,-0.69,,5-14天,$296.33,,,1,持仓中,72,,,,,,,,,,,,,,OPEN
2026-08-25,KDP,Keurig Dr Pepper,Core_Dragon,2026-08-18,30.70,31.84,7,3.71,,14-28天,$29.1,,,1,持仓中,69,,,,,,,,,,,,,,OPEN
2026-08-25,KLAC,KLA Corporation,Core_Dragon,2026-08-19,196.43,183.34,6,-6.67,,10-14天,$183.54,,,1,持仓中,66,,,,,,,,,,,,,,OPEN
2026-08-25,KMI,Kinder Morgan,Core_Dragon,2026-08-14,32.23,30.94,11,-4.0,,14-21天,$27.43,,,1,持仓中,73,,,,,,,,,,,,,,OPEN
2026-08-25,KO,Coca-Cola,Core_Dragon,2026-08-12,85.27,91.64,13,6.83,,14-21天,$81.34,,,1,持仓中,70,,,,,,,,89.8140640258789,5.33,89.54566955566406,5.01,87.30902099609375,2.39,20D
2026-08-25,KVUE,Kenvue,Core_Dragon,2026-07-30,19.06,19.33,26,-1.28,,21-28天,$18.50,,,1,持仓中,83,,,,,,,,18.744905471801758,-1.64,18.97361183166504,-0.44,18.97361183166504,-0.44,20D
2026-08-25,LLY,Lilly (Eli),Core_Dragon,2026-08-05,1172.32,1233.66,20,10.41,,14-21天,$1045,,,1,持仓中,78,,,,,,,,1218.533935546875,3.94,1280.3399658203125,9.21,,,10D
2026-08-25,MDT,Medtronic,Core_Dragon,2026-08-12,88.24,91.14,13,2.45,,10-14天,$83.39,,,1,持仓中,72,,,,,,,,93.3642807006836,5.81,91.27144622802734,3.44,,,10D
2026-08-25,META,Meta Platforms,Core_Dragon,2026-08-14,596.51,570.05,11,-4.51,,14-21天,$506.71,,,1,持仓中,76,,,,,,,,549.4663696289062,-7.89,577.564208984375,-3.18,665.0751342773438,11.49,20D
2026-08-25,MOS,Mosaic Company (The),Core_Dragon,2026-08-24,24.62,24.27,1,-1.42,,5-14天,$22.69,,,1,持仓中,78,,,,,,,,,,,,,,OPEN
2026-08-25,MRK,Merck,Core_Dragon,2026-08-13,133.07,156.45,12,16.88,,14-21天,$125.88,,,1,持仓中,65,,,,,,,,148.11570739746094,11.3,148.6624755859375,11.71,143.08538818359375,7.52,20D
2026-08-25,MRNA,Moderna,Core_Dragon,2026-08-24,142.70,158.83,1,11.3,,3-10天,$135.69,,,1,持仓中,76,,,,,,,,,,,,,,OPEN
2026-08-25,MRVL,Marvell Technology,Core_Dragon,2026-08-13,217.68,240.38,12,10.43,,14天,$203.56,,,1,持仓中,68,,,,,,,,,,,,,,OPEN
2026-08-25,MSFT,Microsoft,Core_Dragon,2026-08-20,483.30,491.71,5,1.74,,10-14天,$445.07,,,2,持仓中,71,,,,,,,,505.05999755859375,4.5,510.1199951171875,5.55,493.7799987792969,2.17,20D
2026-08-25,MU,Micron Technology,Core_Dragon,2026-08-07,903.60,932.97,18,6.31,,14-21天,$776,,,2,持仓中,科技,,,,,,,,971.6599731445312,7.53,966.780029296875,6.99,,,10D
2026-08-25,NEE,NextEra Energy,Core_Dragon,2026-08-19,86.54,84.22,6,-2.68,,14-21天,$81.3,,,1,持仓中,68,,,,,,,,,,,,,,OPEN
2026-08-25,NEM,Newmont,Core_Dragon,2026-08-21,131.12,135.14,4,3.07,,7-14天,$110.1,,,1,持仓中,68,,,,,,,,,,,,,,OPEN
2026-08-25,NFLX,Netflix,Core_Dragon,2026-08-20,80.14,82.23,5,2.61,,10-14天,$73.93,,,1,持仓中,72,,,,,,,,,,,,,,OPEN
2026-08-25,O,Realty Income,Core_Dragon,2026-08-13,62.77,62.83,12,0.1,,14-28天,$59.17,,,1,持仓中,70,,,,,,,,,,,,,,OPEN
2026-08-25,ORCL,Oracle Corporation,Core_Dragon,2026-08-25,143.30,144.76,0,1.02,,7-14天,$121.77,,,1,持仓中,68,,,,,,,,141.32000732421875,-1.38,161.6300048828125,12.79,,,10D
2026-08-25,OXY,Occidental Petroleum,Core_Dragon,2026-08-07,55.91,58.41,18,4.47,,14-21天,$49.3,,,1,持仓中,科技,,,,,,,,,,,,,,OPEN
2026-08-25,PCG,PG&E Corporation,Core_Dragon,2026-08-12,17.36,18.36,13,5.76,,14-21天,$16.56,,,1,持仓中,65,,,,,,,,17.649999618530273,1.67,18.219999313354492,4.95,,,10D
2026-08-25,PG,Procter & Gamble,Core_Dragon,2026-08-19,144.30,145.40,6,0.76,,14-21天,$138.82,,,1,持仓中,64,,,,,,,,,,,,,,OPEN
2026-08-25,PPL,PPL Corporation,Core_Dragon,2026-08-10,34.99,34.99,15,0.0,,14-21天,$33.6,,,2,持仓中,科技,,,,,,,,,,,,,,OPEN
2026-08-25,QCOM,Qualcomm,Core_Dragon,2026-08-18,157.04,160.56,7,1.69,,10-21天,$150.47,,,1,持仓中,65,,,,,,,,159.6908721923828,1.69,165.7081298828125,5.52,184.83999633789062,17.71,20D
2026-08-25,RDDT,Reddit,Core_Dragon,2026-08-18,166.10,162.45,7,-2.2,,7-14天,$153.89,,,1,持仓中,80,,,,,,,,,,,,,,OPEN
2026-08-25,ROST,Ross Stores,Core_Dragon,2026-08-21,243.85,241.19,4,-1.09,,10-14天,$207.37,,,1,持仓中,72,,,,,,,,,,,,,,OPEN
2026-08-25,SLB,Schlumberger,Core_Dragon,2026-08-17,53.98,53.29,8,-1.28,,8-12天,$49.69,,,1,持仓中,70,,,,,,,,,,,,,,OPEN
2026-08-25,SNDK,Sandisk,Core_Dragon,2026-08-17,1700.74,1480.77,8,-12.93,,7-10天,$1564.87,,,1,持仓中,66,,,,,,,,,,,,,,OPEN
2026-08-25,T,AT&T,Core_Dragon,2026-08-07,23.79,25.77,18,8.32,,21-28天,$21.3,,,2,持仓中,科技,,,,,,,,,,,,,,OPEN
2026-08-25,UPS,United Parcel Service,Core_Dragon,2026-08-25,103.08,105.14,0,2.0,,5-14天,$87.67,,,1,持仓中,65,,,,,,,,,,,,,,OPEN
2026-08-25,V,Visa Inc.,Core_Dragon,2026-08-18,359.62,384.14,7,6.82,,10-14天,$343.67,,,1,持仓中,79,,,,,,,,384.1400146484375,6.82,372.6700134277344,3.63,370.92999267578125,3.14,20D
2026-08-25,VICI,Vici Properties,Core_Dragon,2026-08-14,26.38,26.29,11,-0.34,,14-21天,$22.43,,,1,持仓中,68,,,,,,,,,,,,,,OPEN
2026-08-25,VZ,Verizon,Core_Dragon,2026-08-11,46.90,50.25,14,7.14,,10-21天,$44.5,,,1,持仓中,62,,,,,,,,,,,,,,OPEN
2026-08-25,WDC,Western Digital,Core_Dragon,2026-08-17,525.53,450.75,8,-14.23,,10-14天,$483.38,,,1,持仓中,75,,,,,,,,,,,,,,OPEN
2026-08-25,CVX,Chevron,Core_Dragon,2026-08-11,192.57,199.89,14,2.9,2.9,5-14天,$185,,,1,已超期归档,71,,,,,,,,203.9600067138672,5.92,199.88999938964844,3.8,,,FINAL
2026-08-25,DVN,Devon Energy,Core_Dragon,2026-08-11,44.92,46.91,14,3.76,3.76,5-14天,$43,,,1,已超期归档,65,,,,,,,,47.5222282409668,5.8,46.60814666748047,3.76,,,FINAL
2026-08-25,FISV,Fiserv,Core_Dragon,2026-08-04,53.30,52.44,21,-4.41,-4.41,14-21天,$47.80,,,1,已超期归档,78,,,,,,,,52.720001220703125,-1.09,51.720001220703125,-2.96,,,FINAL
2026-08-25,HPE,Hewlett Packard Enterprise,Core_Dragon,2026-08-04,52.48,53.44,21,12.48,12.48,14-21天,$44.21,,,1,已超期归档,76,,,,,,,,54.242801666259766,3.36,55.549495697021484,5.85,,,FINAL
2026-08-25,TSCO,Tractor Supply,Core_Dragon,2026-08-11,34.43,35.38,14,2.76,2.76,7-14天,$32,,,1,已超期归档,68,,,,,,,,,,,,,,FINAL
2026-08-31,T,AT&T,Core_Dragon,2026-08-07,23.79,25.89,24,8.83,,21-28天,$21.3,,,2,持仓中,科技,,,,,,,,,,,,,,OPEN
2026-08-31,VZ,Verizon,Core_Dragon,2026-08-11,46.90,50.02,20,6.65,,10-21天,$44.5,,,1,持仓中,62,,,,,,,,,,,,,,OPEN
2026-08-31,KO,Coca-Cola,Core_Dragon,2026-08-12,85.27,88.67,19,3.37,,14-21天,$81.34,,,1,持仓中,70,,,,,,,,89.8140640258789,5.33,89.54566955566406,5.01,87.30902099609375,2.39,20D
2026-08-31,CSCO,Cisco,Core_Dragon,2026-08-13,113.93,110.49,18,-3.02,,14-21天,$106.68,,,1,持仓中,73,,,,,,,,109.58999633789062,-3.81,112.1500015258789,-1.56,112.12999725341797,-1.58,20D
2026-08-31,O,Realty Income,Core_Dragon,2026-08-13,62.77,61.28,18,-2.37,,14-28天,$59.17,,,1,持仓中,70,,,,,,,,,,,,,,OPEN
2026-08-31,MRK,Merck,Core_Dragon,2026-08-13,133.07,147.76,18,10.38,,14-21天,$125.88,,,1,持仓中,65,,,,,,,,148.11570739746094,11.3,148.6624755859375,11.71,143.08538818359375,7.52,20D
2026-08-31,KMI,Kinder Morgan,Core_Dragon,2026-08-14,32.23,32.24,17,0.03,,14-21天,$27.43,,,1,持仓中,73,,,,,,,,,,,,,,OPEN
2026-08-31,VICI,Vici Properties,Core_Dragon,2026-08-14,26.38,25.65,17,-2.77,,14-21天,$22.43,,,1,持仓中,68,,,,,,,,,,,,,,OPEN
2026-08-31,META,Meta Platforms,Core_Dragon,2026-08-14,596.51,572.34,17,-4.13,,14-21天,$506.71,,,1,持仓中,76,,,,,,,,549.4663696289062,-7.89,577.564208984375,-3.18,665.0751342773438,11.49,20D
2026-08-31,V,Visa Inc.,Core_Dragon,2026-08-18,359.62,379.37,13,5.49,,10-14天,$343.67,,,1,持仓中,79,,,,,,,,384.1400146484375,6.82,372.6700134277344,3.63,370.92999267578125,3.14,20D
2026-08-31,KDP,Keurig Dr Pepper,Core_Dragon,2026-08-18,30.70,31.86,13,3.78,,14-28天,$29.1,,,1,持仓中,69,,,,,,,,,,,,,,OPEN
2026-08-31,QCOM,Qualcomm,Core_Dragon,2026-08-18,157.04,170.48,13,7.97,,10-21天,$150.47,,,1,持仓中,65,,,,,,,,159.6908721923828,1.69,165.7081298828125,5.52,184.83999633789062,17.71,20D
2026-08-31,CRM,Salesforce,Core_Dragon,2026-08-19,194.21,257.54,12,32.61,,10-14天,$181.2,,,1,持仓中,72,,,,,,,,,,,,,,OPEN
2026-08-31,PG,Procter & Gamble,Core_Dragon,2026-08-19,144.30,145.12,12,0.57,,14-21天,$138.82,,,1,持仓中,64,,,,,,,,,,,,,,OPEN
2026-08-31,NFLX,Netflix,Core_Dragon,2026-08-20,80.14,81.05,11,1.14,,10-14天,$73.93,,,1,持仓中,72,,,,,,,,,,,,,,OPEN
2026-08-31,MSFT,Microsoft,Core_Dragon,2026-08-20,483.30,507.29,11,4.96,,10-14天,$445.07,,,2,持仓中,71,,,,,,,,505.05999755859375,4.5,510.1199951171875,5.55,493.7799987792969,2.17,20D
2026-08-31,EL,Estée Lauder Companies (The),Core_Dragon,2026-08-20,97.43,102.30,11,5.0,,10-14天,$89.47,,,1,持仓中,87,,,,,,,,,,,,,,OPEN
2026-08-31,ROST,Ross Stores,Core_Dragon,2026-08-21,243.85,228.54,10,-6.28,,10-14天,$207.37,,,1,持仓中,72,,,,,,,,,,,,,,OPEN
2026-08-31,NEM,Newmont,Core_Dragon,2026-08-21,131.12,126.06,10,-3.86,,7-14天,$110.1,,,1,持仓中,68,,,,,,,,,,,,,,OPEN
2026-08-31,MOS,Mosaic Company (The),Core_Dragon,2026-08-24,24.62,24.12,7,-2.03,,5-14天,$22.69,,,1,持仓中,78,,,,,,,,,,,,,,OPEN
2026-08-31,C,Citigroup,Core_Dragon,2026-08-24,131.38,131.62,7,0.18,,5-10天,$124.75,,,1,持仓中,65,,,,,,,,,,,,,,OPEN
2026-08-31,AES,AES Corporation,Core_Dragon,2026-08-24,14.75,14.74,7,-0.07,,10-21天,$13.78,,,1,持仓中,68,,,,,,,,14.739999771118164,-0.07,14.829999923706055,0.54,14.819999694824219,0.47,20D
2026-08-31,GOOGL,Alphabet Inc. (Class A),Core_Dragon,2026-08-25,349.38,339.35,6,-2.87,,5-14天,$296.33,,,1,持仓中,72,,,,,,,,,,,,,,OPEN
2026-08-31,ORCL,Oracle Corporation,Core_Dragon,2026-08-25,143.30,149.12,6,4.06,,7-14天,$121.77,,,1,持仓中,68,,,,,,,,141.32000732421875,-1.38,161.6300048828125,12.79,,,10D
2026-08-31,UPS,United Parcel Service,Core_Dragon,2026-08-25,103.08,104.23,6,1.12,,5-14天,$87.67,,,1,持仓中,65,,,,,,,,,,,,,,OPEN
2026-08-31,GOOG,Alphabet Inc. (Class C),Core_Dragon,2026-08-03,340.07,340.00,28,-0.02,-0.02,14-21天,$340,,,1,止损触发清仓,75,,,,,,,,,,,,,,FINAL
2026-08-31,VTRS,Viatris,Core_Dragon,2026-08-03,17.65,16.20,28,-8.22,-8.22,14-21天,$16.2,,,1,止损触发清仓,71,,,,,,,,,,,,,,FINAL
2026-08-31,NCLH,Norwegian Cruise Line Holdings,Core_Dragon,2026-08-04,19.00,17.39,27,-8.47,-8.47,14天,$17.39,,,1,止损触发清仓,71,,,,,,,,,,,,,,FINAL
2026-08-31,HBAN,Huntington Bancshares,Core_Dragon,2026-08-12,17.84,16.87,19,-5.44,-5.44,7-10天,$16.87,,,1,止损触发清仓,64,,,,,,,,,,,,,,FINAL
2026-08-31,PCG,PG&E Corporation,Core_Dragon,2026-08-12,17.36,16.56,19,-4.61,-4.61,14-21天,$16.56,,,1,止损触发清仓,65,,,,,,,,17.649999618530273,1.67,18.219999313354492,4.95,,,FINAL
2026-08-31,COHR,Coherent Corp.,Core_Dragon,2026-08-13,344.88,318.08,18,-7.77,-7.77,10-14天,$318.08,,,1,止损触发清仓,62,,,,,,,,,,,,,,FINAL
2026-08-31,SNDK,Sandisk,Core_Dragon,2026-08-17,1700.74,1564.87,14,-7.99,-7.99,7-10天,$1564.87,,,1,止损触发清仓,66,,,,,,,,,,,,,,FINAL
2026-08-31,AMAT,Applied Materials,Core_Dragon,2026-08-17,518.00,475.94,14,-8.12,-8.12,10-14天,$475.94,,,1,止损触发清仓,67,,,,,,,,,,,,,,FINAL
2026-08-31,WDC,Western Digital,Core_Dragon,2026-08-17,525.53,483.38,14,-8.02,-8.02,10-14天,$483.38,,,1,止损触发清仓,75,,,,,,,,,,,,,,FINAL
2026-08-31,RDDT,Reddit,Core_Dragon,2026-08-18,166.10,153.89,13,-7.35,-7.35,7-14天,$153.89,,,1,止损触发清仓,80,,,,,,,,,,,,,,FINAL
2026-08-31,KLAC,KLA Corporation,Core_Dragon,2026-08-19,196.43,183.54,12,-6.56,-6.56,10-14天,$183.54,,,1,止损触发清仓,66,,,,,,,,,,,,,,FINAL
2026-08-31,NEE,NextEra Energy,Core_Dragon,2026-08-19,86.54,81.30,12,-6.06,-6.06,14-21天,$81.3,,,1,止损触发清仓,68,,,,,,,,,,,,,,FINAL
2026-08-31,MRNA,Moderna,Core_Dragon,2026-08-24,142.70,135.69,7,-4.91,-4.91,3-10天,$135.69,,,1,止损触发清仓,76,,,,,,,,,,,,,,FINAL
2026-08-31,BSX,Boston Scientific,Core_Dragon,2026-08-24,50.29,47.92,7,-4.71,-4.71,7-14天,$47.92,,,1,止损触发清仓,71,,,,,,,,48.29999923706055,-3.96,,,,,FINAL
2026-08-31,CVS,CVS Health,Core_Dragon,2026-08-05,93.72,94.32,26,-10.17,-10.17,14-21天,$84.4,,,1,已超期归档,72,,,,,,,,94.72000122070312,1.07,93.6500015258789,-0.07,,,FINAL
2026-08-31,DIS,Disney,Core_Dragon,2026-08-05,101.99,109.63,26,12.02,12.02,14-21天,$88.4,,,1,已超期归档,71,,,,,,,,103.22000122070312,1.21,106.93000030517578,4.84,,,FINAL
2026-08-31,GILD,Gilead Sciences,Core_Dragon,2026-08-05,135.24,148.09,26,8.89,8.89,14-21天,$120.5,,,1,已超期归档,70,,,,,,,,135.10902404785156,-0.1,146.77334594726562,8.53,,,FINAL
2026-08-31,LLY,Lilly (Eli),Core_Dragon,2026-08-05,1172.32,1189.41,26,6.45,6.45,14-21天,$1045,,,1,已超期归档,78,,,,,,,,1218.533935546875,3.94,1280.3399658203125,9.21,,,FINAL
2026-08-31,MU,Micron Technology,Core_Dragon,2026-08-07,903.60,932.86,24,6.3,6.3,14-21天,$776,,,2,已超期归档,科技,,,,,,,,971.6599731445312,7.53,966.780029296875,6.99,,,FINAL
2026-08-31,OXY,Occidental Petroleum,Core_Dragon,2026-08-07,55.91,59.10,24,5.71,5.71,14-21天,$49.3,,,1,已超期归档,科技,,,,,,,,,,,,,,FINAL
2026-08-31,PPL,PPL Corporation,Core_Dragon,2026-08-10,34.99,34.13,21,-2.46,-2.46,14-21天,$33.6,,,2,已超期归档,科技,,,,,,,,,,,,,,FINAL
2026-08-31,MDT,Medtronic,Core_Dragon,2026-08-12,88.24,92.02,19,3.44,3.44,10-14天,$83.39,,,1,已超期归档,72,,,,,,,,93.3642807006836,5.81,91.27144622802734,3.44,,,FINAL
2026-08-31,MRVL,Marvell Technology,Core_Dragon,2026-08-13,217.68,241.45,18,10.92,10.92,14天,$203.56,,,1,已超期归档,68,,,,,,,,,,,,,,FINAL
2026-08-31,AMD,Advanced Micro Devices,Core_Dragon,2026-08-14,487.60,465.58,17,-4.52,-4.52,10-14天,$413.9,,,1,已超期归档,70,,,,,,,,473.25,-2.94,465.5799865722656,-4.52,,,FINAL
2026-08-31,F,Ford Motor Company,Core_Dragon,2026-08-17,14.26,13.94,14,-2.24,-2.24,10-14天,$13.1,,,1,已超期归档,72,,,,,,,,,,,,,,FINAL
2026-08-31,SLB,Schlumberger,Core_Dragon,2026-08-17,53.98,57.33,14,6.21,6.21,8-12天,$49.69,,,1,已超期归档,70,,,,,,,,,,,,,,FINAL
2026-08-31,COIN,Coinbase,Core_Dragon,2026-08-20,172.75,178.64,11,3.41,3.41,7-10天,$158.52,,,2,已超期归档,74,,,,,,,,190.72000122070312,10.4,,,,,FINAL
2026-09-02,HPE,Hewlett Packard Enterprise,Core_Dragon,2026-08-04,52.48,51.83,29,9.09,,动态持有,44.21,,,1,持仓中,76,,,,,,,,54.242801666259766,3.36,55.549495697021484,5.85,,,10D
2026-09-02,ON,ON Semiconductor,Core_Dragon,2026-08-04,84.39,72.34,29,-9.41,,动态持有,70.75,,,1,持仓中,73,,,,,,,,81.11000061035156,-3.89,79.41999816894531,-5.89,,,10D
2026-09-02,FISV,Fiserv,Core_Dragon,2026-08-04,53.30,51.98,29,-5.25,,动态持有,47.8,,,1,持仓中,78,,,,,,,,52.720001220703125,-1.09,51.720001220703125,-2.96,,,10D
2026-09-02,CVS,CVS Health,Core_Dragon,2026-08-05,93.72,97.23,28,-7.4,,动态持有,84.4,,,1,持仓中,72,,,,,,,,94.72000122070312,1.07,93.6500015258789,-0.07,,,10D
2026-09-02,DIS,Disney,Core_Dragon,2026-08-05,101.99,107.98,28,10.33,,动态持有,88.4,,,1,持仓中,71,,,,,,,,103.22000122070312,1.21,106.93000030517578,4.84,,,10D
2026-09-02,GILD,Gilead Sciences,Core_Dragon,2026-08-05,135.24,149.61,28,10.01,,动态持有,120.5,,,1,持仓中,70,,,,,,,,135.10902404785156,-0.1,146.77334594726562,8.53,,,10D
2026-09-02,BKNG,Booking Holdings,Core_Dragon,2026-08-05,207.24,199.60,28,-3.92,,动态持有,184.0,,,1,持仓中,74,,,,,,,,211.7486114501953,2.18,212.48683166503906,2.53,,,10D
2026-09-02,LLY,Lilly (Eli),Core_Dragon,2026-08-05,1172.32,1160.08,28,3.82,,动态持有,1045.0,,,1,持仓中,78,,,,,,,,1218.533935546875,3.94,1280.3399658203125,9.21,,,10D
2026-09-02,T,AT&T,Core_Dragon,2026-08-07,23.79,25.95,26,9.08,,动态持有,21.3,,,2,持仓中,68,,,,,,,,,,,,,,OPEN
2026-09-02,MU,Micron Technology,Core_Dragon,2026-08-07,903.60,956.08,26,8.95,,动态持有,776.0,,,2,持仓中,72,,,,,,,,971.6599731445312,7.53,966.780029296875,6.99,,,10D
2026-09-02,OXY,Occidental Petroleum,Core_Dragon,2026-08-07,55.91,60.91,26,8.94,,动态持有,49.3,,,1,持仓中,科技,,,,,,,,,,,,,,OPEN
2026-09-02,HAL,Halliburton,Core_Dragon,2026-08-07,31.89,37.63,26,18.0,,动态持有,28.6,,,1,持仓中,科技,,,,,,,,,,,,,,OPEN
2026-09-02,UBER,Uber,Core_Dragon,2026-08-10,78.03,76.45,23,-2.02,,动态持有,70.5,,,2,持仓中,63,,,,,,,,,,,,,,OPEN
2026-09-02,NOW,ServiceNow,Core_Dragon,2026-08-10,124.72,136.72,23,7.28,,动态持有,117.0,,,2,持仓中,76,,,,,,,,117.69999694824219,-5.63,128.0500030517578,2.67,,,10D
2026-09-02,XOM,ExxonMobil,Core_Dragon,2026-08-10,153.51,164.15,23,2.73,,动态持有,145.0,,,2,持仓中,68,,,,,,,,161.4600067138672,5.18,164.0500030517578,6.87,,,10D
2026-09-02,GEN,Gen Digital,Core_Dragon,2026-08-10,29.29,30.65,23,4.64,,动态持有,27.3,,,1,持仓中,科技,,,,,,,,,,,,,,OPEN
2026-09-02,PPL,PPL Corporation,Core_Dragon,2026-08-10,34.99,34.54,23,-1.29,,动态持有,33.6,,,2,持仓中,69,,,,,,,,,,,,,,OPEN
2026-09-02,TSCO,Tractor Supply,Core_Dragon,2026-08-11,34.43,34.86,22,1.25,,动态持有,32.0,,,1,持仓中,68,,,,,,,,,,,,,,OPEN
2026-09-02,VZ,Verizon,Core_Dragon,2026-08-11,46.90,50.22,22,7.08,,动态持有,44.5,,,1,持仓中,62,,,,,,,,,,,,,,OPEN
2026-09-02,CVX,Chevron,Core_Dragon,2026-08-11,192.57,211.78,22,9.02,,动态持有,185.0,,,1,持仓中,71,,,,,,,,203.9600067138672,5.92,199.88999938964844,3.8,,,10D
2026-09-02,DVN,Devon Energy,Core_Dragon,2026-08-11,44.92,49.03,22,8.45,,动态持有,43.0,,,1,持仓中,65,,,,,,,,47.5222282409668,5.8,46.60814666748047,3.76,,,10D
2026-09-02,KO,Coca-Cola,Core_Dragon,2026-08-12,85.27,88.24,21,2.87,,动态持有,81.34,,,1,持仓中,70,,,,,,,,89.8140640258789,5.33,89.54566955566406,5.01,87.30902099609375,2.39,20D
2026-09-02,MDT,Medtronic,Core_Dragon,2026-08-12,88.24,92.18,21,3.62,,动态持有,83.39,,,1,持仓中,72,,,,,,,,93.3642807006836,5.81,91.27144622802734,3.44,,,10D
2026-09-02,CSCO,Cisco,Core_Dragon,2026-08-13,113.93,109.46,20,-3.92,,动态持有,106.68,,,1,持仓中,73,,,,,,,,109.58999633789062,-3.81,112.1500015258789,-1.56,112.12999725341797,-1.58,20D
2026-09-02,O,Realty Income,Core_Dragon,2026-08-13,62.77,61.50,20,-2.02,,动态持有,59.17,,,1,持仓中,70,,,,,,,,,,,,,,OPEN
2026-09-02,MRK,Merck,Core_Dragon,2026-08-13,133.07,151.64,20,13.28,,动态持有,125.88,,,1,持仓中,65,,,,,,,,148.11570739746094,11.3,148.6624755859375,11.71,143.08538818359375,7.52,20D
2026-09-02,AMD,Advanced Micro Devices,Core_Dragon,2026-08-14,487.60,457.06,19,-6.26,,动态持有,413.9,,,1,持仓中,70,,,,,,,,473.25,-2.94,465.5799865722656,-4.52,,,10D
2026-09-02,KMI,Kinder Morgan,Core_Dragon,2026-08-14,32.23,31.97,19,-0.81,,动态持有,27.43,,,1,持仓中,73,,,,,,,,,,,,,,OPEN
2026-09-02,VICI,Vici Properties,Core_Dragon,2026-08-14,26.38,25.61,19,-2.92,,动态持有,22.43,,,1,持仓中,68,,,,,,,,,,,,,,OPEN
2026-09-02,META,Meta Platforms,Core_Dragon,2026-08-14,596.51,592.85,19,-0.69,,动态持有,506.71,,,1,持仓中,76,,,,,,,,549.4663696289062,-7.89,577.564208984375,-3.18,665.0751342773438,11.49,20D
2026-09-02,F,Ford Motor Company,Core_Dragon,2026-08-17,14.26,14.14,16,-0.84,,动态持有,13.1,,,1,持仓中,72,,,,,,,,,,,,,,OPEN
2026-09-02,SLB,Schlumberger,Core_Dragon,2026-08-17,53.98,58.13,16,7.69,,动态持有,49.69,,,1,持仓中,70,,,,,,,,,,,,,,OPEN
2026-09-02,V,Visa Inc.,Core_Dragon,2026-08-18,359.62,378.40,15,5.22,,动态持有,343.67,,,1,持仓中,79,,,,,,,,384.1400146484375,6.82,372.6700134277344,3.63,370.92999267578125,3.14,20D
2026-09-02,KDP,Keurig Dr Pepper,Core_Dragon,2026-08-18,30.70,32.59,15,6.16,,动态持有,29.1,,,1,持仓中,69,,,,,,,,,,,,,,OPEN
2026-09-02,QCOM,Qualcomm,Core_Dragon,2026-08-18,157.04,169.96,15,7.64,,动态持有,150.47,,,1,持仓中,65,,,,,,,,159.6908721923828,1.69,165.7081298828125,5.52,184.83999633789062,17.71,20D
2026-09-02,CRM,Salesforce,Core_Dragon,2026-08-19,194.21,256.93,14,32.29,,动态持有,181.2,,,1,持仓中,72,,,,,,,,,,,,,,OPEN
2026-09-02,PG,Procter & Gamble,Core_Dragon,2026-08-19,144.30,147.64,14,2.31,,动态持有,138.82,,,1,持仓中,64,,,,,,,,,,,,,,OPEN
2026-09-02,NFLX,Netflix,Core_Dragon,2026-08-20,80.14,82.73,13,3.23,,动态持有,73.93,,,1,持仓中,72,,,,,,,,,,,,,,OPEN
2026-09-02,MSFT,Microsoft,Core_Dragon,2026-08-20,483.30,496.82,13,2.8,,动态持有,445.07,,,2,持仓中,70,,,,,,,,505.05999755859375,4.5,510.1199951171875,5.55,493.7799987792969,2.17,20D
2026-09-02,COIN,Coinbase,Core_Dragon,2026-08-20,172.75,174.96,13,1.28,,动态持有,158.52,,,2,持仓中,69,,,,,,,,190.72000122070312,10.4,,,,,5D
2026-09-02,EL,Estée Lauder Companies (The),Core_Dragon,2026-08-20,97.43,101.15,13,3.82,,动态持有,89.47,,,1,持仓中,87,,,,,,,,,,,,,,OPEN
2026-09-02,ROST,Ross Stores,Core_Dragon,2026-08-21,243.85,230.85,12,-5.33,,动态持有,207.37,,,1,持仓中,72,,,,,,,,,,,,,,OPEN
2026-09-02,NEM,Newmont,Core_Dragon,2026-08-21,131.12,125.16,12,-4.55,,动态持有,110.1,,,1,持仓中,68,,,,,,,,,,,,,,OPEN
2026-09-02,MOS,Mosaic Company (The),Core_Dragon,2026-08-24,24.62,25.78,9,4.71,,动态持有,22.69,,,1,持仓中,78,,,,,,,,,,,,,,OPEN
2026-09-02,C,Citigroup,Core_Dragon,2026-08-24,131.38,134.34,9,2.25,,动态持有,124.75,,,1,持仓中,65,,,,,,,,,,,,,,OPEN
2026-09-02,AES,AES Corporation,Core_Dragon,2026-08-24,14.75,14.80,9,0.34,,动态持有,13.78,,,1,持仓中,68,,,,,,,,14.739999771118164,-0.07,14.829999923706055,0.54,14.819999694824219,0.47,20D
2026-09-02,GOOGL,Alphabet Inc. (Class A),Core_Dragon,2026-08-25,349.38,337.12,8,-3.51,,动态持有,296.33,,,1,持仓中,72,,,,,,,,,,,,,,OPEN
2026-09-02,ORCL,Oracle Corporation,Core_Dragon,2026-08-25,143.30,145.75,8,1.71,,动态持有,121.77,,,1,持仓中,68,,,,,,,,141.32000732421875,-1.38,161.6300048828125,12.79,,,10D
2026-09-02,UPS,United Parcel Service,Core_Dragon,2026-08-25,103.08,103.01,8,-0.07,,动态持有,87.67,,,1,持仓中,65,,,,,,,,,,,,,,OPEN
2026-09-02,MRVL,Marvell Technology,Core_Dragon,2026-08-13,217.68,203.56,20,-6.49,-6.49,动态持有,203.56,,,1,移动止损清仓,68,,,,,,,,,,,,,,FINAL
2026-09-03,CVS,CVS Health,Core_Dragon,2026-08-05,93.72,97.20,29,-7.43,,动态持有,84.4,,,1,持仓中,72,CLEAR,2026-09-03,13.17,本次 Review 未发现触及或接近移动止损。,,,,94.72000122070312,1.07,93.6500015258789,-0.07,,,10D
2026-09-03,DIS,Disney,Core_Dragon,2026-08-05,101.99,107.16,29,9.49,,动态持有,88.4,,,1,持仓中,71,CLEAR,2026-09-03,17.51,本次 Review 未发现触及或接近移动止损。,,,,103.22000122070312,1.21,106.93000030517578,4.84,,,10D
2026-09-03,GILD,Gilead Sciences,Core_Dragon,2026-08-05,135.24,151.22,29,11.19,,动态持有,120.5,,,1,持仓中,70,CLEAR,2026-09-03,20.31,本次 Review 未发现触及或接近移动止损。,,,,135.10902404785156,-0.1,146.77334594726562,8.53,,,10D
2026-09-03,BKNG,Booking Holdings,Core_Dragon,2026-08-05,207.24,195.13,29,-6.07,,动态持有,184.0,,,1,持仓中,74,CLEAR,2026-09-03,5.7,本次 Review 未发现触及或接近移动止损。,,,,211.7486114501953,2.18,212.48683166503906,2.53,,,10D
2026-09-03,LLY,Lilly (Eli),Core_Dragon,2026-08-05,1172.32,1159.60,29,3.78,,动态持有,1045.0,,,1,持仓中,78,CLEAR,2026-09-03,9.88,本次 Review 未发现触及或接近移动止损。,,,,1218.533935546875,3.94,1280.3399658203125,9.21,,,10D
2026-09-03,T,AT&T,Core_Dragon,2026-08-07,23.79,26.19,27,10.09,,动态持有,21.3,,,2,持仓中,68,CLEAR,2026-09-03,18.67,本次 Review 未发现触及或接近移动止损。,,,,,,,,,,OPEN
2026-09-03,MU,Micron Technology,Core_Dragon,2026-08-07,903.60,958.16,27,9.18,,动态持有,776.0,,,2,持仓中,72,CLEAR,2026-09-03,19.01,本次 Review 未发现触及或接近移动止损。,,,,971.6599731445312,7.53,966.780029296875,6.99,,,10D
2026-09-03,OXY,Occidental Petroleum,Core_Dragon,2026-08-07,55.91,60.61,27,8.41,,动态持有,49.3,,,1,持仓中,科技,CLEAR,2026-09-03,18.66,本次 Review 未发现触及或接近移动止损。,,,,,,,,,,OPEN
2026-09-03,HAL,Halliburton,Core_Dragon,2026-08-07,31.89,37.29,27,16.93,,动态持有,28.6,,,1,持仓中,科技,CLEAR,2026-09-03,23.3,本次 Review 未发现触及或接近移动止损。,,,,,,,,,,OPEN
2026-09-03,UBER,Uber,Core_Dragon,2026-08-10,78.03,75.96,24,-2.65,,动态持有,70.5,,,2,持仓中,63,CLEAR,2026-09-03,7.19,本次 Review 未发现触及或接近移动止损。,,,,,,,,,,OPEN
2026-09-03,NOW,ServiceNow,Core_Dragon,2026-08-10,124.72,145.59,24,14.24,,动态持有,117.0,,,2,持仓中,76,CLEAR,2026-09-03,19.64,本次 Review 未发现触及或接近移动止损。,,,,117.69999694824219,-5.63,128.0500030517578,2.67,,,10D
2026-09-03,XOM,ExxonMobil,Core_Dragon,2026-08-10,153.51,162.21,24,1.51,,动态持有,145.0,,,2,持仓中,68,CLEAR,2026-09-03,10.61,本次 Review 未发现触及或接近移动止损。,,,,161.4600067138672,5.18,164.0500030517578,6.87,,,10D
2026-09-03,GEN,Gen Digital,Core_Dragon,2026-08-10,29.29,31.33,24,6.96,,动态持有,27.3,,,1,持仓中,科技,CLEAR,2026-09-03,12.86,本次 Review 未发现触及或接近移动止损。,,,,,,,,,,OPEN
2026-09-03,PPL,PPL Corporation,Core_Dragon,2026-08-10,34.99,35.11,24,0.34,,动态持有,33.6,,,2,持仓中,69,CLEAR,2026-09-03,4.3,本次 Review 未发现触及或接近移动止损。,,,,,,,,,,OPEN
2026-09-03,TSCO,Tractor Supply,Core_Dragon,2026-08-11,34.43,34.60,23,0.49,,动态持有,32.0,,,1,持仓中,68,CLEAR,2026-09-03,7.51,本次 Review 未发现触及或接近移动止损。,,,,,,,,,,OPEN
2026-09-03,VZ,Verizon,Core_Dragon,2026-08-11,46.90,50.59,23,7.87,,动态持有,44.5,,,1,持仓中,62,CLEAR,2026-09-03,12.04,本次 Review 未发现触及或接近移动止损。,,,,,,,,,,OPEN
2026-09-03,CVX,Chevron,Core_Dragon,2026-08-11,192.57,211.32,23,8.79,,动态持有,185.0,,,1,持仓中,71,CLEAR,2026-09-03,12.46,本次 Review 未发现触及或接近移动止损。,,,,203.9600067138672,5.92,199.88999938964844,3.8,,,10D
2026-09-03,DVN,Devon Energy,Core_Dragon,2026-08-11,44.92,48.79,23,7.92,,动态持有,43.0,,,1,持仓中,65,CLEAR,2026-09-03,11.87,本次 Review 未发现触及或接近移动止损。,,,,47.5222282409668,5.8,46.60814666748047,3.76,,,10D
2026-09-03,KO,Coca-Cola,Core_Dragon,2026-08-12,85.27,88.81,22,3.53,,动态持有,81.34,,,1,持仓中,70,CLEAR,2026-09-03,8.41,本次 Review 未发现触及或接近移动止损。,,,,89.8140640258789,5.33,89.54566955566406,5.01,87.30902099609375,2.39,20D
2026-09-03,MDT,Medtronic,Core_Dragon,2026-08-12,88.24,93.10,22,4.65,,动态持有,83.39,,,1,持仓中,72,CLEAR,2026-09-03,10.43,本次 Review 未发现触及或接近移动止损。,,,,93.3642807006836,5.81,91.27144622802734,3.44,,,10D
2026-09-03,CSCO,Cisco,Core_Dragon,2026-08-13,113.93,108.61,21,-4.67,,动态持有,106.68,,,1,持仓中,73,STOP_NEAR,2026-09-03,1.78,收盘距离移动止损约 1.78%，次日 Scan 强提醒。,,,,109.58999633789062,-3.81,112.1500015258789,-1.56,112.12999725341797,-1.58,20D
2026-09-03,O,Realty Income,Core_Dragon,2026-08-13,62.77,61.74,21,-1.64,,动态持有,59.17,,,1,持仓中,70,CLEAR,2026-09-03,4.16,本次 Review 未发现触及或接近移动止损。,,,,,,,,,,OPEN
2026-09-03,MRK,Merck,Core_Dragon,2026-08-13,133.07,152.34,21,13.81,,动态持有,125.88,,,1,持仓中,65,CLEAR,2026-09-03,17.37,本次 Review 未发现触及或接近移动止损。,,,,148.11570739746094,11.3,148.6624755859375,11.71,143.08538818359375,7.52,20D
2026-09-03,AMD,Advanced Micro Devices,Core_Dragon,2026-08-14,487.60,456.16,20,-6.45,,动态持有,413.9,,,1,持仓中,70,CLEAR,2026-09-03,9.26,本次 Review 未发现触及或接近移动止损。,,,,473.25,-2.94,465.5799865722656,-4.52,,,10D
2026-09-03,KMI,Kinder Morgan,Core_Dragon,2026-08-14,32.23,31.60,20,-1.95,,动态持有,27.43,,,1,持仓中,73,CLEAR,2026-09-03,13.2,本次 Review 未发现触及或接近移动止损。,,,,,,,,,,OPEN
2026-09-03,VICI,Vici Properties,Core_Dragon,2026-08-14,26.38,25.65,20,-2.77,,动态持有,22.43,,,1,持仓中,68,CLEAR,2026-09-03,12.55,本次 Review 未发现触及或接近移动止损。,,,,,,,,,,OPEN
2026-09-03,META,Meta Platforms,Core_Dragon,2026-08-14,596.51,610.68,20,2.29,,动态持有,506.71,,,1,持仓中,76,CLEAR,2026-09-03,17.03,本次 Review 未发现触及或接近移动止损。,,,,549.4663696289062,-7.89,577.564208984375,-3.18,665.0751342773438,11.49,20D
2026-09-03,F,Ford Motor Company,Core_Dragon,2026-08-17,14.26,14.41,17,1.05,,动态持有,13.1,,,1,持仓中,72,CLEAR,2026-09-03,9.09,本次 Review 未发现触及或接近移动止损。,,,,,,,,,,OPEN
2026-09-03,SLB,Schlumberger,Core_Dragon,2026-08-17,53.98,57.41,17,6.35,,动态持有,49.69,,,1,持仓中,70,CLEAR,2026-09-03,13.45,本次 Review 未发现触及或接近移动止损。,,,,,,,,,,OPEN
2026-09-03,V,Visa Inc.,Core_Dragon,2026-08-18,359.62,378.75,16,5.32,,动态持有,343.67,,,1,持仓中,79,CLEAR,2026-09-03,9.26,本次 Review 未发现触及或接近移动止损。,,,,384.1400146484375,6.82,372.6700134277344,3.63,370.92999267578125,3.14,20D
2026-09-03,KDP,Keurig Dr Pepper,Core_Dragon,2026-08-18,30.70,32.88,16,7.1,,动态持有,29.1,,,1,持仓中,69,CLEAR,2026-09-03,11.5,本次 Review 未发现触及或接近移动止损。,,,,,,,,,,OPEN
2026-09-03,QCOM,Qualcomm,Core_Dragon,2026-08-18,157.04,168.57,16,6.76,,动态持有,150.47,,,1,持仓中,65,CLEAR,2026-09-03,10.74,本次 Review 未发现触及或接近移动止损。,,,,159.6908721923828,1.69,165.7081298828125,5.52,184.83999633789062,17.71,20D
2026-09-03,CRM,Salesforce,Core_Dragon,2026-08-19,194.21,264.43,15,36.16,,动态持有,181.2,,,1,持仓中,72,CLEAR,2026-09-03,31.48,本次 Review 未发现触及或接近移动止损。,,,,,,,,,,OPEN
2026-09-03,PG,Procter & Gamble,Core_Dragon,2026-08-19,144.30,146.92,15,1.82,,动态持有,138.82,,,1,持仓中,64,CLEAR,2026-09-03,5.51,本次 Review 未发现触及或接近移动止损。,,,,,,,,,,OPEN
2026-09-03,NFLX,Netflix,Core_Dragon,2026-08-20,80.14,82.67,14,3.16,,动态持有,73.93,,,1,持仓中,72,CLEAR,2026-09-03,10.57,本次 Review 未发现触及或接近移动止损。,,,,,,,,,,OPEN
2026-09-03,MSFT,Microsoft,Core_Dragon,2026-08-20,483.30,510.12,14,5.55,,动态持有,445.07,,,2,持仓中,70,CLEAR,2026-09-03,12.75,本次 Review 未发现触及或接近移动止损。,,,,505.05999755859375,4.5,510.1199951171875,5.55,493.7799987792969,2.17,20D
2026-09-03,COIN,Coinbase,Core_Dragon,2026-08-20,172.75,192.70,14,11.55,,动态持有,158.52,,,2,持仓中,69,CLEAR,2026-09-03,17.74,本次 Review 未发现触及或接近移动止损。,,,,190.72000122070312,10.4,,,,,5D
2026-09-03,EL,Estée Lauder Companies (The),Core_Dragon,2026-08-20,97.43,100.86,14,3.52,,动态持有,89.47,,,1,持仓中,87,CLEAR,2026-09-03,11.29,本次 Review 未发现触及或接近移动止损。,,,,,,,,,,OPEN
2026-09-03,ROST,Ross Stores,Core_Dragon,2026-08-21,243.85,231.67,13,-4.99,,动态持有,207.37,,,1,持仓中,72,CLEAR,2026-09-03,10.49,本次 Review 未发现触及或接近移动止损。,,,,,,,,,,OPEN
2026-09-03,NEM,Newmont,Core_Dragon,2026-08-21,131.12,130.43,13,-0.53,,动态持有,110.1,,,1,持仓中,68,CLEAR,2026-09-03,15.59,本次 Review 未发现触及或接近移动止损。,,,,,,,,,,OPEN
2026-09-03,MOS,Mosaic Company (The),Core_Dragon,2026-08-24,24.62,25.49,10,3.53,,动态持有,22.69,,,1,持仓中,78,CLEAR,2026-09-03,10.98,本次 Review 未发现触及或接近移动止损。,,,,,,,,,,OPEN
2026-09-03,C,Citigroup,Core_Dragon,2026-08-24,131.38,138.14,10,5.14,,动态持有,124.75,,,1,持仓中,65,CLEAR,2026-09-03,9.69,本次 Review 未发现触及或接近移动止损。,,,,,,,,,,OPEN
2026-09-03,AES,AES Corporation,Core_Dragon,2026-08-24,14.75,14.78,10,0.2,,动态持有,13.78,,,1,持仓中,68,CLEAR,2026-09-03,6.77,本次 Review 未发现触及或接近移动止损。,,,,14.739999771118164,-0.07,14.829999923706055,0.54,14.819999694824219,0.47,20D
2026-09-03,GOOGL,Alphabet Inc. (Class A),Core_Dragon,2026-08-25,349.38,342.48,9,-1.97,,动态持有,296.33,,,1,持仓中,72,CLEAR,2026-09-03,13.48,本次 Review 未发现触及或接近移动止损。,,,,,,,,,,OPEN
2026-09-03,ORCL,Oracle Corporation,Core_Dragon,2026-08-25,143.30,154.04,9,7.49,,动态持有,121.77,,,1,持仓中,68,CLEAR,2026-09-03,20.95,本次 Review 未发现触及或接近移动止损。,,,,141.32000732421875,-1.38,161.6300048828125,12.79,,,10D
2026-09-03,UPS,United Parcel Service,Core_Dragon,2026-08-25,103.08,103.50,9,0.41,,动态持有,87.67,,,1,持仓中,65,CLEAR,2026-09-03,15.29,本次 Review 未发现触及或接近移动止损。,,,,,,,,,,OPEN
2026-09-04,T,AT&T,Core_Dragon,2026-08-07,23.79,25.68,28,7.94,,动态持有,21.3,,,2,持仓中,68,CLEAR,2026-09-04,17.06,本次 Review 未发现触及或接近移动止损。,,,,,,,,,,OPEN
2026-09-04,MU,Micron Technology,Core_Dragon,2026-08-07,903.60,1016.59,28,15.84,,动态持有,776.0,,,2,持仓中,72,CLEAR,2026-09-04,23.67,本次 Review 未发现触及或接近移动止损。,,,,971.6599731445312,7.53,966.780029296875,6.99,,,10D
2026-09-04,OXY,Occidental Petroleum,Core_Dragon,2026-08-07,55.91,60.04,28,7.39,,动态持有,49.3,,,1,持仓中,科技,CLEAR,2026-09-04,17.89,本次 Review 未发现触及或接近移动止损。,,,,,,,,,,OPEN
2026-09-04,HAL,Halliburton,Core_Dragon,2026-08-07,31.89,37.07,28,16.24,,动态持有,28.6,,,1,持仓中,科技,CLEAR,2026-09-04,22.85,本次 Review 未发现触及或接近移动止损。,,,,,,,,,,OPEN
2026-09-04,UBER,Uber,Core_Dragon,2026-08-10,78.03,75.76,25,-2.91,,动态持有,70.5,,,2,持仓中,63,CLEAR,2026-09-04,6.94,本次 Review 未发现触及或接近移动止损。,,,,,,,,,,OPEN
2026-09-04,NOW,ServiceNow,Core_Dragon,2026-08-10,124.72,141.26,25,10.84,,动态持有,117.0,,,2,持仓中,76,CLEAR,2026-09-04,17.17,本次 Review 未发现触及或接近移动止损。,,,,117.69999694824219,-5.63,128.0500030517578,2.67,,,10D
2026-09-04,XOM,ExxonMobil,Core_Dragon,2026-08-10,153.51,159.47,25,-0.2,,动态持有,145.0,,,2,持仓中,68,CLEAR,2026-09-04,9.07,本次 Review 未发现触及或接近移动止损。,,,,161.4600067138672,5.18,164.0500030517578,6.87,,,10D
2026-09-04,GEN,Gen Digital,Core_Dragon,2026-08-10,29.29,30.65,25,4.64,,动态持有,27.3,,,1,持仓中,科技,CLEAR,2026-09-04,10.93,本次 Review 未发现触及或接近移动止损。,,,,,,,,,,OPEN
2026-09-04,PPL,PPL Corporation,Core_Dragon,2026-08-10,34.99,35.11,25,0.34,,动态持有,33.6,,,2,持仓中,69,CLEAR,2026-09-04,4.3,本次 Review 未发现触及或接近移动止损。,,,,,,,,,,OPEN
2026-09-04,TSCO,Tractor Supply,Core_Dragon,2026-08-11,34.43,34.99,24,1.63,,动态持有,32.0,,,1,持仓中,68,CLEAR,2026-09-04,8.55,本次 Review 未发现触及或接近移动止损。,,,,,,,,,,OPEN
2026-09-04,VZ,Verizon,Core_Dragon,2026-08-11,46.90,50.14,24,6.91,,动态持有,44.5,,,1,持仓中,62,CLEAR,2026-09-04,11.25,本次 Review 未发现触及或接近移动止损。,,,,,,,,,,OPEN
2026-09-04,CVX,Chevron,Core_Dragon,2026-08-11,192.57,208.60,24,7.39,,动态持有,185.0,,,1,持仓中,71,CLEAR,2026-09-04,11.31,本次 Review 未发现触及或接近移动止损。,,,,203.9600067138672,5.92,199.88999938964844,3.8,,,10D
2026-09-04,DVN,Devon Energy,Core_Dragon,2026-08-11,44.92,48.06,24,6.3,,动态持有,43.0,,,1,持仓中,65,CLEAR,2026-09-04,10.53,本次 Review 未发现触及或接近移动止损。,,,,47.5222282409668,5.8,46.60814666748047,3.76,,,10D
2026-09-04,KO,Coca-Cola,Core_Dragon,2026-08-12,85.27,88.07,23,2.67,,动态持有,81.34,,,1,持仓中,70,CLEAR,2026-09-04,7.64,本次 Review 未发现触及或接近移动止损。,,,,89.8140640258789,5.33,89.54566955566406,5.01,87.30902099609375,2.39,20D
2026-09-04,MDT,Medtronic,Core_Dragon,2026-08-12,88.24,94.17,23,5.86,,动态持有,83.39,,,1,持仓中,72,CLEAR,2026-09-04,11.45,本次 Review 未发现触及或接近移动止损。,,,,93.3642807006836,5.81,91.27144622802734,3.44,,,10D
2026-09-04,CSCO,Cisco,Core_Dragon,2026-08-13,113.93,109.20,22,-4.15,,动态持有,106.68,,,1,持仓中,73,STOP_NEAR,2026-09-04,2.31,收盘距离移动止损约 2.31%，次日 Scan 强提醒。,,,,109.58999633789062,-3.81,112.1500015258789,-1.56,112.12999725341797,-1.58,20D
2026-09-04,O,Realty Income,Core_Dragon,2026-08-13,62.77,61.25,22,-2.42,,动态持有,59.17,,,1,持仓中,70,CLEAR,2026-09-04,3.4,本次 Review 未发现触及或接近移动止损。,,,,,,,,,,OPEN
2026-09-04,MRK,Merck,Core_Dragon,2026-08-13,133.07,150.33,22,12.3,,动态持有,125.88,,,1,持仓中,65,CLEAR,2026-09-04,16.26,本次 Review 未发现触及或接近移动止损。,,,,148.11570739746094,11.3,148.6624755859375,11.71,143.08538818359375,7.52,20D
2026-09-04,AMD,Advanced Micro Devices,Core_Dragon,2026-08-14,487.60,477.57,21,-2.06,,动态持有,413.9,,,1,持仓中,70,CLEAR,2026-09-04,13.33,本次 Review 未发现触及或接近移动止损。,,,,473.25,-2.94,465.5799865722656,-4.52,,,10D
2026-09-04,KMI,Kinder Morgan,Core_Dragon,2026-08-14,32.23,31.40,21,-2.58,,动态持有,27.43,,,1,持仓中,73,CLEAR,2026-09-04,12.64,本次 Review 未发现触及或接近移动止损。,,,,,,,,,,OPEN
2026-09-04,VICI,Vici Properties,Core_Dragon,2026-08-14,26.38,25.42,21,-3.64,,动态持有,22.43,,,1,持仓中,68,CLEAR,2026-09-04,11.76,本次 Review 未发现触及或接近移动止损。,,,,,,,,,,OPEN
2026-09-04,META,Meta Platforms,Core_Dragon,2026-08-14,596.51,616.77,21,3.32,,动态持有,506.71,,,1,持仓中,76,CLEAR,2026-09-04,17.84,本次 Review 未发现触及或接近移动止损。,,,,549.4663696289062,-7.89,577.564208984375,-3.18,665.0751342773438,11.49,20D
2026-09-04,F,Ford Motor Company,Core_Dragon,2026-08-17,14.26,14.62,18,2.52,,动态持有,13.1,,,1,持仓中,72,CLEAR,2026-09-04,10.4,本次 Review 未发现触及或接近移动止损。,,,,,,,,,,OPEN
2026-09-04,SLB,Schlumberger,Core_Dragon,2026-08-17,53.98,57.51,18,6.54,,动态持有,49.69,,,1,持仓中,70,CLEAR,2026-09-04,13.6,本次 Review 未发现触及或接近移动止损。,,,,,,,,,,OPEN
2026-09-04,V,Visa Inc.,Core_Dragon,2026-08-18,359.62,375.07,17,4.3,,动态持有,343.67,,,1,持仓中,79,CLEAR,2026-09-04,8.37,本次 Review 未发现触及或接近移动止损。,,,,384.1400146484375,6.82,372.6700134277344,3.63,370.92999267578125,3.14,20D
2026-09-04,KDP,Keurig Dr Pepper,Core_Dragon,2026-08-18,30.70,32.59,17,6.16,,动态持有,29.1,,,1,持仓中,69,CLEAR,2026-09-04,10.71,本次 Review 未发现触及或接近移动止损。,,,,,,,,,,OPEN
2026-09-04,QCOM,Qualcomm,Core_Dragon,2026-08-18,157.04,168.74,17,6.87,,动态持有,150.47,,,1,持仓中,65,CLEAR,2026-09-04,10.83,本次 Review 未发现触及或接近移动止损。,,,,159.6908721923828,1.69,165.7081298828125,5.52,184.83999633789062,17.71,20D
2026-09-04,CRM,Salesforce,Core_Dragon,2026-08-19,194.21,259.23,16,33.48,,动态持有,181.2,,,1,持仓中,72,CLEAR,2026-09-04,30.1,本次 Review 未发现触及或接近移动止损。,,,,,,,,,,OPEN
2026-09-04,PG,Procter & Gamble,Core_Dragon,2026-08-19,144.30,146.44,16,1.48,,动态持有,138.82,,,1,持仓中,64,CLEAR,2026-09-04,5.2,本次 Review 未发现触及或接近移动止损。,,,,,,,,,,OPEN
2026-09-04,NFLX,Netflix,Core_Dragon,2026-08-20,80.14,78.25,15,-2.36,,动态持有,73.93,,,1,持仓中,72,CLEAR,2026-09-04,5.52,本次 Review 未发现触及或接近移动止损。,,,,,,,,,,OPEN
2026-09-04,MSFT,Microsoft,Core_Dragon,2026-08-20,483.30,499.70,15,3.39,,动态持有,445.07,,,2,持仓中,70,CLEAR,2026-09-04,10.93,本次 Review 未发现触及或接近移动止损。,,,,505.05999755859375,4.5,510.1199951171875,5.55,493.7799987792969,2.17,20D
2026-09-04,COIN,Coinbase,Core_Dragon,2026-08-20,172.75,184.64,15,6.88,,动态持有,158.52,,,2,持仓中,69,CLEAR,2026-09-04,14.15,本次 Review 未发现触及或接近移动止损。,,,,190.72000122070312,10.4,,,,,5D
2026-09-04,EL,Estée Lauder Companies (The),Core_Dragon,2026-08-20,97.43,103.86,15,6.6,,动态持有,89.47,,,1,持仓中,87,CLEAR,2026-09-04,13.86,本次 Review 未发现触及或接近移动止损。,,,,,,,,,,OPEN
2026-09-04,ROST,Ross Stores,Core_Dragon,2026-08-21,243.85,230.69,14,-5.4,,动态持有,207.37,,,1,持仓中,72,CLEAR,2026-09-04,10.11,本次 Review 未发现触及或接近移动止损。,,,,,,,,,,OPEN
2026-09-04,NEM,Newmont,Core_Dragon,2026-08-21,131.12,128.09,14,-2.31,,动态持有,110.1,,,1,持仓中,68,CLEAR,2026-09-04,14.04,本次 Review 未发现触及或接近移动止损。,,,,,,,,,,OPEN
2026-09-04,MOS,Mosaic Company (The),Core_Dragon,2026-08-24,24.62,25.85,11,5.0,,动态持有,22.69,,,1,持仓中,78,CLEAR,2026-09-04,12.22,本次 Review 未发现触及或接近移动止损。,,,,,,,,,,OPEN
2026-09-04,C,Citigroup,Core_Dragon,2026-08-24,131.38,137.72,11,4.82,,动态持有,124.75,,,1,持仓中,65,CLEAR,2026-09-04,9.42,本次 Review 未发现触及或接近移动止损。,,,,,,,,,,OPEN
2026-09-04,AES,AES Corporation,Core_Dragon,2026-08-24,14.75,14.79,11,0.27,,动态持有,13.78,,,1,持仓中,68,CLEAR,2026-09-04,6.83,本次 Review 未发现触及或接近移动止损。,,,,14.739999771118164,-0.07,14.829999923706055,0.54,14.819999694824219,0.47,20D
2026-09-04,GOOGL,Alphabet Inc. (Class A),Core_Dragon,2026-08-25,349.38,338.46,10,-3.12,,动态持有,296.33,,,1,持仓中,72,CLEAR,2026-09-04,12.45,本次 Review 未发现触及或接近移动止损。,,,,,,,,,,OPEN
2026-09-04,ORCL,Oracle Corporation,Core_Dragon,2026-08-25,143.30,158.78,10,10.8,,动态持有,121.77,,,1,持仓中,68,CLEAR,2026-09-04,23.31,本次 Review 未发现触及或接近移动止损。,,,,141.32000732421875,-1.38,161.6300048828125,12.79,,,10D
2026-09-04,UPS,United Parcel Service,Core_Dragon,2026-08-25,103.08,102.29,10,-0.77,,动态持有,87.67,,,1,持仓中,65,CLEAR,2026-09-04,14.29,本次 Review 未发现触及或接近移动止损。,,,,,,,,,,OPEN
2026-09-09,TSCO,Tractor Supply,Core_Dragon,2026-08-11,34.43,34.00,29,-1.25,,动态持有,32.0,,,1,持仓中,68,CLEAR,2026-09-09,5.88,本次 Review 未发现触及或接近移动止损。,,,,,,,,,,OPEN
2026-09-09,XOM,ExxonMobil,Core_Dragon,2026-08-11,158.63,164.23,29,2.87,,动态持有,152.0,,,1,持仓中,68,CLEAR,2026-09-09,7.45,本次 Review 未发现触及或接近移动止损。,,,,165.55999755859375,4.37,160.63999938964844,1.27,164.22999572753906,3.53,20D
2026-09-09,VZ,Verizon,Core_Dragon,2026-08-11,46.90,49.74,29,6.06,,动态持有,44.5,,,1,持仓中,62,CLEAR,2026-09-09,10.53,本次 Review 未发现触及或接近移动止损。,,,,,,,,,,OPEN
2026-09-09,CVX,Chevron,Core_Dragon,2026-08-11,192.57,213.81,29,10.07,,动态持有,185.0,,,1,持仓中,71,CLEAR,2026-09-09,13.47,本次 Review 未发现触及或接近移动止损。,,,,203.9600067138672,5.92,199.88999938964844,3.8,,,10D
2026-09-09,DVN,Devon Energy,Core_Dragon,2026-08-11,44.92,48.98,29,8.34,,动态持有,43.0,,,1,持仓中,65,CLEAR,2026-09-09,12.21,本次 Review 未发现触及或接近移动止损。,,,,47.5222282409668,5.8,46.60814666748047,3.76,,,10D
2026-09-09,T,AT&T,Core_Dragon,2026-08-12,24.33,25.15,28,3.39,,动态持有,23.03,,,1,持仓中,68,CLEAR,2026-09-09,8.43,本次 Review 未发现触及或接近移动止损。,,,,,,,,,,OPEN
2026-09-09,KO,Coca-Cola,Core_Dragon,2026-08-12,85.27,87.55,28,2.06,,动态持有,81.34,,,1,持仓中,70,CLEAR,2026-09-09,7.09,本次 Review 未发现触及或接近移动止损。,,,,89.8140640258789,5.33,89.54566955566406,5.01,87.30902099609375,2.39,20D
2026-09-09,MDT,Medtronic,Core_Dragon,2026-08-12,88.24,91.89,28,3.29,,动态持有,83.39,,,1,持仓中,72,CLEAR,2026-09-09,9.25,本次 Review 未发现触及或接近移动止损。,,,,93.3642807006836,5.81,91.27144622802734,3.44,,,10D
2026-09-09,CSCO,Cisco,Core_Dragon,2026-08-13,113.93,109.43,27,-3.95,,动态持有,106.68,,,1,持仓中,73,STOP_NEAR,2026-09-09,2.51,收盘距离移动止损约 2.51%，次日 Scan 强提醒。,,,,109.58999633789062,-3.81,112.1500015258789,-1.56,112.12999725341797,-1.58,20D
2026-09-09,O,Realty Income,Core_Dragon,2026-08-13,62.77,60.11,27,-4.24,,动态持有,59.17,,,1,持仓中,70,STOP_NEAR,2026-09-09,1.56,收盘距离移动止损约 1.56%，次日 Scan 强提醒。,,,,,,,,,,OPEN
2026-09-09,MRK,Merck,Core_Dragon,2026-08-13,133.07,147.53,27,10.21,,动态持有,125.88,,,1,持仓中,65,CLEAR,2026-09-09,14.67,本次 Review 未发现触及或接近移动止损。,,,,148.11570739746094,11.3,148.6624755859375,11.71,143.08538818359375,7.52,20D
2026-09-09,MU,Micron Technology,Core_Dragon,2026-08-14,979.32,1027.77,26,4.91,,动态持有,830.26,,,1,持仓中,72,CLEAR,2026-09-09,19.22,本次 Review 未发现触及或接近移动止损。,,,,966.780029296875,-1.28,932.8599853515625,-4.74,924.030029296875,-5.65,20D
2026-09-09,AMD,Advanced Micro Devices,Core_Dragon,2026-08-14,487.60,521.10,26,6.87,,动态持有,413.9,,,1,持仓中,70,CLEAR,2026-09-09,20.57,本次 Review 未发现触及或接近移动止损。,,,,473.25,-2.94,465.5799865722656,-4.52,,,10D
2026-09-09,KMI,Kinder Morgan,Core_Dragon,2026-08-14,32.23,31.41,26,-2.54,,动态持有,27.43,,,1,持仓中,73,CLEAR,2026-09-09,12.67,本次 Review 未发现触及或接近移动止损。,,,,,,,,,,OPEN
2026-09-09,VICI,Vici Properties,Core_Dragon,2026-08-14,26.38,25.21,26,-4.44,,动态持有,22.43,,,1,持仓中,68,CLEAR,2026-09-09,11.03,本次 Review 未发现触及或接近移动止损。,,,,,,,,,,OPEN
2026-09-09,META,Meta Platforms,Core_Dragon,2026-08-14,596.51,653.69,26,9.5,,动态持有,506.71,,,1,持仓中,76,CLEAR,2026-09-09,22.48,本次 Review 未发现触及或接近移动止损。,,,,549.4663696289062,-7.89,577.564208984375,-3.18,665.0751342773438,11.49,20D
2026-09-09,F,Ford Motor Company,Core_Dragon,2026-08-17,14.26,13.45,23,-5.68,,动态持有,13.1,,,1,持仓中,72,STOP_NEAR,2026-09-09,2.6,收盘距离移动止损约 2.60%，次日 Scan 强提醒。,,,,,,,,,,OPEN
2026-09-09,SLB,Schlumberger,Core_Dragon,2026-08-17,53.98,57.05,23,5.69,,动态持有,49.69,,,1,持仓中,70,CLEAR,2026-09-09,12.9,本次 Review 未发现触及或接近移动止损。,,,,,,,,,,OPEN
2026-09-09,V,Visa Inc.,Core_Dragon,2026-08-18,359.62,367.39,22,2.16,,动态持有,343.67,,,1,持仓中,79,CLEAR,2026-09-09,6.46,本次 Review 未发现触及或接近移动止损。,,,,384.1400146484375,6.82,372.6700134277344,3.63,370.92999267578125,3.14,20D
2026-09-09,KDP,Keurig Dr Pepper,Core_Dragon,2026-08-18,30.70,32.08,22,4.5,,动态持有,29.1,,,1,持仓中,69,CLEAR,2026-09-09,9.29,本次 Review 未发现触及或接近移动止损。,,,,,,,,,,OPEN
2026-09-09,QCOM,Qualcomm,Core_Dragon,2026-08-18,157.04,176.40,22,11.72,,动态持有,150.47,,,1,持仓中,65,CLEAR,2026-09-09,14.7,本次 Review 未发现触及或接近移动止损。,,,,159.6908721923828,1.69,165.7081298828125,5.52,184.83999633789062,17.71,20D
2026-09-09,PPL,PPL Corporation,Core_Dragon,2026-08-19,35.91,34.55,21,-3.79,,动态持有,33.77,,,1,持仓中,69,STOP_NEAR,2026-09-09,2.26,收盘距离移动止损约 2.26%，次日 Scan 强提醒。,,,,,,,,,,OPEN
2026-09-09,CRM,Salesforce,Core_Dragon,2026-08-19,194.21,244.16,21,25.72,,动态持有,181.2,,,1,持仓中,72,CLEAR,2026-09-09,25.79,本次 Review 未发现触及或接近移动止损。,,,,,,,,,,OPEN
2026-09-09,PG,Procter & Gamble,Core_Dragon,2026-08-19,144.30,142.64,21,-1.15,,动态持有,138.82,,,1,持仓中,64,STOP_NEAR,2026-09-09,2.68,收盘距离移动止损约 2.68%，次日 Scan 强提醒。,,,,,,,,,,OPEN
2026-09-09,NFLX,Netflix,Core_Dragon,2026-08-20,80.14,76.03,20,-5.13,,动态持有,73.93,,,1,持仓中,72,STOP_NEAR,2026-09-09,2.76,收盘距离移动止损约 2.76%，次日 Scan 强提醒。,,,,,,,,,,OPEN
2026-09-09,NOW,ServiceNow,Core_Dragon,2026-08-20,128.15,131.11,20,2.31,,动态持有,117.87,,,1,持仓中,76,CLEAR,2026-09-09,10.1,本次 Review 未发现触及或接近移动止损。,,,,138.42999267578125,8.02,145.58999633789062,13.61,135.47000122070312,5.71,20D
2026-09-09,MSFT,Microsoft,Core_Dragon,2026-08-20,483.30,491.65,20,1.73,,动态持有,445.07,,,2,持仓中,70,CLEAR,2026-09-09,9.47,本次 Review 未发现触及或接近移动止损。,,,,505.05999755859375,4.5,510.1199951171875,5.55,493.7799987792969,2.17,20D
2026-09-09,COIN,Coinbase,Core_Dragon,2026-08-20,172.75,174.72,20,1.14,,动态持有,158.52,,,2,持仓中,69,CLEAR,2026-09-09,9.27,本次 Review 未发现触及或接近移动止损。,,,,190.72000122070312,10.4,,,,,5D
2026-09-09,EL,Estée Lauder Companies (The),Core_Dragon,2026-08-20,97.43,98.77,20,1.38,,动态持有,89.47,,,1,持仓中,87,CLEAR,2026-09-09,9.42,本次 Review 未发现触及或接近移动止损。,,,,,,,,,,OPEN
2026-09-09,ROST,Ross Stores,Core_Dragon,2026-08-21,243.85,225.27,19,-7.62,,动态持有,207.37,,,1,持仓中,72,CLEAR,2026-09-09,7.95,本次 Review 未发现触及或接近移动止损。,,,,,,,,,,OPEN
2026-09-09,NEM,Newmont,Core_Dragon,2026-08-21,131.12,128.71,19,-1.84,,动态持有,110.1,,,1,持仓中,68,CLEAR,2026-09-09,14.46,本次 Review 未发现触及或接近移动止损。,,,,,,,,,,OPEN
2026-09-09,MOS,Mosaic Company (The),Core_Dragon,2026-08-24,24.62,26.21,16,6.46,,动态持有,22.69,,,1,持仓中,78,CLEAR,2026-09-09,13.43,本次 Review 未发现触及或接近移动止损。,,,,,,,,,,OPEN
2026-09-09,C,Citigroup,Core_Dragon,2026-08-24,131.38,137.80,16,4.88,,动态持有,124.75,,,1,持仓中,65,CLEAR,2026-09-09,9.47,本次 Review 未发现触及或接近移动止损。,,,,,,,,,,OPEN
2026-09-09,AES,AES Corporation,Core_Dragon,2026-08-24,14.75,14.82,16,0.47,,动态持有,13.78,,,1,持仓中,68,CLEAR,2026-09-09,7.02,本次 Review 未发现触及或接近移动止损。,,,,14.739999771118164,-0.07,14.829999923706055,0.54,14.819999694824219,0.47,20D
2026-09-09,GOOGL,Alphabet Inc. (Class A),Core_Dragon,2026-08-25,349.38,330.65,15,-5.36,,动态持有,296.33,,,1,持仓中,72,CLEAR,2026-09-09,10.38,本次 Review 未发现触及或接近移动止损。,,,,,,,,,,OPEN
2026-09-09,ORCL,Oracle Corporation,Core_Dragon,2026-08-25,143.30,161.63,15,12.79,,动态持有,121.77,,,1,持仓中,68,CLEAR,2026-09-09,24.66,本次 Review 未发现触及或接近移动止损。,,,,141.32000732421875,-1.38,161.6300048828125,12.79,,,10D
2026-09-09,UBER,Uber,Core_Dragon,2026-08-25,79.38,71.08,15,-10.46,,动态持有,67.51,,,1,持仓中,63,CLEAR,2026-09-09,5.02,本次 Review 未发现触及或接近移动止损。,,,,,,,,,,OPEN
2026-09-09,UPS,United Parcel Service,Core_Dragon,2026-08-25,103.08,99.22,15,-3.74,,动态持有,87.67,,,1,持仓中,65,CLEAR,2026-09-09,11.64,本次 Review 未发现触及或接近移动止损。,,,,,,,,,,OPEN
2026-09-09,XOM,ExxonMobil,Core_Dragon,2026-08-11,158.63,164.23,29,2.87,,动态持有,157.45,,,1,持仓中,68,CLEAR,2026-09-09,4.13,本次 Review 未发现触及或接近移动止损。,,,,165.55999755859375,4.37,160.63999938964844,1.27,164.22999572753906,3.53,20D
2026-09-09,CVX,Chevron,Core_Dragon,2026-08-11,192.57,213.81,29,10.07,,动态持有,202.28,,,1,持仓中,71,CLEAR,2026-09-09,5.39,本次 Review 未发现触及或接近移动止损。,,,,203.9600067138672,5.92,199.88999938964844,3.8,,,10D
2026-09-09,DVN,Devon Energy,Core_Dragon,2026-08-11,44.92,48.98,29,8.34,,动态持有,46.66,,,1,持仓中,65,CLEAR,2026-09-09,4.74,本次 Review 未发现触及或接近移动止损。,,,,47.5222282409668,5.8,46.60814666748047,3.76,,,10D
2026-09-09,KO,Coca-Cola,Core_Dragon,2026-08-12,85.27,87.55,28,2.06,,动态持有,86.59,,,1,持仓中,70,STOP_NEAR,2026-09-09,1.1,收盘距离移动止损约 1.10%，次日 Scan 强提醒。,,,,89.8140640258789,5.33,89.54566955566406,5.01,87.30902099609375,2.39,20D
2026-09-09,MDT,Medtronic,Core_Dragon,2026-08-12,88.24,91.89,28,3.29,,动态持有,89.55,,,1,持仓中,72,STOP_NEAR,2026-09-09,2.55,收盘距离移动止损约 2.55%，次日 Scan 强提醒。,,,,93.3642807006836,5.81,91.27144622802734,3.44,,,10D
2026-09-09,CSCO,Cisco,Core_Dragon,2026-08-13,113.93,109.43,27,-3.95,,动态持有,106.99,,,1,持仓中,73,STOP_NEAR,2026-09-09,2.23,收盘距离移动止损约 2.23%，次日 Scan 强提醒。,,,,109.58999633789062,-3.81,112.1500015258789,-1.56,112.12999725341797,-1.58,20D
2026-09-09,O,Realty Income,Core_Dragon,2026-08-13,62.77,60.11,27,-4.24,,动态持有,59.8,,,1,持仓中,70,STOP_NEAR,2026-09-09,0.52,收盘距离移动止损约 0.52%，次日 Scan 强提醒。,,,,,,,,,,OPEN
2026-09-09,MRK,Merck,Core_Dragon,2026-08-13,133.07,147.53,27,10.21,,动态持有,141.04,,,1,持仓中,65,CLEAR,2026-09-09,4.4,本次 Review 未发现触及或接近移动止损。,,,,148.11570739746094,11.3,148.6624755859375,11.71,143.08538818359375,7.52,20D
2026-09-09,MU,Micron Technology,Core_Dragon,2026-08-14,979.32,1027.77,26,4.91,,动态持有,912.86,,,1,持仓中,72,CLEAR,2026-09-09,11.18,本次 Review 未发现触及或接近移动止损。,,,,966.780029296875,-1.28,932.8599853515625,-4.74,924.030029296875,-5.65,20D
2026-09-09,AMD,Advanced Micro Devices,Core_Dragon,2026-08-14,487.60,521.10,26,6.87,,动态持有,470.84,,,1,持仓中,70,CLEAR,2026-09-09,9.64,本次 Review 未发现触及或接近移动止损。,,,,473.25,-2.94,465.5799865722656,-4.52,,,10D
2026-09-09,KMI,Kinder Morgan,Core_Dragon,2026-08-14,32.23,31.41,26,-2.54,,动态持有,30.98,,,1,持仓中,73,STOP_NEAR,2026-09-09,1.37,收盘距离移动止损约 1.37%，次日 Scan 强提醒。,,,,,,,,,,OPEN
2026-09-09,VICI,Vici Properties,Core_Dragon,2026-08-14,26.38,25.21,26,-4.44,,动态持有,24.76,,,1,持仓中,68,STOP_NEAR,2026-09-09,1.79,收盘距离移动止损约 1.79%，次日 Scan 强提醒。,,,,,,,,,,OPEN
2026-09-09,META,Meta Platforms,Core_Dragon,2026-08-14,596.51,653.69,26,9.5,,动态持有,577.61,,,1,持仓中,76,CLEAR,2026-09-09,11.64,本次 Review 未发现触及或接近移动止损。,,,,549.4663696289062,-7.89,577.564208984375,-3.18,665.0751342773438,11.49,20D
2026-09-09,SLB,Schlumberger,Core_Dragon,2026-08-17,53.98,57.05,23,5.69,,动态持有,53.23,,,1,持仓中,70,CLEAR,2026-09-09,6.7,本次 Review 未发现触及或接近移动止损。,,,,,,,,,,OPEN
2026-09-09,V,Visa Inc.,Core_Dragon,2026-08-18,359.62,367.39,22,2.16,,动态持有,361.27,,,1,持仓中,79,STOP_NEAR,2026-09-09,1.67,收盘距离移动止损约 1.67%，次日 Scan 强提醒。,,,,384.1400146484375,6.82,372.6700134277344,3.63,370.92999267578125,3.14,20D
2026-09-09,KDP,Keurig Dr Pepper,Core_Dragon,2026-08-18,30.70,32.08,22,4.5,,动态持有,31.22,,,1,持仓中,69,STOP_NEAR,2026-09-09,2.68,收盘距离移动止损约 2.68%，次日 Scan 强提醒。,,,,,,,,,,OPEN
2026-09-09,QCOM,Qualcomm,Core_Dragon,2026-08-18,157.04,176.40,22,11.72,,动态持有,162.56,,,1,持仓中,65,CLEAR,2026-09-09,7.85,本次 Review 未发现触及或接近移动止损。,,,,159.6908721923828,1.69,165.7081298828125,5.52,184.83999633789062,17.71,20D
2026-09-09,PPL,PPL Corporation,Core_Dragon,2026-08-19,35.91,34.55,21,-3.79,,动态持有,34.38,,,1,持仓中,69,STOP_NEAR,2026-09-09,0.49,收盘距离移动止损约 0.49%，次日 Scan 强提醒。,,,,,,,,,,OPEN
2026-09-09,CRM,Salesforce,Core_Dragon,2026-08-19,194.21,244.16,21,25.72,,动态持有,225.5,,,1,持仓中,72,CLEAR,2026-09-09,7.64,本次 Review 未发现触及或接近移动止损。,,,,,,,,,,OPEN
2026-09-09,NFLX,Netflix,Core_Dragon,2026-08-20,80.14,76.03,20,-5.13,,动态持有,75.23,,,1,持仓中,72,STOP_NEAR,2026-09-09,1.05,收盘距离移动止损约 1.05%，次日 Scan 强提醒。,,,,,,,,,,OPEN
2026-09-09,NOW,ServiceNow,Core_Dragon,2026-08-20,128.15,131.11,20,2.31,,动态持有,124.9,,,1,持仓中,76,CLEAR,2026-09-09,4.74,本次 Review 未发现触及或接近移动止损。,,,,138.42999267578125,8.02,145.58999633789062,13.61,135.47000122070312,5.71,20D
2026-09-09,MSFT,Microsoft,Core_Dragon,2026-08-20,483.30,491.65,20,1.73,,动态持有,484.07,,,2,持仓中,70,STOP_NEAR,2026-09-09,1.54,收盘距离移动止损约 1.54%，次日 Scan 强提醒。,,,,505.05999755859375,4.5,510.1199951171875,5.55,493.7799987792969,2.17,20D
2026-09-09,COIN,Coinbase,Core_Dragon,2026-08-20,172.75,174.72,20,1.14,,动态持有,158.52,,,2,持仓中,69,CLEAR,2026-09-09,9.27,本次 Review 未发现触及或接近移动止损。,,,,190.72000122070312,10.4,,,,,5D
2026-09-09,EL,Estée Lauder Companies (The),Core_Dragon,2026-08-20,97.43,98.77,20,1.38,,动态持有,95.16,,,1,持仓中,87,CLEAR,2026-09-09,3.65,本次 Review 未发现触及或接近移动止损。,,,,,,,,,,OPEN
2026-09-09,ROST,Ross Stores,Core_Dragon,2026-08-21,243.85,225.27,19,-7.62,,动态持有,224.72,,,1,持仓中,72,STOP_NEAR,2026-09-09,0.24,收盘距离移动止损约 0.24%，次日 Scan 强提醒。,,,,,,,,,,OPEN
2026-09-09,NEM,Newmont,Core_Dragon,2026-08-21,131.12,128.71,19,-1.84,,动态持有,120.15,,,1,持仓中,68,CLEAR,2026-09-09,6.65,本次 Review 未发现触及或接近移动止损。,,,,,,,,,,OPEN
2026-09-09,MOS,Mosaic Company (The),Core_Dragon,2026-08-24,24.62,26.21,16,6.46,,动态持有,24.14,,,1,持仓中,78,CLEAR,2026-09-09,7.9,本次 Review 未发现触及或接近移动止损。,,,,,,,,,,OPEN
2026-09-09,C,Citigroup,Core_Dragon,2026-08-24,131.38,137.80,16,4.88,,动态持有,132.05,,,1,持仓中,65,CLEAR,2026-09-09,4.17,本次 Review 未发现触及或接近移动止损。,,,,,,,,,,OPEN
2026-09-09,AES,AES Corporation,Core_Dragon,2026-08-24,14.75,14.82,16,0.47,,动态持有,14.53,,,1,持仓中,68,STOP_NEAR,2026-09-09,1.96,收盘距离移动止损约 1.96%，次日 Scan 强提醒。,,,,14.739999771118164,-0.07,14.829999923706055,0.54,14.819999694824219,0.47,20D
2026-09-09,ORCL,Oracle Corporation,Core_Dragon,2026-08-25,143.30,161.63,15,12.79,,动态持有,149.0,,,1,持仓中,68,CLEAR,2026-09-09,7.81,本次 Review 未发现触及或接近移动止损。,,,,141.32000732421875,-1.38,161.6300048828125,12.79,,,10D
2026-09-09,UPS,United Parcel Service,Core_Dragon,2026-08-25,103.08,99.22,15,-3.74,,动态持有,98.47,,,1,持仓中,65,STOP_NEAR,2026-09-09,0.76,收盘距离移动止损约 0.76%，次日 Scan 强提醒。,,,,,,,,,,OPEN
2026-09-09,TSCO,Tractor Supply,Core_Dragon,2026-08-11,34.43,34.13,29,-0.87,-0.87,动态持有,34.13,,,1,移动止损清仓,68,STOP_TRIGGERED,2026-09-09,0.0,移动止损触发：34.13,,,,,,,,,,FINAL
2026-09-09,VZ,Verizon,Core_Dragon,2026-08-11,46.90,48.90,29,4.26,4.26,动态持有,48.9,,,1,移动止损清仓,62,STOP_TRIGGERED,2026-09-09,0.0,移动止损触发：48.9,,,,,,,,,,FINAL
2026-09-09,T,AT&T,Core_Dragon,2026-08-12,24.33,24.91,28,2.4,2.4,动态持有,24.91,,,1,移动止损清仓,68,STOP_TRIGGERED,2026-09-09,0.0,移动止损触发：24.91,,,,,,,,,,FINAL
2026-09-09,F,Ford Motor Company,Core_Dragon,2026-08-17,14.26,13.65,23,-4.28,-4.28,动态持有,13.65,,,1,移动止损清仓,72,STOP_TRIGGERED,2026-09-09,0.0,移动止损触发：13.65,,,,,,,,,,FINAL
2026-09-09,PG,Procter & Gamble,Core_Dragon,2026-08-19,144.30,142.67,21,-1.13,-1.13,动态持有,142.67,,,1,移动止损清仓,64,STOP_TRIGGERED,2026-09-09,0.0,移动止损触发：142.67,,,,,,,,,,FINAL
2026-09-09,GOOGL,Alphabet Inc. (Class A),Core_Dragon,2026-08-25,349.38,331.59,15,-5.09,-5.09,动态持有,331.59,,,1,移动止损清仓,72,STOP_TRIGGERED,2026-09-09,0.0,移动止损触发：331.59,,,,,,,,,,FINAL
2026-09-09,UBER,Uber,Core_Dragon,2026-08-25,79.38,71.67,15,-9.71,-9.71,动态持有,71.67,,,1,移动止损清仓,63,STOP_TRIGGERED,2026-09-09,0.0,移动止损触发：71.67,,,,,,,,,,FINAL
2026-09-10,KO,Coca-Cola,Core_Dragon,2026-08-12,85.27,87.83,29,2.39,,动态持有,86.59,,,1,持仓中,70,STOP_NEAR,2026-09-10,1.41,收盘距离移动止损约 1.41%，次日 Scan 强提醒。,,,,89.8140640258789,5.33,89.54566955566406,5.01,87.30902099609375,2.39,20D
2026-09-10,MDT,Medtronic,Core_Dragon,2026-08-12,88.24,91.62,29,2.99,,动态持有,89.69,,,1,持仓中,72,STOP_NEAR,2026-09-10,2.11,收盘距离移动止损约 2.11%，次日 Scan 强提醒。,,,,93.3642807006836,5.81,91.27144622802734,3.44,,,10D
2026-09-10,CSCO,Cisco,Core_Dragon,2026-08-13,113.93,107.44,28,-5.69,,动态持有,107.24,,,1,持仓中,73,STOP_NEAR,2026-09-10,0.19,收盘距离移动止损约 0.19%，次日 Scan 强提醒。,,,,109.58999633789062,-3.81,112.1500015258789,-1.56,112.12999725341797,-1.58,20D
2026-09-10,MRK,Merck,Core_Dragon,2026-08-13,133.07,144.71,28,8.11,,动态持有,142.96,,,1,持仓中,65,STOP_NEAR,2026-09-10,1.21,收盘距离移动止损约 1.21%，次日 Scan 强提醒。,,,,148.11570739746094,11.3,148.6624755859375,11.71,143.08538818359375,7.52,20D
2026-09-10,MU,Micron Technology,Core_Dragon,2026-08-14,979.32,977.41,27,-0.23,,动态持有,939.61,,,1,持仓中,72,CLEAR,2026-09-10,3.87,本次 Review 未发现触及或接近移动止损。,,,,966.780029296875,-1.28,932.8599853515625,-4.74,924.030029296875,-5.65,20D
2026-09-10,AMD,Advanced Micro Devices,Core_Dragon,2026-08-14,487.60,503.60,27,3.28,,动态持有,484.09,,,1,持仓中,70,CLEAR,2026-09-10,3.87,本次 Review 未发现触及或接近移动止损。,,,,473.25,-2.94,465.5799865722656,-4.52,,,10D
2026-09-10,META,Meta Platforms,Core_Dragon,2026-08-14,596.51,644.38,27,7.94,,动态持有,613.88,,,1,持仓中,76,CLEAR,2026-09-10,4.73,本次 Review 未发现触及或接近移动止损。,,,,549.4663696289062,-7.89,577.564208984375,-3.18,665.0751342773438,11.49,20D
2026-09-10,SLB,Schlumberger,Core_Dragon,2026-08-17,53.98,56.01,24,3.76,,动态持有,53.23,,,1,持仓中,70,CLEAR,2026-09-10,4.96,本次 Review 未发现触及或接近移动止损。,,,,,,,,,,OPEN
2026-09-10,V,Visa Inc.,Core_Dragon,2026-08-18,359.62,367.21,23,2.11,,动态持有,361.27,,,1,持仓中,79,STOP_NEAR,2026-09-10,1.62,收盘距离移动止损约 1.62%，次日 Scan 强提醒。,,,,384.1400146484375,6.82,372.6700134277344,3.63,370.92999267578125,3.14,20D
2026-09-10,KDP,Keurig Dr Pepper,Core_Dragon,2026-08-18,30.70,31.46,23,2.48,,动态持有,31.22,,,1,持仓中,69,STOP_NEAR,2026-09-10,0.76,收盘距离移动止损约 0.76%，次日 Scan 强提醒。,,,,,,,,,,OPEN
2026-09-10,QCOM,Qualcomm,Core_Dragon,2026-08-18,157.04,176.88,23,12.03,,动态持有,164.69,,,1,持仓中,65,CLEAR,2026-09-10,6.89,本次 Review 未发现触及或接近移动止损。,,,,159.6908721923828,1.69,165.7081298828125,5.52,184.83999633789062,17.71,20D
2026-09-10,CRM,Salesforce,Core_Dragon,2026-08-19,194.21,243.00,22,25.12,,动态持有,225.5,,,1,持仓中,72,CLEAR,2026-09-10,7.2,本次 Review 未发现触及或接近移动止损。,,,,,,,,,,OPEN
2026-09-10,NOW,ServiceNow,Core_Dragon,2026-08-20,128.15,131.17,21,2.36,,动态持有,125.6,,,1,持仓中,76,CLEAR,2026-09-10,4.25,本次 Review 未发现触及或接近移动止损。,,,,138.42999267578125,8.02,145.58999633789062,13.61,135.47000122070312,5.71,20D
2026-09-10,MSFT,Microsoft,Core_Dragon,2026-08-20,483.30,492.44,21,1.89,,动态持有,484.07,,,2,持仓中,70,STOP_NEAR,2026-09-10,1.7,收盘距离移动止损约 1.70%，次日 Scan 强提醒。,,,,505.05999755859375,4.5,510.1199951171875,5.55,493.7799987792969,2.17,20D
2026-09-10,COIN,Coinbase,Core_Dragon,2026-08-20,172.75,172.28,21,-0.27,,动态持有,160.09,,,2,持仓中,69,CLEAR,2026-09-10,7.08,本次 Review 未发现触及或接近移动止损。,,,,190.72000122070312,10.4,,,,,5D
2026-09-10,EL,Estée Lauder Companies (The),Core_Dragon,2026-08-20,97.43,96.47,21,-0.99,,动态持有,95.16,,,1,持仓中,87,STOP_NEAR,2026-09-10,1.36,收盘距离移动止损约 1.36%，次日 Scan 强提醒。,,,,,,,,,,OPEN
2026-09-10,NEM,Newmont,Core_Dragon,2026-08-21,131.12,126.14,20,-3.8,,动态持有,121.25,,,1,持仓中,68,CLEAR,2026-09-10,3.88,本次 Review 未发现触及或接近移动止损。,,,,,,,,,,OPEN
2026-09-10,MOS,Mosaic Company (The),Core_Dragon,2026-08-24,24.62,25.40,17,3.17,,动态持有,24.14,,,1,持仓中,78,CLEAR,2026-09-10,4.96,本次 Review 未发现触及或接近移动止损。,,,,,,,,,,OPEN
2026-09-10,C,Citigroup,Core_Dragon,2026-08-24,131.38,138.50,17,5.42,,动态持有,132.31,,,1,持仓中,65,CLEAR,2026-09-10,4.47,本次 Review 未发现触及或接近移动止损。,,,,,,,,,,OPEN
2026-09-10,AES,AES Corporation,Core_Dragon,2026-08-24,14.75,14.80,17,0.34,,动态持有,14.53,,,1,持仓中,68,STOP_NEAR,2026-09-10,1.82,收盘距离移动止损约 1.82%，次日 Scan 强提醒。,,,,14.739999771118164,-0.07,14.829999923706055,0.54,14.819999694824219,0.47,20D
2026-09-10,ORCL,Oracle Corporation,Core_Dragon,2026-08-25,143.30,152.94,16,6.73,,动态持有,149.0,,,1,持仓中,68,STOP_NEAR,2026-09-10,2.58,收盘距离移动止损约 2.58%，次日 Scan 强提醒。,,,,141.32000732421875,-1.38,161.6300048828125,12.79,,,10D
2026-09-10,UPS,United Parcel Service,Core_Dragon,2026-08-25,103.08,99.97,16,-3.02,,动态持有,98.47,,,1,持仓中,65,STOP_NEAR,2026-09-10,1.5,收盘距离移动止损约 1.50%，次日 Scan 强提醒。,,,,,,,,,,OPEN
2026-09-10,O,Realty Income,Core_Dragon,2026-08-13,62.77,59.80,28,-4.73,-4.73,动态持有,59.8,,,1,移动止损清仓,70,STOP_TRIGGERED,2026-09-10,0.0,移动止损触发：59.8,,,,,,,,,,FINAL
2026-09-10,KMI,Kinder Morgan,Core_Dragon,2026-08-14,32.23,30.98,27,-3.88,-3.88,动态持有,30.98,,,1,移动止损清仓,73,STOP_TRIGGERED,2026-09-10,0.0,移动止损触发：30.98,,,,,,,,,,FINAL
2026-09-10,VICI,Vici Properties,Core_Dragon,2026-08-14,26.38,24.76,27,-6.14,-6.14,动态持有,24.76,,,1,移动止损清仓,68,STOP_TRIGGERED,2026-09-10,0.0,移动止损触发：24.76,,,,,,,,,,FINAL
2026-09-10,PPL,PPL Corporation,Core_Dragon,2026-08-19,35.91,34.36,22,-4.32,-4.32,动态持有,34.38,,,1,移动止损清仓,69,STOP_TRIGGERED,2026-09-10,0.0,移动止损触发：34.38,,,,,,,,,,FINAL
2026-09-10,NFLX,Netflix,Core_Dragon,2026-08-20,80.14,75.23,21,-6.13,-6.13,动态持有,75.23,,,1,移动止损清仓,72,STOP_TRIGGERED,2026-09-10,0.0,移动止损触发：75.23,,,,,,,,,,FINAL
2026-09-10,ROST,Ross Stores,Core_Dragon,2026-08-21,243.85,224.51,20,-7.93,-7.93,动态持有,224.72,,,1,移动止损清仓,72,STOP_TRIGGERED,2026-09-10,0.0,移动止损触发：224.72,,,,,,,,,,FINAL
2026-09-11,CSCO,Cisco,Core_Dragon,2026-08-13,113.93,112.13,29,-1.58,,动态持有,107.24,,,1,持仓中,73,CLEAR,2026-09-11,4.36,本次 Review 未发现触及或接近移动止损。,,,,109.58999633789062,-3.81,112.1500015258789,-1.56,112.12999725341797,-1.58,20D
2026-09-11,MRK,Merck,Core_Dragon,2026-08-13,133.07,143.93,29,7.52,,动态持有,142.96,,,1,持仓中,65,STOP_NEAR,2026-09-11,0.67,收盘距离移动止损约 0.67%，次日 Scan 强提醒。,,,,148.11570739746094,11.3,148.6624755859375,11.71,143.08538818359375,7.52,20D
2026-09-11,MU,Micron Technology,Core_Dragon,2026-08-14,979.32,975.26,28,-0.45,,动态持有,939.61,,,1,持仓中,72,CLEAR,2026-09-11,3.66,本次 Review 未发现触及或接近移动止损。,,,,966.780029296875,-1.28,932.8599853515625,-4.74,924.030029296875,-5.65,20D
2026-09-11,AMD,Advanced Micro Devices,Core_Dragon,2026-08-14,487.60,516.13,28,5.85,,动态持有,484.09,,,1,持仓中,70,CLEAR,2026-09-11,6.21,本次 Review 未发现触及或接近移动止损。,,,,473.25,-2.94,465.5799865722656,-4.52,,,10D
2026-09-11,META,Meta Platforms,Core_Dragon,2026-08-14,596.51,648.03,28,8.55,,动态持有,613.88,,,1,持仓中,76,CLEAR,2026-09-11,5.27,本次 Review 未发现触及或接近移动止损。,,,,549.4663696289062,-7.89,577.564208984375,-3.18,665.0751342773438,11.49,20D
2026-09-11,SLB,Schlumberger,Core_Dragon,2026-08-17,53.98,56.06,25,3.85,,动态持有,53.23,,,1,持仓中,70,CLEAR,2026-09-11,5.05,本次 Review 未发现触及或接近移动止损。,,,,,,,,,,OPEN
2026-09-11,V,Visa Inc.,Core_Dragon,2026-08-18,359.62,370.45,24,3.01,,动态持有,361.27,,,1,持仓中,79,STOP_NEAR,2026-09-11,2.48,收盘距离移动止损约 2.48%，次日 Scan 强提醒。,,,,384.1400146484375,6.82,372.6700134277344,3.63,370.92999267578125,3.14,20D
2026-09-11,QCOM,Qualcomm,Core_Dragon,2026-08-18,157.04,181.97,24,15.25,,动态持有,164.69,,,1,持仓中,65,CLEAR,2026-09-11,9.5,本次 Review 未发现触及或接近移动止损。,,,,159.6908721923828,1.69,165.7081298828125,5.52,184.83999633789062,17.71,20D
2026-09-11,CRM,Salesforce,Core_Dragon,2026-08-19,194.21,247.72,23,27.55,,动态持有,225.5,,,1,持仓中,72,CLEAR,2026-09-11,8.97,本次 Review 未发现触及或接近移动止损。,,,,,,,,,,OPEN
2026-09-11,NOW,ServiceNow,Core_Dragon,2026-08-20,128.15,132.53,22,3.42,,动态持有,125.91,,,1,持仓中,76,CLEAR,2026-09-11,5.0,本次 Review 未发现触及或接近移动止损。,,,,138.42999267578125,8.02,145.58999633789062,13.61,135.47000122070312,5.71,20D
2026-09-11,MSFT,Microsoft,Core_Dragon,2026-08-20,483.30,495.63,22,2.55,,动态持有,484.07,,,2,持仓中,70,STOP_NEAR,2026-09-11,2.33,收盘距离移动止损约 2.33%，次日 Scan 强提醒。,,,,505.05999755859375,4.5,510.1199951171875,5.55,493.7799987792969,2.17,20D
2026-09-11,COIN,Coinbase,Core_Dragon,2026-08-20,172.75,175.26,22,1.45,,动态持有,161.98,,,2,持仓中,69,CLEAR,2026-09-11,7.58,本次 Review 未发现触及或接近移动止损。,,,,190.72000122070312,10.4,,,,,5D
2026-09-11,EL,Estée Lauder Companies (The),Core_Dragon,2026-08-20,97.43,97.12,22,-0.32,,动态持有,95.16,,,1,持仓中,87,STOP_NEAR,2026-09-11,2.02,收盘距离移动止损约 2.02%，次日 Scan 强提醒。,,,,,,,,,,OPEN
2026-09-11,NEM,Newmont,Core_Dragon,2026-08-21,131.12,126.81,21,-3.29,,动态持有,121.68,,,1,持仓中,68,CLEAR,2026-09-11,4.05,本次 Review 未发现触及或接近移动止损。,,,,,,,,,,OPEN
2026-09-11,MOS,Mosaic Company (The),Core_Dragon,2026-08-24,24.62,25.19,18,2.32,,动态持有,24.14,,,1,持仓中,78,CLEAR,2026-09-11,4.17,本次 Review 未发现触及或接近移动止损。,,,,,,,,,,OPEN
2026-09-11,C,Citigroup,Core_Dragon,2026-08-24,131.38,138.82,18,5.66,,动态持有,133.18,,,1,持仓中,65,CLEAR,2026-09-11,4.06,本次 Review 未发现触及或接近移动止损。,,,,,,,,,,OPEN
2026-09-11,AES,AES Corporation,Core_Dragon,2026-08-24,14.75,14.79,18,0.27,,动态持有,14.53,,,1,持仓中,68,STOP_NEAR,2026-09-11,1.76,收盘距离移动止损约 1.76%，次日 Scan 强提醒。,,,,14.739999771118164,-0.07,14.829999923706055,0.54,14.819999694824219,0.47,20D
2026-09-11,ORCL,Oracle Corporation,Core_Dragon,2026-08-25,143.30,150.28,17,4.87,,动态持有,149.0,,,1,持仓中,68,STOP_NEAR,2026-09-11,0.85,收盘距离移动止损约 0.85%，次日 Scan 强提醒。,,,,141.32000732421875,-1.38,161.6300048828125,12.79,,,10D
2026-09-11,UPS,United Parcel Service,Core_Dragon,2026-08-25,103.08,100.28,17,-2.72,,动态持有,98.47,,,1,持仓中,65,STOP_NEAR,2026-09-11,1.8,收盘距离移动止损约 1.80%，次日 Scan 强提醒。,,,,,,,,,,OPEN
2026-09-11,KDP,Keurig Dr Pepper,Core_Dragon,2026-08-18,30.70,31.22,24,1.69,1.69,动态持有,31.22,,,1,移动止损清仓,69,STOP_TRIGGERED,2026-09-11,0.0,移动止损触发：31.22,,,,,,,,,,FINAL
2026-09-14,V,Visa Inc.,Core_Dragon,2026-08-18,359.62,375.28,27,4.35,,动态持有,363.04,,,1,持仓中,79,CLEAR,2026-09-14,3.26,本次 Review 未发现触及或接近移动止损。,,,,384.1400146484375,6.82,372.6700134277344,3.63,370.92999267578125,3.14,20D
2026-09-14,QCOM,Qualcomm,Core_Dragon,2026-08-18,157.04,180.15,27,14.1,,动态持有,168.64,,,1,持仓中,65,CLEAR,2026-09-14,6.39,本次 Review 未发现触及或接近移动止损。,,,,159.6908721923828,1.69,165.7081298828125,5.52,184.83999633789062,17.71,20D
2026-09-14,CRM,Salesforce,Core_Dragon,2026-08-19,194.21,259.43,26,33.58,,动态持有,229.82,,,1,持仓中,72,CLEAR,2026-09-14,11.41,本次 Review 未发现触及或接近移动止损。,,,,,,,,,,OPEN
2026-09-14,NOW,ServiceNow,Core_Dragon,2026-08-20,128.15,142.35,25,11.08,,动态持有,126.15,,,1,持仓中,76,CLEAR,2026-09-14,11.38,本次 Review 未发现触及或接近移动止损。,,,,138.42999267578125,8.02,145.58999633789062,13.61,135.47000122070312,5.71,20D
2026-09-14,MSFT,Microsoft,Core_Dragon,2026-08-20,483.30,505.41,25,4.57,,动态持有,484.19,,,2,持仓中,70,CLEAR,2026-09-14,4.2,本次 Review 未发现触及或接近移动止损。,,,,505.05999755859375,4.5,510.1199951171875,5.55,493.7799987792969,2.17,20D
2026-09-14,COIN,Coinbase,Core_Dragon,2026-08-20,172.75,191.45,25,10.82,,动态持有,163.71,,,2,持仓中,69,CLEAR,2026-09-14,14.49,本次 Review 未发现触及或接近移动止损。,,,,190.72000122070312,10.4,,,,,5D
2026-09-14,EL,Estée Lauder Companies (The),Core_Dragon,2026-08-20,97.43,98.22,25,0.81,,动态持有,95.18,,,1,持仓中,87,CLEAR,2026-09-14,3.1,本次 Review 未发现触及或接近移动止损。,,,,,,,,,,OPEN
2026-09-14,MOS,Mosaic Company (The),Core_Dragon,2026-08-24,24.62,25.05,21,1.75,,动态持有,24.14,,,1,持仓中,78,CLEAR,2026-09-14,3.63,本次 Review 未发现触及或接近移动止损。,,,,,,,,,,OPEN
2026-09-14,AES,AES Corporation,Core_Dragon,2026-08-24,14.75,14.80,21,0.34,,动态持有,14.53,,,1,持仓中,68,STOP_NEAR,2026-09-14,1.82,收盘距离移动止损约 1.82%，次日 Scan 强提醒。,,,,14.739999771118164,-0.07,14.829999923706055,0.54,14.819999694824219,0.47,20D
2026-09-14,UPS,United Parcel Service,Core_Dragon,2026-08-25,103.08,102.46,20,-0.6,,动态持有,98.47,,,1,持仓中,65,CLEAR,2026-09-14,3.89,本次 Review 未发现触及或接近移动止损。,,,,,,,,,,OPEN
2026-09-14,SLB,Schlumberger,Core_Dragon,2026-08-17,53.98,53.24,28,-1.37,-1.37,动态持有,53.24,,,1,移动止损清仓,70,STOP_TRIGGERED,2026-09-14,0.0,移动止损触发：53.24,,,,,,,,,,FINAL
2026-09-14,NEM,Newmont,Core_Dragon,2026-08-21,131.12,122.41,24,-6.64,-6.64,动态持有,122.41,,,1,移动止损清仓,68,STOP_TRIGGERED,2026-09-14,0.0,移动止损触发：122.41,,,,,,,,,,FINAL
2026-09-14,C,Citigroup,Core_Dragon,2026-08-24,131.38,133.31,21,1.47,1.47,动态持有,133.31,,,1,移动止损清仓,65,STOP_TRIGGERED,2026-09-14,0.0,移动止损触发：133.31,,,,,,,,,,FINAL
2026-09-14,ORCL,Oracle Corporation,Core_Dragon,2026-08-25,143.30,141.42,20,-1.31,-1.31,动态持有,149.0,,,1,移动止损清仓,68,STOP_TRIGGERED,2026-09-14,0.0,移动止损触发：149.0,,,,141.32000732421875,-1.38,161.6300048828125,12.79,,,FINAL
2026-09-15,V,Visa Inc.,Core_Dragon,2026-08-18,359.62,375.62,28,4.45,,动态持有,367.77,,,1,持仓中,79,STOP_NEAR,2026-09-15,2.09,收盘距离移动止损约 2.09%，次日 Scan 强提醒。,,,,384.1400146484375,6.82,372.6700134277344,3.63,370.92999267578125,3.14,20D
2026-09-15,QCOM,Qualcomm,Core_Dragon,2026-08-18,157.04,187.80,28,18.94,,动态持有,168.64,,,1,持仓中,65,CLEAR,2026-09-15,10.2,本次 Review 未发现触及或接近移动止损。,,,,159.6908721923828,1.69,165.7081298828125,5.52,184.83999633789062,17.71,20D
2026-09-15,CRM,Salesforce,Core_Dragon,2026-08-19,194.21,255.65,27,31.64,,动态持有,234.61,,,1,持仓中,72,CLEAR,2026-09-15,8.23,本次 Review 未发现触及或接近移动止损。,,,,,,,,,,OPEN
2026-09-15,NOW,ServiceNow,Core_Dragon,2026-08-20,128.15,141.90,26,10.73,,动态持有,128.08,,,1,持仓中,76,CLEAR,2026-09-15,9.74,本次 Review 未发现触及或接近移动止损。,,,,138.42999267578125,8.02,145.58999633789062,13.61,135.47000122070312,5.71,20D
2026-09-15,MSFT,Microsoft,Core_Dragon,2026-08-20,483.30,497.12,26,2.86,,动态持有,484.46,,,2,持仓中,70,STOP_NEAR,2026-09-15,2.55,收盘距离移动止损约 2.55%，次日 Scan 强提醒。,,,,505.05999755859375,4.5,510.1199951171875,5.55,493.7799987792969,2.17,20D
2026-09-15,MOS,Mosaic Company (The),Core_Dragon,2026-08-24,24.62,25.46,22,3.41,,动态持有,24.14,,,1,持仓中,78,CLEAR,2026-09-15,5.18,本次 Review 未发现触及或接近移动止损。,,,,,,,,,,OPEN
2026-09-15,AES,AES Corporation,Core_Dragon,2026-08-24,14.75,14.80,22,0.34,,动态持有,14.53,,,1,持仓中,68,STOP_NEAR,2026-09-15,1.82,收盘距离移动止损约 1.82%，次日 Scan 强提醒。,,,,14.739999771118164,-0.07,14.829999923706055,0.54,14.819999694824219,0.47,20D
2026-09-15,UPS,United Parcel Service,Core_Dragon,2026-08-25,103.08,102.35,21,-0.71,,动态持有,100.41,,,1,持仓中,65,STOP_NEAR,2026-09-15,1.9,收盘距离移动止损约 1.90%，次日 Scan 强提醒。,,,,,,,,,,OPEN
2026-09-15,COIN,Coinbase,Core_Dragon,2026-08-20,172.75,168.48,26,-2.47,-2.47,动态持有,168.48,,,2,移动止损清仓,69,STOP_TRIGGERED,2026-09-15,0.0,移动止损触发：168.48,,,,190.72000122070312,10.4,,,,,FINAL
2026-09-15,EL,Estée Lauder Companies (The),Core_Dragon,2026-08-20,97.43,96.19,26,-1.27,-1.27,动态持有,96.19,,,1,移动止损清仓,87,STOP_TRIGGERED,2026-09-15,0.0,移动止损触发：96.19,,,,,,,,,,FINAL
2026-09-16,V,Visa Inc.,Core_Dragon,2026-08-18,359.62,370.93,29,3.14,,动态持有,368.11,,,1,持仓中,79,STOP_NEAR,2026-09-16,0.76,收盘距离移动止损约 0.76%，次日 Scan 强提醒。,,,,384.1400146484375,6.82,372.6700134277344,3.63,370.92999267578125,3.14,20D
2026-09-16,QCOM,Qualcomm,Core_Dragon,2026-08-18,157.04,184.84,29,17.07,,动态持有,172.53,,,1,持仓中,65,CLEAR,2026-09-16,6.66,本次 Review 未发现触及或接近移动止损。,,,,159.6908721923828,1.69,165.7081298828125,5.52,184.83999633789062,17.71,20D
2026-09-16,CRM,Salesforce,Core_Dragon,2026-08-19,194.21,250.54,28,29.0,,动态持有,234.61,,,1,持仓中,72,CLEAR,2026-09-16,6.36,本次 Review 未发现触及或接近移动止损。,,,,,,,,,,OPEN
2026-09-16,NOW,ServiceNow,Core_Dragon,2026-08-20,128.15,139.82,27,9.11,,动态持有,128.08,,,1,持仓中,76,CLEAR,2026-09-16,8.4,本次 Review 未发现触及或接近移动止损。,,,,138.42999267578125,8.02,145.58999633789062,13.61,135.47000122070312,5.71,20D
2026-09-16,MSFT,Microsoft,Core_Dragon,2026-08-20,483.30,490.30,27,1.45,,动态持有,485.05,,,2,持仓中,70,STOP_NEAR,2026-09-16,1.07,收盘距离移动止损约 1.07%，次日 Scan 强提醒。,,,,505.05999755859375,4.5,510.1199951171875,5.55,493.7799987792969,2.17,20D
2026-09-16,MOS,Mosaic Company (The),Core_Dragon,2026-08-24,24.62,24.79,23,0.69,,动态持有,24.14,,,1,持仓中,78,STOP_NEAR,2026-09-16,2.62,收盘距离移动止损约 2.62%，次日 Scan 强提醒。,,,,,,,,,,OPEN
2026-09-16,AES,AES Corporation,Core_Dragon,2026-08-24,14.75,14.81,23,0.41,,动态持有,14.53,,,1,持仓中,68,STOP_NEAR,2026-09-16,1.89,收盘距离移动止损约 1.89%，次日 Scan 强提醒。,,,,14.739999771118164,-0.07,14.829999923706055,0.54,14.819999694824219,0.47,20D
2026-09-16,COIN,Coinbase,Core_Dragon,2026-08-20,172.75,165.97,27,-3.92,-3.92,动态持有,165.97,,,2,移动止损清仓,69,STOP_TRIGGERED,2026-09-16,0,移动止损触发：165.97,,,,190.72000122070312,10.4,,,,,FINAL
2026-09-16,UPS,United Parcel Service,Core_Dragon,2026-08-25,103.08,100.41,22,-2.59,-2.59,动态持有,100.41,,,1,移动止损清仓,65,STOP_TRIGGERED,2026-09-16,0,移动止损触发：100.41,,,,,,,,,,FINAL
2026-09-16,PANW,Palo Alto Networks,Observation,2026-09-15,368.43,375.65,,2.04,,观察,,,,1,观察推荐,N/A,OBSERVATION,2026-09-16,,有效 Scan 推荐；按推荐价持续跟踪绩效，不计入实际持仓止损。,,,,374.57000732421875,1.67,388.4100036621094,5.42,,,10D
2026-09-16,APA,APA Corporation,Observation,2026-09-15,45.67,44.79,,-1.93,,观察,,,,1,观察推荐,N/A,OBSERVATION,2026-09-16,,有效 Scan 推荐；按推荐价持续跟踪绩效，不计入实际持仓止损。,,,,42.29999923706055,-7.38,42.189998626708984,-7.62,,,10D
2026-09-16,LUV,Southwest Airlines,Observation,2026-09-09,37.89,39.15,,3.33,,观察,,,,2,观察推荐,N/A,OBSERVATION,2026-09-16,,有效 Scan 推荐；按推荐价持续跟踪绩效，不计入实际持仓止损。,,,,39.150001525878906,3.33,41.040000915527344,8.31,,,10D
2026-09-16,BBY,Best Buy,Observation,2026-09-15,94.01,92.45,,-2.68,,观察,,,,1,观察推荐,N/A,OBSERVATION,2026-09-16,,有效 Scan 推荐；按推荐价持续跟踪绩效，不计入实际持仓止损。,,,,94.81999969482422,0.86,88.75,-5.6,,,10D
2026-09-16,LHX,L3Harris,Observation,2026-09-15,251.90,250.74,,-0.46,,观察,,,,1,观察推荐,N/A,OBSERVATION,2026-09-16,,有效 Scan 推荐；按推荐价持续跟踪绩效，不计入实际持仓止损。,,,,239.88999938964844,-4.77,236.47000122070312,-6.13,,,10D
2026-09-16,USB,U.S. Bancorp,Observation,2026-09-02,61.68,59.73,,-3.16,,观察,,,,1,观察推荐,N/A,OBSERVATION,2026-09-16,,有效 Scan 推荐；按推荐价持续跟踪绩效，不计入实际持仓止损。,,,,62.40999984741211,1.18,60.25,-2.32,,,10D
2026-09-16,SO,Southern Company,Observation,2026-09-02,87.99,86.23,,-2.0,,观察,,,,1,观察推荐,N/A,OBSERVATION,2026-09-16,,有效 Scan 推荐；按推荐价持续跟踪绩效，不计入实际持仓止损。,,,,87.75,-0.27,86.76000213623047,-1.4,,,10D
2026-09-16,ADM,Archer Daniels Midland,Observation,2026-09-02,84.65,85.00,,0.41,,观察,,,,2,观察推荐,N/A,OBSERVATION,2026-09-16,,有效 Scan 推荐；按推荐价持续跟踪绩效，不计入实际持仓止损。,,,,86.91000366210938,2.67,88.08999633789062,4.06,,,10D
2026-09-16,DG,Dollar General,Observation,2026-09-02,131.50,123.01,,-6.46,,观察,,,,1,观察推荐,N/A,OBSERVATION,2026-09-16,,有效 Scan 推荐；按推荐价持续跟踪绩效，不计入实际持仓止损。,,,,122.98999786376953,-6.47,124.94999694824219,-4.98,,,10D
2026-09-16,DUK,Duke Energy,Observation,2026-09-02,120.22,117.76,,-2.05,,观察,,,,1,观察推荐,N/A,OBSERVATION,2026-09-16,,有效 Scan 推荐；按推荐价持续跟踪绩效，不计入实际持仓止损。,,,,119.37000274658203,-0.71,118.54000091552734,-1.4,,,10D
2026-09-16,EVRG,Evergy,Observation,2026-09-02,81.36,80.39,,-1.19,,观察,,,,3,观察推荐,N/A,OBSERVATION,2026-09-16,,有效 Scan 推荐；按推荐价持续跟踪绩效，不计入实际持仓止损。,,,,81.36000061035156,0.0,80.83999633789062,-0.64,,,10D
2026-09-16,TFC,Truist Financial,Observation,2026-09-03,51.09,48.44,,-5.19,,观察,,,,2,观察推荐,N/A,OBSERVATION,2026-09-16,,有效 Scan 推荐；按推荐价持续跟踪绩效，不计入实际持仓止损。,,,,50.400001525878906,-1.35,48.560001373291016,-4.95,,,10D
2026-09-16,FITB,Fifth Third Bancorp,Observation,2026-09-03,54.65,52.41,,-4.1,,观察,,,,1,观察推荐,N/A,OBSERVATION,2026-09-16,,有效 Scan 推荐；按推荐价持续跟踪绩效，不计入实际持仓止损。,,,,54.720001220703125,0.13,52.90999984741211,-3.18,,,10D
2026-09-16,OKE,Oneok,Observation,2026-09-03,96.46,92.70,,-3.9,,观察,,,,1,观察推荐,N/A,OBSERVATION,2026-09-16,,有效 Scan 推荐；按推荐价持续跟踪绩效，不计入实际持仓止损。,,,,96.62000274658203,0.17,93.45999908447266,-3.11,,,10D
2026-09-16,CHTR,Charter Communications,Observation,2026-09-03,160.24,135.00,,-15.75,,观察,,,,1,观察推荐,N/A,OBSERVATION,2026-09-16,,有效 Scan 推荐；按推荐价持续跟踪绩效，不计入实际持仓止损。,,,,145.77000427246094,-9.03,128.1699981689453,-20.01,109.29000091552734,-31.8,20D
2026-09-16,MET,MetLife,Observation,2026-09-03,97.15,97.23,,0.08,,观察,,,,1,观察推荐,N/A,OBSERVATION,2026-09-16,,有效 Scan 推荐；按推荐价持续跟踪绩效，不计入实际持仓止损。,,,,97.13999938964844,-0.01,97.04000091552734,-0.11,,,10D
2026-09-16,SYF,Synchrony Financial,Observation,2026-09-03,79.57,74.88,,-5.89,,观察,,,,1,观察推荐,N/A,OBSERVATION,2026-09-16,,有效 Scan 推荐；按推荐价持续跟踪绩效，不计入实际持仓止损。,,,,75.98999786376953,-4.5,75.04000091552734,-5.69,,,10D
2026-09-16,RTX,RTX Corporation,Observation,2026-09-04,200.77,196.83,,-1.96,,观察,,,,1,观察推荐,N/A,OBSERVATION,2026-09-16,,有效 Scan 推荐；按推荐价持续跟踪绩效，不计入实际持仓止损。,,,,195.33999633789062,-2.7,194.33999633789062,-3.2,,,10D
2026-09-16,XEL,Xcel Energy,Observation,2026-09-04,75.39,72.71,,-3.56,,观察,,,,1,观察推荐,N/A,OBSERVATION,2026-09-16,,有效 Scan 推荐；按推荐价持续跟踪绩效，不计入实际持仓止损。,,,,73.56700897216797,-2.42,71.8499984741211,-4.7,,,10D
2026-09-16,PSX,Phillips 66,Observation,2026-09-04,251.78,264.63,,5.1,,观察,,,,1,观察推荐,N/A,OBSERVATION,2026-09-16,,有效 Scan 推荐；按推荐价持续跟踪绩效，不计入实际持仓止损。,,,,257.05999755859375,2.1,261.75,3.96,,,10D
2026-09-16,MPC,Marathon Petroleum,Observation,2026-09-04,386.10,413.92,,7.21,,观察,,,,2,观察推荐,N/A,OBSERVATION,2026-09-16,,有效 Scan 推荐；按推荐价持续跟踪绩效，不计入实际持仓止损。,,,,396.45001220703125,2.68,402.3800048828125,4.22,,,10D
2026-09-16,TEL,TE Connectivity,Observation,2026-09-04,208.20,202.20,,-2.88,,观察,,,,1,观察推荐,N/A,OBSERVATION,2026-09-16,,有效 Scan 推荐；按推荐价持续跟踪绩效，不计入实际持仓止损。,,,,203.3699951171875,-2.32,210.00999450683594,0.87,,,10D
2026-09-16,AMT,American Tower,Observation,2026-09-04,176.39,176.39,,0.0,,观察,,,,1,观察推荐,N/A,OBSERVATION,2026-09-16,,有效 Scan 推荐；按推荐价持续跟踪绩效，不计入实际持仓止损。,,,,176.94000244140625,0.31,174.60000610351562,-1.01,,,10D
2026-09-16,DELL,Dell Technologies,Observation,2026-09-07,563.29,563.29,,,,观察,,,,1,观察推荐,N/A,OBSERVATION,2026-09-16,,有效 Scan 推荐；按推荐价持续跟踪绩效，不计入实际持仓止损。,,,,534.280029296875,-5.15,575.3099975585938,2.13,552.2899780273438,-1.95,20D
2026-09-16,BEN,Franklin Resources,Observation,2026-09-07,32.72,32.72,,,,观察,,,,1,观察推荐,N/A,OBSERVATION,2026-09-16,,有效 Scan 推荐；按推荐价持续跟踪绩效，不计入实际持仓止损。,,,,33.470001220703125,2.29,33.63999938964844,2.81,,,10D
2026-09-16,VST,Vistra Corp.,Observation,2026-09-07,140.39,140.39,,,,观察,,,,1,观察推荐,N/A,OBSERVATION,2026-09-16,,有效 Scan 推荐；按推荐价持续跟踪绩效，不计入实际持仓止损。,,,,140.49989318847656,0.08,140.77999877929688,0.28,,,10D
2026-09-16,CRH,CRH plc,Observation,2026-09-07,86.70,86.70,,,,观察,,,,1,观察推荐,N/A,OBSERVATION,2026-09-16,,有效 Scan 推荐；按推荐价持续跟踪绩效，不计入实际持仓止损。,,,,88.9800033569336,2.63,87.13999938964844,0.51,82.6500015258789,-4.67,20D
2026-09-16,CVNA,Carvana,Observation,2026-09-07,65.40,65.40,,,,观察,,,,1,观察推荐,N/A,OBSERVATION,2026-09-16,,有效 Scan 推荐；按推荐价持续跟踪绩效，不计入实际持仓止损。,,,,70.87000274658203,8.36,67.18000030517578,2.72,,,10D
2026-09-16,ODFL,Old Dominion,Observation,2026-09-07,174.36,174.36,,,,观察,,,,1,观察推荐,N/A,OBSERVATION,2026-09-16,,有效 Scan 推荐；按推荐价持续跟踪绩效，不计入实际持仓止损。,,,,181.91000366210938,4.33,175.36000061035156,0.57,,,10D
2026-09-16,COP,ConocoPhillips,Observation,2026-09-09,137.01,132.54,,-3.26,,观察,,,,3,观察推荐,N/A,OBSERVATION,2026-09-16,,有效 Scan 推荐；按推荐价持续跟踪绩效，不计入实际持仓止损。,,,,132.5399932861328,-3.26,128.08999633789062,-6.51,,,10D
2026-09-16,EOG,EOG Resources,Observation,2026-09-09,147.54,144.93,,-1.77,,观察,,,,2,观察推荐,N/A,OBSERVATION,2026-09-16,,有效 Scan 推荐；按推荐价持续跟踪绩效，不计入实际持仓止损。,,,,144.92999267578125,-1.77,141.83999633789062,-3.86,,,10D
2026-09-16,PYPL,PayPal,Observation,2026-09-09,52.99,52.71,,-0.53,,观察,,,,2,观察推荐,N/A,OBSERVATION,2026-09-16,,有效 Scan 推荐；按推荐价持续跟踪绩效，不计入实际持仓止损。,,,,52.709999084472656,-0.53,52.5099983215332,-0.91,,,10D
2026-09-16,STX,Seagate Technology,Observation,2026-09-09,892.42,783.18,,-12.31,,观察,,,,1,观察推荐,N/A,OBSERVATION,2026-09-16,,有效 Scan 推荐；按推荐价持续跟踪绩效，不计入实际持仓止损。,,,,782.5526733398438,-12.31,923.1199951171875,3.44,,,10D
2026-09-16,MO,Altria,Observation,2026-09-10,67.76,70.10,,3.46,,观察,,,,1,观察推荐,N/A,OBSERVATION,2026-09-16,,有效 Scan 推荐；按推荐价持续跟踪绩效，不计入实际持仓止损。,,,,69.69999694824219,2.87,68.87999725341797,1.66,,,10D
2026-09-16,WMB,Williams Companies,Observation,2026-09-10,74.39,70.90,,-4.69,,观察,,,,2,观察推荐,N/A,OBSERVATION,2026-09-16,,有效 Scan 推荐；按推荐价持续跟踪绩效，不计入实际持仓止损。,,,,71.80999755859375,-3.47,70.58000183105469,-5.12,,,10D
2026-09-16,CF,CF Industries,Observation,2026-09-10,140.12,131.99,,-5.8,,观察,,,,1,观察推荐,N/A,OBSERVATION,2026-09-16,,有效 Scan 推荐；按推荐价持续跟踪绩效，不计入实际持仓止损。,,,,133.82000732421875,-4.5,118.44000244140625,-15.47,,,10D
2026-09-16,SWKS,Skyworks Solutions,Observation,2026-09-11,84.27,85.59,,1.57,,观察,,,,1,观察推荐,N/A,OBSERVATION,2026-09-16,,有效 Scan 推荐；按推荐价持续跟踪绩效，不计入实际持仓止损。,,,,88.76000213623047,5.33,89.33999633789062,6.02,,,10D
2026-09-16,APP,AppLovin,Observation,2026-09-11,315.54,326.56,,3.49,,观察,,,,1,观察推荐,N/A,OBSERVATION,2026-09-16,,有效 Scan 推荐；按推荐价持续跟踪绩效，不计入实际持仓止损。,,,,308.05999755859375,-2.37,310.75,-1.52,,,10D
2026-09-16,ISRG,Intuitive Surgical,Observation,2026-09-11,363.56,382.29,,5.15,,观察,,,,1,观察推荐,N/A,OBSERVATION,2026-09-16,,有效 Scan 推荐；按推荐价持续跟踪绩效，不计入实际持仓止损。,,,,393.3299865722656,8.19,405.17999267578125,11.45,,,10D
2026-09-16,INTU,Intuit,Observation,2026-09-11,313.02,318.13,,1.63,,观察,,,,1,观察推荐,N/A,OBSERVATION,2026-09-16,,有效 Scan 推荐；按推荐价持续跟踪绩效，不计入实际持仓止损。,,,,303.19000244140625,-3.14,275.7900085449219,-11.89,,,10D
2026-09-16,ACGL,Arch Capital Group,Observation,2026-09-14,97.44,96.97,,-0.48,,观察,,,,1,观察推荐,N/A,OBSERVATION,2026-09-16,,有效 Scan 推荐；按推荐价持续跟踪绩效，不计入实际持仓止损。,,,,95.77999877929688,-1.7,94.9000015258789,-2.61,,,10D
2026-09-16,JPM,JPMorgan Chase,Observation,2026-09-16,353.38,348.92,,-1.26,,观察,,,,1,观察推荐,N/A,OBSERVATION,2026-09-16,,有效 Scan 推荐；按推荐价持续跟踪绩效，不计入实际持仓止损。,,,,337.5299987792969,-4.49,,,,,5D
2026-09-16,SRE,Sempra,Observation,2026-09-16,81.10,81.70,,-0.1,,观察,,,,1,观察推荐,N/A,OBSERVATION,2026-09-16,,有效 Scan 推荐；按推荐价持续跟踪绩效，不计入实际持仓止损。,,,,78.34200286865234,-3.4,,,,,5D
2026-09-16,RVTY,Revvity,Observation,2026-09-16,140.88,145.73,,3.44,,观察,,,,1,观察推荐,N/A,OBSERVATION,2026-09-16,,有效 Scan 推荐；按推荐价持续跟踪绩效，不计入实际持仓止损。,,,,142.11000061035156,0.87,,,,,5D
2026-09-16,WRB,W. R. Berkley Corporation,Observation,2026-09-16,70.71,69.95,,-1.21,,观察,,,,1,观察推荐,N/A,OBSERVATION,2026-09-16,,有效 Scan 推荐；按推荐价持续跟踪绩效，不计入实际持仓止损。,,,,67.66999816894531,-4.3,,,,,5D
2026-09-16,GS,Goldman Sachs,Observation,2026-09-16,981.46,937.98,,-4.43,,观察,,,,1,观察推荐,N/A,OBSERVATION,2026-09-16,,有效 Scan 推荐；按推荐价持续跟踪绩效，不计入实际持仓止损。,,,,936.3599853515625,-4.6,,,,,5D
2026-09-16,ALB,Albemarle Corporation,Observation,2026-09-16,114.00,109.47,,-3.97,,观察,,,,1,观察推荐,N/A,OBSERVATION,2026-09-16,,有效 Scan 推荐；按推荐价持续跟踪绩效，不计入实际持仓止损。,,,,113.47000122070312,-0.46,,,,,5D
2026-09-16,FANG,Diamondback Energy,Observation,2026-09-16,197.03,194.54,,-1.26,,观察,,,,1,观察推荐,N/A,OBSERVATION,2026-09-16,,有效 Scan 推荐；按推荐价持续跟踪绩效，不计入实际持仓止损。,,,,185.64999389648438,-5.78,,,,,5D
2026-09-16,COIN,Coinbase,Core_Dragon,2026-08-20,172.75,172.11,27,-0.37,,动态持有,168.48,MA20/MA50 + ATR + MACD/KDJ,168.48,2,持仓中,69,STOP_NEAR,2026-09-16,2.11,收盘距离移动止损约 2.11%，次日 Scan 强提醒。,,,,190.72000122070312,10.4,,,,,5D
2026-09-17,NOW,ServiceNow,Core_Dragon,2026-08-20,128.15,138.47,28,8.05,,动态持有,135.63,MA20/MA50 + ATR + MACD/KDJ,135.63,1,持仓中,76,STOP_NEAR,2026-09-17,2.05,收盘距离移动止损约 2.05%，次日 Scan 强提醒。,,,,138.42999267578125,8.02,145.58999633789062,13.61,135.47000122070312,5.71,20D
2026-09-17,MSFT,Microsoft,Core_Dragon,2026-08-20,483.30,497.75,28,2.99,,动态持有,485.05,MA20/MA50 + ATR + MACD/KDJ,485.05,2,持仓中,70,STOP_NEAR,2026-09-17,2.55,收盘距离移动止损约 2.55%，次日 Scan 强提醒。,,,,505.05999755859375,4.5,510.1199951171875,5.55,493.7799987792969,2.17,20D
2026-09-17,COIN,Coinbase,Core_Dragon,2026-08-20,172.75,173.97,28,0.71,,动态持有,163.71,MA20/MA50 + ATR + MACD/KDJ,163.71,2,持仓中,69,CLEAR,2026-09-17,5.9,本次 Review 未发现触及或接近移动止损。,,,,190.72000122070312,10.4,,,,,5D
2026-09-17,MOS,Mosaic Company (The),Core_Dragon,2026-08-24,24.62,25.39,24,3.13,,动态持有,24.14,MA20/MA50 + ATR + MACD/KDJ,24.14,1,持仓中,78,CLEAR,2026-09-17,4.92,本次 Review 未发现触及或接近移动止损。,,,,,,,,,,OPEN
2026-09-17,AES,AES Corporation,Core_Dragon,2026-08-24,14.75,14.85,24,0.68,,动态持有,14.53,MA20/MA50 + ATR + MACD/KDJ,14.53,1,持仓中,68,STOP_NEAR,2026-09-17,2.15,收盘距离移动止损约 2.15%，次日 Scan 强提醒。,,,,14.739999771118164,-0.07,14.829999923706055,0.54,14.819999694824219,0.47,20D
2026-09-17,AMGN,Amgen,Core_Dragon,2026-09-17,379.15,379.78,0,0.17,,动态持有,368.82,MA20/MA50 + ATR + MACD/KDJ,368.82,1,持仓中,73.9,STOP_NEAR,2026-09-17,2.89,收盘距离移动止损约 2.89%，次日 Scan 强提醒。,,,,,,,,,,OPEN
2026-09-17,ABBV,AbbVie,Core_Dragon,2026-09-17,262.61,264.02,0,0.54,,动态持有,254.63,MA20/MA50 + ATR + MACD/KDJ,254.63,1,持仓中,66.9,CLEAR,2026-09-17,3.56,本次 Review 未发现触及或接近移动止损。,,,,265.1199951171875,0.96,259.92999267578125,-1.02,,,10D
2026-09-17,CRM,Salesforce,Core_Dragon,2026-08-19,194.21,243.02,29,25.13,25.13,动态持有,243.02,MA20/MA50 + ATR + MACD/KDJ,243.02,1,移动止损清仓,72,STOP_TRIGGERED,2026-09-17,0,移动止损触发：243.02,,,,,,,,,,FINAL
2026-09-17,PANW,Palo Alto Networks,Observation,2026-09-15,368.43,375.06,,1.88,,观察,,观察，不触发持仓止损,,1,观察推荐,N/A,OBSERVATION,2026-09-17,,有效 Scan 推荐；不作为实际持仓，但纳入推荐绩效追踪。,,,,374.57000732421875,1.67,388.4100036621094,5.42,,,10D
2026-09-17,APA,APA Corporation,Observation,2026-09-15,45.67,45.46,,-0.46,,观察,,观察，不触发持仓止损,,1,观察推荐,N/A,OBSERVATION,2026-09-17,,有效 Scan 推荐；不作为实际持仓，但纳入推荐绩效追踪。,,,,42.29999923706055,-7.38,42.189998626708984,-7.62,,,10D
2026-09-17,LUV,Southwest Airlines,Observation,2026-09-09,37.89,40.34,,6.47,,观察,,观察，不触发持仓止损,,2,观察推荐,N/A,OBSERVATION,2026-09-17,,有效 Scan 推荐；不作为实际持仓，但纳入推荐绩效追踪。,,,,39.150001525878906,3.33,41.040000915527344,8.31,,,10D
2026-09-17,BBY,Best Buy,Observation,2026-09-15,94.01,94.56,,-0.46,,观察,,观察，不触发持仓止损,,1,观察推荐,N/A,OBSERVATION,2026-09-17,,有效 Scan 推荐；不作为实际持仓，但纳入推荐绩效追踪。,,,,94.81999969482422,0.86,88.75,-5.6,,,10D
2026-09-17,LHX,L3Harris,Observation,2026-09-15,251.90,250.46,,-0.57,,观察,,观察，不触发持仓止损,,1,观察推荐,N/A,OBSERVATION,2026-09-17,,有效 Scan 推荐；不作为实际持仓，但纳入推荐绩效追踪。,,,,239.88999938964844,-4.77,236.47000122070312,-6.13,,,10D
2026-09-17,USB,U.S. Bancorp,Observation,2026-09-02,61.68,60.25,,-2.32,,观察,,观察，不触发持仓止损,,1,观察推荐,N/A,OBSERVATION,2026-09-17,,有效 Scan 推荐；不作为实际持仓，但纳入推荐绩效追踪。,,,,62.40999984741211,1.18,60.25,-2.32,,,10D
2026-09-17,SO,Southern Company,Observation,2026-09-02,87.99,86.76,,-1.4,,观察,,观察，不触发持仓止损,,1,观察推荐,N/A,OBSERVATION,2026-09-17,,有效 Scan 推荐；不作为实际持仓，但纳入推荐绩效追踪。,,,,87.75,-0.27,86.76000213623047,-1.4,,,10D
2026-09-17,ADM,Archer Daniels Midland,Observation,2026-09-02,84.65,88.09,,4.06,,观察,,观察，不触发持仓止损,,2,观察推荐,N/A,OBSERVATION,2026-09-17,,有效 Scan 推荐；不作为实际持仓，但纳入推荐绩效追踪。,,,,86.91000366210938,2.67,88.08999633789062,4.06,,,10D
2026-09-17,DG,Dollar General,Observation,2026-09-02,131.50,124.95,,-4.98,,观察,,观察，不触发持仓止损,,1,观察推荐,N/A,OBSERVATION,2026-09-17,,有效 Scan 推荐；不作为实际持仓，但纳入推荐绩效追踪。,,,,122.98999786376953,-6.47,124.94999694824219,-4.98,,,10D
2026-09-17,DUK,Duke Energy,Observation,2026-09-02,120.22,118.54,,-1.4,,观察,,观察，不触发持仓止损,,1,观察推荐,N/A,OBSERVATION,2026-09-17,,有效 Scan 推荐；不作为实际持仓，但纳入推荐绩效追踪。,,,,119.37000274658203,-0.71,118.54000091552734,-1.4,,,10D
2026-09-17,EVRG,Evergy,Observation,2026-09-02,81.36,80.84,,-0.64,,观察,,观察，不触发持仓止损,,3,观察推荐,N/A,OBSERVATION,2026-09-17,,有效 Scan 推荐；不作为实际持仓，但纳入推荐绩效追踪。,,,,81.36000061035156,0.0,80.83999633789062,-0.64,,,10D
2026-09-17,TFC,Truist Financial,Observation,2026-09-03,51.09,48.45,,-5.17,,观察,,观察，不触发持仓止损,,2,观察推荐,N/A,OBSERVATION,2026-09-17,,有效 Scan 推荐；不作为实际持仓，但纳入推荐绩效追踪。,,,,50.400001525878906,-1.35,48.560001373291016,-4.95,,,10D
2026-09-17,FITB,Fifth Third Bancorp,Observation,2026-09-03,54.65,53.27,,-2.53,,观察,,观察，不触发持仓止损,,1,观察推荐,N/A,OBSERVATION,2026-09-17,,有效 Scan 推荐；不作为实际持仓，但纳入推荐绩效追踪。,,,,54.720001220703125,0.13,52.90999984741211,-3.18,,,10D
2026-09-17,OKE,Oneok,Observation,2026-09-03,96.46,93.22,,-3.36,,观察,,观察，不触发持仓止损,,1,观察推荐,N/A,OBSERVATION,2026-09-17,,有效 Scan 推荐；不作为实际持仓，但纳入推荐绩效追踪。,,,,96.62000274658203,0.17,93.45999908447266,-3.11,,,10D
2026-09-17,CHTR,Charter Communications,Observation,2026-09-03,160.24,133.37,,-16.77,,观察,,观察，不触发持仓止损,,1,观察推荐,N/A,OBSERVATION,2026-09-17,,有效 Scan 推荐；不作为实际持仓，但纳入推荐绩效追踪。,,,,145.77000427246094,-9.03,128.1699981689453,-20.01,109.29000091552734,-31.8,20D
2026-09-17,MET,MetLife,Observation,2026-09-03,97.15,97.35,,0.21,,观察,,观察，不触发持仓止损,,1,观察推荐,N/A,OBSERVATION,2026-09-17,,有效 Scan 推荐；不作为实际持仓，但纳入推荐绩效追踪。,,,,97.13999938964844,-0.01,97.04000091552734,-0.11,,,10D
2026-09-17,SYF,Synchrony Financial,Observation,2026-09-03,79.57,74.41,,-6.48,,观察,,观察，不触发持仓止损,,1,观察推荐,N/A,OBSERVATION,2026-09-17,,有效 Scan 推荐；不作为实际持仓，但纳入推荐绩效追踪。,,,,75.98999786376953,-4.5,75.04000091552734,-5.69,,,10D
2026-09-17,RTX,RTX Corporation,Observation,2026-09-04,200.77,193.54,,-3.6,,观察,,观察，不触发持仓止损,,1,观察推荐,N/A,OBSERVATION,2026-09-17,,有效 Scan 推荐；不作为实际持仓，但纳入推荐绩效追踪。,,,,195.33999633789062,-2.7,194.33999633789062,-3.2,,,10D
2026-09-17,XEL,Xcel Energy,Observation,2026-09-04,75.39,73.63,,-2.34,,观察,,观察，不触发持仓止损,,1,观察推荐,N/A,OBSERVATION,2026-09-17,,有效 Scan 推荐；不作为实际持仓，但纳入推荐绩效追踪。,,,,73.56700897216797,-2.42,71.8499984741211,-4.7,,,10D
2026-09-17,PSX,Phillips 66,Observation,2026-09-04,251.78,274.21,,8.91,,观察,,观察，不触发持仓止损,,1,观察推荐,N/A,OBSERVATION,2026-09-17,,有效 Scan 推荐；不作为实际持仓，但纳入推荐绩效追踪。,,,,257.05999755859375,2.1,261.75,3.96,,,10D
2026-09-17,MPC,Marathon Petroleum,Observation,2026-09-04,386.10,421.96,,9.29,,观察,,观察，不触发持仓止损,,2,观察推荐,N/A,OBSERVATION,2026-09-17,,有效 Scan 推荐；不作为实际持仓，但纳入推荐绩效追踪。,,,,396.45001220703125,2.68,402.3800048828125,4.22,,,10D
2026-09-17,TEL,TE Connectivity,Observation,2026-09-04,208.20,206.60,,-0.77,,观察,,观察，不触发持仓止损,,1,观察推荐,N/A,OBSERVATION,2026-09-17,,有效 Scan 推荐；不作为实际持仓，但纳入推荐绩效追踪。,,,,203.3699951171875,-2.32,210.00999450683594,0.87,,,10D
2026-09-17,AMT,American Tower,Observation,2026-09-04,176.39,175.58,,-0.46,,观察,,观察，不触发持仓止损,,1,观察推荐,N/A,OBSERVATION,2026-09-17,,有效 Scan 推荐；不作为实际持仓，但纳入推荐绩效追踪。,,,,176.94000244140625,0.31,174.60000610351562,-1.01,,,10D
2026-09-17,DELL,Dell Technologies,Observation,2026-09-07,563.29,588.40,,,,观察,,观察，不触发持仓止损,,1,观察推荐,N/A,OBSERVATION,2026-09-17,,有效 Scan 推荐；不作为实际持仓，但纳入推荐绩效追踪。,,,,534.280029296875,-5.15,575.3099975585938,2.13,552.2899780273438,-1.95,20D
2026-09-17,BEN,Franklin Resources,Observation,2026-09-07,32.72,33.07,,,,观察,,观察，不触发持仓止损,,1,观察推荐,N/A,OBSERVATION,2026-09-17,,有效 Scan 推荐；不作为实际持仓，但纳入推荐绩效追踪。,,,,33.470001220703125,2.29,33.63999938964844,2.81,,,10D
2026-09-17,VST,Vistra Corp.,Observation,2026-09-07,140.39,143.56,,,,观察,,观察，不触发持仓止损,,1,观察推荐,N/A,OBSERVATION,2026-09-17,,有效 Scan 推荐；不作为实际持仓，但纳入推荐绩效追踪。,,,,140.49989318847656,0.08,140.77999877929688,0.28,,,10D
2026-09-17,CRH,CRH plc,Observation,2026-09-07,86.70,86.70,,,,观察,,观察，不触发持仓止损,,1,观察推荐,N/A,OBSERVATION,2026-09-17,,有效 Scan 推荐；不作为实际持仓，但纳入推荐绩效追踪。,,,,88.9800033569336,2.63,87.13999938964844,0.51,82.6500015258789,-4.67,20D
2026-09-17,CVNA,Carvana,Observation,2026-09-07,65.40,65.84,,,,观察,,观察，不触发持仓止损,,1,观察推荐,N/A,OBSERVATION,2026-09-17,,有效 Scan 推荐；不作为实际持仓，但纳入推荐绩效追踪。,,,,70.87000274658203,8.36,67.18000030517578,2.72,,,10D
2026-09-17,ODFL,Old Dominion,Observation,2026-09-07,174.36,175.09,,,,观察,,观察，不触发持仓止损,,1,观察推荐,N/A,OBSERVATION,2026-09-17,,有效 Scan 推荐；不作为实际持仓，但纳入推荐绩效追踪。,,,,181.91000366210938,4.33,175.36000061035156,0.57,,,10D
2026-09-17,COP,ConocoPhillips,Observation,2026-09-09,137.01,133.19,,-2.79,,观察,,观察，不触发持仓止损,,3,观察推荐,N/A,OBSERVATION,2026-09-17,,有效 Scan 推荐；不作为实际持仓，但纳入推荐绩效追踪。,,,,132.5399932861328,-3.26,128.08999633789062,-6.51,,,10D
2026-09-17,EOG,EOG Resources,Observation,2026-09-09,147.54,145.47,,-1.4,,观察,,观察，不触发持仓止损,,2,观察推荐,N/A,OBSERVATION,2026-09-17,,有效 Scan 推荐；不作为实际持仓，但纳入推荐绩效追踪。,,,,144.92999267578125,-1.77,141.83999633789062,-3.86,,,10D
2026-09-17,PYPL,PayPal,Observation,2026-09-09,52.99,52.94,,-0.09,,观察,,观察，不触发持仓止损,,2,观察推荐,N/A,OBSERVATION,2026-09-17,,有效 Scan 推荐；不作为实际持仓，但纳入推荐绩效追踪。,,,,52.709999084472656,-0.53,52.5099983215332,-0.91,,,10D
2026-09-17,STX,Seagate Technology,Observation,2026-09-09,892.42,803.13,,-10.08,,观察,,观察，不触发持仓止损,,1,观察推荐,N/A,OBSERVATION,2026-09-17,,有效 Scan 推荐；不作为实际持仓，但纳入推荐绩效追踪。,,,,782.5526733398438,-12.31,923.1199951171875,3.44,,,10D
2026-09-17,MO,Altria,Observation,2026-09-10,67.76,69.70,,2.87,,观察,,观察，不触发持仓止损,,1,观察推荐,N/A,OBSERVATION,2026-09-17,,有效 Scan 推荐；不作为实际持仓，但纳入推荐绩效追踪。,,,,69.69999694824219,2.87,68.87999725341797,1.66,,,10D
2026-09-17,WMB,Williams Companies,Observation,2026-09-10,74.39,71.81,,-3.47,,观察,,观察，不触发持仓止损,,2,观察推荐,N/A,OBSERVATION,2026-09-17,,有效 Scan 推荐；不作为实际持仓，但纳入推荐绩效追踪。,,,,71.80999755859375,-3.47,70.58000183105469,-5.12,,,10D
2026-09-17,CF,CF Industries,Observation,2026-09-10,140.12,133.82,,-4.5,,观察,,观察，不触发持仓止损,,1,观察推荐,N/A,OBSERVATION,2026-09-17,,有效 Scan 推荐；不作为实际持仓，但纳入推荐绩效追踪。,,,,133.82000732421875,-4.5,118.44000244140625,-15.47,,,10D
2026-09-17,SWKS,Skyworks Solutions,Observation,2026-09-11,84.27,91.32,,8.37,,观察,,观察，不触发持仓止损,,1,观察推荐,N/A,OBSERVATION,2026-09-17,,有效 Scan 推荐；不作为实际持仓，但纳入推荐绩效追踪。,,,,88.76000213623047,5.33,89.33999633789062,6.02,,,10D
2026-09-17,APP,AppLovin,Observation,2026-09-11,315.54,321.60,,1.92,,观察,,观察，不触发持仓止损,,1,观察推荐,N/A,OBSERVATION,2026-09-17,,有效 Scan 推荐；不作为实际持仓，但纳入推荐绩效追踪。,,,,308.05999755859375,-2.37,310.75,-1.52,,,10D
2026-09-17,ISRG,Intuitive Surgical,Observation,2026-09-11,363.56,383.54,,5.5,,观察,,观察，不触发持仓止损,,1,观察推荐,N/A,OBSERVATION,2026-09-17,,有效 Scan 推荐；不作为实际持仓，但纳入推荐绩效追踪。,,,,393.3299865722656,8.19,405.17999267578125,11.45,,,10D
2026-09-17,INTU,Intuit,Observation,2026-09-11,313.02,313.13,,0.04,,观察,,观察，不触发持仓止损,,1,观察推荐,N/A,OBSERVATION,2026-09-17,,有效 Scan 推荐；不作为实际持仓，但纳入推荐绩效追踪。,,,,303.19000244140625,-3.14,275.7900085449219,-11.89,,,10D
2026-09-17,ACGL,Arch Capital Group,Observation,2026-09-14,97.44,96.70,,-0.76,,观察,,观察，不触发持仓止损,,1,观察推荐,N/A,OBSERVATION,2026-09-17,,有效 Scan 推荐；不作为实际持仓，但纳入推荐绩效追踪。,,,,95.77999877929688,-1.7,94.9000015258789,-2.61,,,10D
2026-09-17,JPM,JPMorgan Chase,Observation,2026-09-16,353.38,349.31,,-1.15,,观察,,观察，不触发持仓止损,,1,观察推荐,N/A,OBSERVATION,2026-09-17,,有效 Scan 推荐；不作为实际持仓，但纳入推荐绩效追踪。,,,,337.5299987792969,-4.49,,,,,5D
2026-09-17,SRE,Sempra,Observation,2026-09-16,81.10,82.18,,0.49,,观察,,观察，不触发持仓止损,,1,观察推荐,N/A,OBSERVATION,2026-09-17,,有效 Scan 推荐；不作为实际持仓，但纳入推荐绩效追踪。,,,,78.34200286865234,-3.4,,,,,5D
2026-09-17,RVTY,Revvity,Observation,2026-09-16,140.88,146.73,,4.15,,观察,,观察，不触发持仓止损,,1,观察推荐,N/A,OBSERVATION,2026-09-17,,有效 Scan 推荐；不作为实际持仓，但纳入推荐绩效追踪。,,,,142.11000061035156,0.87,,,,,5D
2026-09-17,WRB,W. R. Berkley Corporation,Observation,2026-09-16,70.71,70.10,,-1.0,,观察,,观察，不触发持仓止损,,1,观察推荐,N/A,OBSERVATION,2026-09-17,,有效 Scan 推荐；不作为实际持仓，但纳入推荐绩效追踪。,,,,67.66999816894531,-4.3,,,,,5D
2026-09-17,GS,Goldman Sachs,Observation,2026-09-16,981.46,951.47,,-3.06,,观察,,观察，不触发持仓止损,,1,观察推荐,N/A,OBSERVATION,2026-09-17,,有效 Scan 推荐；不作为实际持仓，但纳入推荐绩效追踪。,,,,936.3599853515625,-4.6,,,,,5D
2026-09-17,ALB,Albemarle Corporation,Observation,2026-09-16,114.00,115.05,,0.92,,观察,,观察，不触发持仓止损,,1,观察推荐,N/A,OBSERVATION,2026-09-17,,有效 Scan 推荐；不作为实际持仓，但纳入推荐绩效追踪。,,,,113.47000122070312,-0.46,,,,,5D
2026-09-17,FANG,Diamondback Energy,Observation,2026-09-16,197.03,196.94,,-0.05,,观察,,观察，不触发持仓止损,,1,观察推荐,N/A,OBSERVATION,2026-09-17,,有效 Scan 推荐；不作为实际持仓，但纳入推荐绩效追踪。,,,,185.64999389648438,-5.78,,,,,5D
2026-09-22,AES,AES Corporation,Core_Dragon,2026-08-24,14.75,14.83,29,0.54,,动态持有,14.53,MA20/MA50 + ATR + MACD/KDJ,14.53,1,持仓中,68,STOP_NEAR,2026-09-22,2.02,收盘距离移动止损约 2.02%，次日 Scan 强提醒。,,,,14.739999771118164,-0.07,14.829999923706055,0.54,14.819999694824219,0.47,20D
2026-09-22,ABBV,AbbVie,Core_Dragon,2026-09-17,262.61,264.48,5,0.71,,动态持有,256.55,MA20/MA50 + ATR + MACD/KDJ,256.55,1,持仓中,66.9,STOP_NEAR,2026-09-22,3.0,收盘距离移动止损约 3.00%，次日 Scan 强提醒。,,,,265.1199951171875,0.96,259.92999267578125,-1.02,,,10D
2026-09-22,MOS,Mosaic Company (The),Core_Dragon,2026-08-24,24.62,24.14,29,-1.95,-1.95,动态持有,24.14,MA20/MA50 + ATR + MACD/KDJ,24.14,1,移动止损清仓,78,STOP_TRIGGERED,2026-09-22,0,移动止损触发：24.14,,,,,,,,,,FINAL
2026-09-22,AMGN,Amgen,Core_Dragon,2026-09-17,379.15,385.30,5,1.62,1.62,动态持有,385.3,MA20/MA50 + ATR + MACD/KDJ,385.3,1,移动止损清仓,73.9,STOP_TRIGGERED,2026-09-22,0,移动止损触发：385.3,,,,,,,,,,FINAL
2026-09-22,FTNT,Fortinet,Core_Dragon,2026-09-21,170.19,169.97,1,-0.13,-0.13,动态持有,169.97,MA20/MA50 + ATR + MACD/KDJ,169.97,2,移动止损清仓,78.9,STOP_TRIGGERED,2026-09-22,0,移动止损触发：169.97,,,,,,,,,,FINAL
2026-09-22,NXPI,NXP Semiconductors,Core_Dragon,2026-09-21,229.14,226.61,1,-1.1,-1.1,动态持有,226.61,MA20/MA50 + ATR + MACD/KDJ,226.61,2,移动止损清仓,74.7,STOP_TRIGGERED,2026-09-22,0,移动止损触发：226.61,,,,,,,,,,FINAL
2026-09-22,PANW,Palo Alto Networks,Observation,2026-09-15,368.43,,,,,观察,,观察，不触发持仓止损,,1,观察推荐,N/A,OBSERVATION,2026-09-22,,有效 Scan 推荐；不作为实际持仓，但纳入推荐绩效追踪。,,,,374.57000732421875,1.67,388.4100036621094,5.42,,,10D
2026-09-22,APA,APA Corporation,Observation,2026-09-15,45.67,,,,,观察,,观察，不触发持仓止损,,1,观察推荐,N/A,OBSERVATION,2026-09-22,,有效 Scan 推荐；不作为实际持仓，但纳入推荐绩效追踪。,,,,42.29999923706055,-7.38,42.189998626708984,-7.62,,,10D
2026-09-22,LUV,Southwest Airlines,Observation,2026-09-09,37.89,,,,,观察,,观察，不触发持仓止损,,2,观察推荐,N/A,OBSERVATION,2026-09-22,,有效 Scan 推荐；不作为实际持仓，但纳入推荐绩效追踪。,,,,39.150001525878906,3.33,41.040000915527344,8.31,,,10D
2026-09-22,BBY,Best Buy,Observation,2026-09-15,94.01,,,,,观察,,观察，不触发持仓止损,,1,观察推荐,N/A,OBSERVATION,2026-09-22,,有效 Scan 推荐；不作为实际持仓，但纳入推荐绩效追踪。,,,,94.81999969482422,0.86,88.75,-5.6,,,10D
2026-09-22,LHX,L3Harris,Observation,2026-09-15,251.90,,,,,观察,,观察，不触发持仓止损,,1,观察推荐,N/A,OBSERVATION,2026-09-22,,有效 Scan 推荐；不作为实际持仓，但纳入推荐绩效追踪。,,,,239.88999938964844,-4.77,236.47000122070312,-6.13,,,10D
2026-09-22,USB,U.S. Bancorp,Observation,2026-09-02,61.68,,,,,观察,,观察，不触发持仓止损,,1,观察推荐,N/A,OBSERVATION,2026-09-22,,有效 Scan 推荐；不作为实际持仓，但纳入推荐绩效追踪。,,,,62.40999984741211,1.18,60.25,-2.32,,,10D
2026-09-22,SO,Southern Company,Observation,2026-09-02,87.99,,,,,观察,,观察，不触发持仓止损,,1,观察推荐,N/A,OBSERVATION,2026-09-22,,有效 Scan 推荐；不作为实际持仓，但纳入推荐绩效追踪。,,,,87.75,-0.27,86.76000213623047,-1.4,,,10D
2026-09-22,ADM,Archer Daniels Midland,Observation,2026-09-02,84.65,,,,,观察,,观察，不触发持仓止损,,2,观察推荐,N/A,OBSERVATION,2026-09-22,,有效 Scan 推荐；不作为实际持仓，但纳入推荐绩效追踪。,,,,86.91000366210938,2.67,88.08999633789062,4.06,,,10D
2026-09-22,DG,Dollar General,Observation,2026-09-02,131.50,,,,,观察,,观察，不触发持仓止损,,1,观察推荐,N/A,OBSERVATION,2026-09-22,,有效 Scan 推荐；不作为实际持仓，但纳入推荐绩效追踪。,,,,122.98999786376953,-6.47,124.94999694824219,-4.98,,,10D
2026-09-22,DUK,Duke Energy,Observation,2026-09-02,120.22,,,,,观察,,观察，不触发持仓止损,,1,观察推荐,N/A,OBSERVATION,2026-09-22,,有效 Scan 推荐；不作为实际持仓，但纳入推荐绩效追踪。,,,,119.37000274658203,-0.71,118.54000091552734,-1.4,,,10D
2026-09-22,EVRG,Evergy,Observation,2026-09-02,81.36,,,,,观察,,观察，不触发持仓止损,,3,观察推荐,N/A,OBSERVATION,2026-09-22,,有效 Scan 推荐；不作为实际持仓，但纳入推荐绩效追踪。,,,,81.36000061035156,0.0,80.83999633789062,-0.64,,,10D
2026-09-22,TFC,Truist Financial,Observation,2026-09-03,51.09,,,,,观察,,观察，不触发持仓止损,,2,观察推荐,N/A,OBSERVATION,2026-09-22,,有效 Scan 推荐；不作为实际持仓，但纳入推荐绩效追踪。,,,,50.400001525878906,-1.35,48.560001373291016,-4.95,,,10D
2026-09-22,FITB,Fifth Third Bancorp,Observation,2026-09-03,54.65,,,,,观察,,观察，不触发持仓止损,,1,观察推荐,N/A,OBSERVATION,2026-09-22,,有效 Scan 推荐；不作为实际持仓，但纳入推荐绩效追踪。,,,,54.720001220703125,0.13,52.90999984741211,-3.18,,,10D
2026-09-22,OKE,Oneok,Observation,2026-09-03,96.46,,,,,观察,,观察，不触发持仓止损,,1,观察推荐,N/A,OBSERVATION,2026-09-22,,有效 Scan 推荐；不作为实际持仓，但纳入推荐绩效追踪。,,,,96.62000274658203,0.17,93.45999908447266,-3.11,,,10D
2026-09-22,CHTR,Charter Communications,Observation,2026-09-03,160.24,,,,,观察,,观察，不触发持仓止损,,1,观察推荐,N/A,OBSERVATION,2026-09-22,,有效 Scan 推荐；不作为实际持仓，但纳入推荐绩效追踪。,,,,145.77000427246094,-9.03,128.1699981689453,-20.01,109.29000091552734,-31.8,20D
2026-09-22,MET,MetLife,Observation,2026-09-03,97.15,,,,,观察,,观察，不触发持仓止损,,1,观察推荐,N/A,OBSERVATION,2026-09-22,,有效 Scan 推荐；不作为实际持仓，但纳入推荐绩效追踪。,,,,97.13999938964844,-0.01,97.04000091552734,-0.11,,,10D
2026-09-22,SYF,Synchrony Financial,Observation,2026-09-03,79.57,,,,,观察,,观察，不触发持仓止损,,1,观察推荐,N/A,OBSERVATION,2026-09-22,,有效 Scan 推荐；不作为实际持仓，但纳入推荐绩效追踪。,,,,75.98999786376953,-4.5,75.04000091552734,-5.69,,,10D
2026-09-22,RTX,RTX Corporation,Observation,2026-09-04,200.77,,,,,观察,,观察，不触发持仓止损,,1,观察推荐,N/A,OBSERVATION,2026-09-22,,有效 Scan 推荐；不作为实际持仓，但纳入推荐绩效追踪。,,,,195.33999633789062,-2.7,194.33999633789062,-3.2,,,10D
2026-09-22,XEL,Xcel Energy,Observation,2026-09-04,75.39,,,,,观察,,观察，不触发持仓止损,,1,观察推荐,N/A,OBSERVATION,2026-09-22,,有效 Scan 推荐；不作为实际持仓，但纳入推荐绩效追踪。,,,,73.56700897216797,-2.42,71.8499984741211,-4.7,,,10D
2026-09-22,PSX,Phillips 66,Observation,2026-09-04,251.78,,,,,观察,,观察，不触发持仓止损,,1,观察推荐,N/A,OBSERVATION,2026-09-22,,有效 Scan 推荐；不作为实际持仓，但纳入推荐绩效追踪。,,,,257.05999755859375,2.1,261.75,3.96,,,10D
2026-09-22,MPC,Marathon Petroleum,Observation,2026-09-04,386.10,,,,,观察,,观察，不触发持仓止损,,2,观察推荐,N/A,OBSERVATION,2026-09-22,,有效 Scan 推荐；不作为实际持仓，但纳入推荐绩效追踪。,,,,396.45001220703125,2.68,402.3800048828125,4.22,,,10D
2026-09-22,TEL,TE Connectivity,Observation,2026-09-04,208.20,,,,,观察,,观察，不触发持仓止损,,1,观察推荐,N/A,OBSERVATION,2026-09-22,,有效 Scan 推荐；不作为实际持仓，但纳入推荐绩效追踪。,,,,203.3699951171875,-2.32,210.00999450683594,0.87,,,10D
2026-09-22,AMT,American Tower,Observation,2026-09-04,176.39,,,,,观察,,观察，不触发持仓止损,,1,观察推荐,N/A,OBSERVATION,2026-09-22,,有效 Scan 推荐；不作为实际持仓，但纳入推荐绩效追踪。,,,,176.94000244140625,0.31,174.60000610351562,-1.01,,,10D
2026-09-22,DELL,Dell Technologies,Observation,2026-09-07,563.29,,,,,观察,,观察，不触发持仓止损,,1,观察推荐,N/A,OBSERVATION,2026-09-22,,有效 Scan 推荐；不作为实际持仓，但纳入推荐绩效追踪。,,,,534.280029296875,-5.15,575.3099975585938,2.13,552.2899780273438,-1.95,20D
2026-09-22,BEN,Franklin Resources,Observation,2026-09-07,32.72,,,,,观察,,观察，不触发持仓止损,,1,观察推荐,N/A,OBSERVATION,2026-09-22,,有效 Scan 推荐；不作为实际持仓，但纳入推荐绩效追踪。,,,,33.470001220703125,2.29,33.63999938964844,2.81,,,10D
2026-09-22,VST,Vistra Corp.,Observation,2026-09-07,140.39,,,,,观察,,观察，不触发持仓止损,,1,观察推荐,N/A,OBSERVATION,2026-09-22,,有效 Scan 推荐；不作为实际持仓，但纳入推荐绩效追踪。,,,,140.49989318847656,0.08,140.77999877929688,0.28,,,10D
2026-09-22,CRH,CRH plc,Observation,2026-09-07,86.70,,,,,观察,,观察，不触发持仓止损,,1,观察推荐,N/A,OBSERVATION,2026-09-22,,有效 Scan 推荐；不作为实际持仓，但纳入推荐绩效追踪。,,,,88.9800033569336,2.63,87.13999938964844,0.51,82.6500015258789,-4.67,20D
2026-09-22,CVNA,Carvana,Observation,2026-09-07,65.40,,,,,观察,,观察，不触发持仓止损,,1,观察推荐,N/A,OBSERVATION,2026-09-22,,有效 Scan 推荐；不作为实际持仓，但纳入推荐绩效追踪。,,,,70.87000274658203,8.36,67.18000030517578,2.72,,,10D
2026-09-22,ODFL,Old Dominion,Observation,2026-09-07,174.36,,,,,观察,,观察，不触发持仓止损,,1,观察推荐,N/A,OBSERVATION,2026-09-22,,有效 Scan 推荐；不作为实际持仓，但纳入推荐绩效追踪。,,,,181.91000366210938,4.33,175.36000061035156,0.57,,,10D
2026-09-22,COP,ConocoPhillips,Observation,2026-09-09,137.01,,,,,观察,,观察，不触发持仓止损,,3,观察推荐,N/A,OBSERVATION,2026-09-22,,有效 Scan 推荐；不作为实际持仓，但纳入推荐绩效追踪。,,,,132.5399932861328,-3.26,128.08999633789062,-6.51,,,10D
2026-09-22,EOG,EOG Resources,Observation,2026-09-09,147.54,,,,,观察,,观察，不触发持仓止损,,2,观察推荐,N/A,OBSERVATION,2026-09-22,,有效 Scan 推荐；不作为实际持仓，但纳入推荐绩效追踪。,,,,144.92999267578125,-1.77,141.83999633789062,-3.86,,,10D
2026-09-22,PYPL,PayPal,Observation,2026-09-09,52.99,,,,,观察,,观察，不触发持仓止损,,2,观察推荐,N/A,OBSERVATION,2026-09-22,,有效 Scan 推荐；不作为实际持仓，但纳入推荐绩效追踪。,,,,52.709999084472656,-0.53,52.5099983215332,-0.91,,,10D
2026-09-22,STX,Seagate Technology,Observation,2026-09-09,892.42,,,,,观察,,观察，不触发持仓止损,,1,观察推荐,N/A,OBSERVATION,2026-09-22,,有效 Scan 推荐；不作为实际持仓，但纳入推荐绩效追踪。,,,,782.5526733398438,-12.31,923.1199951171875,3.44,,,10D
2026-09-22,MO,Altria,Observation,2026-09-10,67.76,,,,,观察,,观察，不触发持仓止损,,1,观察推荐,N/A,OBSERVATION,2026-09-22,,有效 Scan 推荐；不作为实际持仓，但纳入推荐绩效追踪。,,,,69.69999694824219,2.87,68.87999725341797,1.66,,,10D
2026-09-22,WMB,Williams Companies,Observation,2026-09-10,74.39,,,,,观察,,观察，不触发持仓止损,,2,观察推荐,N/A,OBSERVATION,2026-09-22,,有效 Scan 推荐；不作为实际持仓，但纳入推荐绩效追踪。,,,,71.80999755859375,-3.47,70.58000183105469,-5.12,,,10D
2026-09-22,CF,CF Industries,Observation,2026-09-10,140.12,,,,,观察,,观察，不触发持仓止损,,1,观察推荐,N/A,OBSERVATION,2026-09-22,,有效 Scan 推荐；不作为实际持仓，但纳入推荐绩效追踪。,,,,133.82000732421875,-4.5,118.44000244140625,-15.47,,,10D
2026-09-22,SWKS,Skyworks Solutions,Observation,2026-09-11,84.27,,,,,观察,,观察，不触发持仓止损,,1,观察推荐,N/A,OBSERVATION,2026-09-22,,有效 Scan 推荐；不作为实际持仓，但纳入推荐绩效追踪。,,,,88.76000213623047,5.33,89.33999633789062,6.02,,,10D
2026-09-22,APP,AppLovin,Observation,2026-09-11,315.54,,,,,观察,,观察，不触发持仓止损,,1,观察推荐,N/A,OBSERVATION,2026-09-22,,有效 Scan 推荐；不作为实际持仓，但纳入推荐绩效追踪。,,,,308.05999755859375,-2.37,310.75,-1.52,,,10D
2026-09-22,ISRG,Intuitive Surgical,Observation,2026-09-11,363.56,,,,,观察,,观察，不触发持仓止损,,1,观察推荐,N/A,OBSERVATION,2026-09-22,,有效 Scan 推荐；不作为实际持仓，但纳入推荐绩效追踪。,,,,393.3299865722656,8.19,405.17999267578125,11.45,,,10D
2026-09-22,INTU,Intuit,Observation,2026-09-11,313.02,,,,,观察,,观察，不触发持仓止损,,1,观察推荐,N/A,OBSERVATION,2026-09-22,,有效 Scan 推荐；不作为实际持仓，但纳入推荐绩效追踪。,,,,303.19000244140625,-3.14,275.7900085449219,-11.89,,,10D
2026-09-22,ACGL,Arch Capital Group,Observation,2026-09-14,97.44,,,,,观察,,观察，不触发持仓止损,,1,观察推荐,N/A,OBSERVATION,2026-09-22,,有效 Scan 推荐；不作为实际持仓，但纳入推荐绩效追踪。,,,,95.77999877929688,-1.7,94.9000015258789,-2.61,,,10D
2026-09-22,JPM,JPMorgan Chase,Observation,2026-09-16,353.38,,,,,观察,,观察，不触发持仓止损,,1,观察推荐,N/A,OBSERVATION,2026-09-22,,有效 Scan 推荐；不作为实际持仓，但纳入推荐绩效追踪。,,,,337.5299987792969,-4.49,,,,,5D
2026-09-22,SRE,Sempra,Observation,2026-09-16,81.10,,,,,观察,,观察，不触发持仓止损,,1,观察推荐,N/A,OBSERVATION,2026-09-22,,有效 Scan 推荐；不作为实际持仓，但纳入推荐绩效追踪。,,,,78.34200286865234,-3.4,,,,,5D
2026-09-22,RVTY,Revvity,Observation,2026-09-16,140.88,,,,,观察,,观察，不触发持仓止损,,1,观察推荐,N/A,OBSERVATION,2026-09-22,,有效 Scan 推荐；不作为实际持仓，但纳入推荐绩效追踪。,,,,142.11000061035156,0.87,,,,,5D
2026-09-22,WRB,W. R. Berkley Corporation,Observation,2026-09-16,70.71,,,,,观察,,观察，不触发持仓止损,,1,观察推荐,N/A,OBSERVATION,2026-09-22,,有效 Scan 推荐；不作为实际持仓，但纳入推荐绩效追踪。,,,,67.66999816894531,-4.3,,,,,5D
2026-09-22,GS,Goldman Sachs,Observation,2026-09-16,981.46,,,,,观察,,观察，不触发持仓止损,,1,观察推荐,N/A,OBSERVATION,2026-09-22,,有效 Scan 推荐；不作为实际持仓，但纳入推荐绩效追踪。,,,,936.3599853515625,-4.6,,,,,5D
2026-09-22,ALB,Albemarle Corporation,Observation,2026-09-16,114.00,,,,,观察,,观察，不触发持仓止损,,1,观察推荐,N/A,OBSERVATION,2026-09-22,,有效 Scan 推荐；不作为实际持仓，但纳入推荐绩效追踪。,,,,113.47000122070312,-0.46,,,,,5D
2026-09-22,FANG,Diamondback Energy,Observation,2026-09-16,197.03,,,,,观察,,观察，不触发持仓止损,,1,观察推荐,N/A,OBSERVATION,2026-09-22,,有效 Scan 推荐；不作为实际持仓，但纳入推荐绩效追踪。,,,,185.64999389648438,-5.78,,,,,5D
2026-09-22,GLW,Corning Inc.,Observation,2026-09-18,152.00,,,,,观察,,观察，不触发持仓止损,,1,观察推荐,77.5,OBSERVATION,2026-09-22,,有效 Scan 推荐；不作为实际持仓，但纳入推荐绩效追踪。,,,,156.74000549316406,3.12,,,,,5D
2026-09-22,VLO,Valero Energy,Observation,2026-09-18,412.00,,,,,观察,,观察，不触发持仓止损,,1,观察推荐,74.7,OBSERVATION,2026-09-22,,有效 Scan 推荐；不作为实际持仓，但纳入推荐绩效追踪。,,,,387.17999267578125,-6.02,,,,,5D
2026-09-22,TXN,Texas Instruments,Observation,2026-09-18,260.82,,,,,观察,,观察，不触发持仓止损,,1,观察推荐,74.0,OBSERVATION,2026-09-22,,有效 Scan 推荐；不作为实际持仓，但纳入推荐绩效追踪。,,,,278.07000732421875,6.61,,,,,5D
2026-09-22,FTNT,Fortinet,Observation,2026-09-18,172.46,,,,,观察,,观察，不触发持仓止损,,1,观察推荐,74.0,OBSERVATION,2026-09-22,,有效 Scan 推荐；不作为实际持仓，但纳入推荐绩效追踪。,,,,173.4600067138672,0.58,,,,,5D
2026-09-22,HST,Host Hotels & Resorts,Observation,2026-09-21,21.72,,,,,观察,,观察，不触发持仓止损,,1,观察推荐,64.9,OBSERVATION,2026-09-22,,有效 Scan 推荐；不作为实际持仓，但纳入推荐绩效追踪。,,,,22.65999984741211,4.31,22.440000534057617,3.29,,,10D
2026-09-22,DDOG,Datadog,Observation,2026-09-21,229.73,,,,,观察,,观察，不触发持仓止损,,1,观察推荐,64.9,OBSERVATION,2026-09-22,,有效 Scan 推荐；不作为实际持仓，但纳入推荐绩效追踪。,,,,268.70001220703125,16.96,276.4150085449219,20.32,,,10D
2026-09-22,KR,Kroger,Observation,2026-09-21,60.06,,,,,观察,,观察，不触发持仓止损,,1,观察推荐,64.2,OBSERVATION,2026-09-22,,有效 Scan 推荐；不作为实际持仓，但纳入推荐绩效追踪。,,,,59.689998626708984,-0.62,58.779998779296875,-2.13,,,10D
2026-09-22,DHR,Danaher Corporation,Observation,2026-09-21,211.65,,,,,观察,,观察，不触发持仓止损,,1,观察推荐,63.5,OBSERVATION,2026-09-22,,有效 Scan 推荐；不作为实际持仓，但纳入推荐绩效追踪。,,,,227.3300018310547,7.41,221.2100067138672,4.51,,,10D
2026-09-22,ADBE,Adobe Inc.,Observation,2026-09-21,248.92,,,,,观察,,观察，不触发持仓止损,,1,观察推荐,63.5,OBSERVATION,2026-09-22,,有效 Scan 推荐；不作为实际持仓，但纳入推荐绩效追踪。,,,,231.00999450683594,-7.2,,,,,5D
2026-09-22,TJX,TJX Companies,Observation,2026-09-22,131.93,,,,,观察,,观察，不触发持仓止损,,1,观察推荐,64.9,OBSERVATION,2026-09-22,,有效 Scan 推荐；不作为实际持仓，但纳入推荐绩效追踪。,,,,133.8000030517578,1.42,137.02999877929688,3.87,,,10D
2026-09-22,UAL,United Airlines Holdings,Observation,2026-09-22,116.60,,,,,观察,,观察，不触发持仓止损,,1,观察推荐,64.9,OBSERVATION,2026-09-22,,有效 Scan 推荐；不作为实际持仓，但纳入推荐绩效追踪。,,,,112.6500015258789,-3.39,111.87000274658203,-4.06,,,10D
2026-09-22,IR,Ingersoll Rand,Observation,2026-09-22,73.44,,,,,观察,,观察，不触发持仓止损,,1,观察推荐,64.9,OBSERVATION,2026-09-22,,有效 Scan 推荐；不作为实际持仓，但纳入推荐绩效追踪。,,,,76.4800033569336,4.14,,,,,5D
2026-09-22,AXP,American Express,Observation,2026-09-22,316.12,,,,,观察,,观察，不触发持仓止损,,1,观察推荐,64.9,OBSERVATION,2026-09-22,,有效 Scan 推荐；不作为实际持仓，但纳入推荐绩效追踪。,,,,305.3999938964844,-3.39,304.54998779296875,-3.66,,,10D
2026-09-22,TMO,Thermo Fisher Scientific,Observation,2026-09-22,656.41,,,,,观察,,观察，不触发持仓止损,,1,观察推荐,64.9,OBSERVATION,2026-09-22,,有效 Scan 推荐；不作为实际持仓，但纳入推荐绩效追踪。,,,,679.6099853515625,3.53,656.5800170898438,0.03,,,10D
2026-09-22,CRWD,CrowdStrike,Observation,2026-09-22,248.21,,,,,观察,,观察，不触发持仓止损,,1,观察推荐,64.2,OBSERVATION,2026-09-22,,有效 Scan 推荐；不作为实际持仓，但纳入推荐绩效追踪。,,,,262.739990234375,5.85,278.8599853515625,12.35,,,10D
2026-09-23,ABBV,AbbVie,Core_Dragon,2026-09-17,262.61,265.08,6,0.94,,动态持有,256.55,MA20/MA50 + ATR + MACD/KDJ,256.55,1,持仓中,66.9,CLEAR,2026-09-23,3.22,本次 Review 未发现触及或接近移动止损。,,,,265.1199951171875,0.96,259.92999267578125,-1.02,,,10D
2026-09-23,FTNT,Fortinet,Core_Dragon,2026-09-22,176.09,178.74,1,5.02,,动态持有,169.97,MA20/MA50 + ATR + MACD/KDJ,169.97,1,持仓中,78.9,CLEAR,2026-09-23,4.91,本次 Review 未发现触及或接近移动止损。,,,,,,,,,,OPEN
2026-09-23,NXPI,NXP Semiconductors,Core_Dragon,2026-09-22,231.87,235.44,1,2.75,,动态持有,226.61,MA20/MA50 + ATR + MACD/KDJ,226.61,1,持仓中,74.7,CLEAR,2026-09-23,3.75,本次 Review 未发现触及或接近移动止损。,,,,236.47000122070312,1.98,244.3800048828125,5.4,,,10D
2026-09-23,APH,Amphenol,Core_Dragon,2026-09-23,83.38,82.19,0,-1.43,,动态持有,77.66,MA20/MA50 + ATR + MACD/KDJ,77.66,1,持仓中,76.1,CLEAR,2026-09-23,5.51,本次 Review 未发现触及或接近移动止损。,,,,84.30000305175781,1.1,87.55000305175781,5.0,,,10D
2026-09-23,A,Agilent Technologies,Core_Dragon,2026-09-23,166.54,165.32,0,-0.73,,动态持有,157.55,MA20/MA50 + ATR + MACD/KDJ,157.55,1,持仓中,71.9,CLEAR,2026-09-23,4.7,本次 Review 未发现触及或接近移动止损。,,,,172.30999755859375,3.46,,,,,5D
2026-09-23,ADI,Analog Devices,Core_Dragon,2026-09-23,388.95,385.23,0,-0.96,,动态持有,365.69,MA20/MA50 + ATR + MACD/KDJ,365.69,1,持仓中,71.9,CLEAR,2026-09-23,5.07,本次 Review 未发现触及或接近移动止损。,,,,396.7099914550781,2.0,410.0799865722656,5.43,,,10D
2026-09-23,PANW,Palo Alto Networks,Observation,2026-09-15,368.43,393.30,,6.84,,观察,,观察，不触发持仓止损,,1,观察推荐,N/A,OBSERVATION,2026-09-23,,有效 Scan 推荐；不作为实际持仓，但纳入推荐绩效追踪。,,,,374.57000732421875,1.67,388.4100036621094,5.42,,,10D
2026-09-23,APA,APA Corporation,Observation,2026-09-15,45.67,43.70,,-4.31,,观察,,观察，不触发持仓止损,,1,观察推荐,N/A,OBSERVATION,2026-09-23,,有效 Scan 推荐；不作为实际持仓，但纳入推荐绩效追踪。,,,,42.29999923706055,-7.38,42.189998626708984,-7.62,,,10D
2026-09-23,LUV,Southwest Airlines,Observation,2026-09-15,39.74,41.04,,3.27,,观察,,观察，不触发持仓止损,,1,观察推荐,N/A,OBSERVATION,2026-09-23,,有效 Scan 推荐；不作为实际持仓，但纳入推荐绩效追踪。,,,,42.08000183105469,5.89,42.08000183105469,5.89,,,10D
2026-09-23,BBY,Best Buy,Observation,2026-09-15,94.01,90.80,,-4.42,,观察,,观察，不触发持仓止损,,1,观察推荐,N/A,OBSERVATION,2026-09-23,,有效 Scan 推荐；不作为实际持仓，但纳入推荐绩效追踪。,,,,94.81999969482422,0.86,88.75,-5.6,,,10D
2026-09-23,LHX,L3Harris,Observation,2026-09-15,251.90,239.21,,-5.04,,观察,,观察，不触发持仓止损,,1,观察推荐,N/A,OBSERVATION,2026-09-23,,有效 Scan 推荐；不作为实际持仓，但纳入推荐绩效追踪。,,,,239.88999938964844,-4.77,236.47000122070312,-6.13,,,10D
2026-09-23,MO,Altria,Observation,2026-09-10,67.76,68.95,,1.76,,观察,,观察，不触发持仓止损,,1,观察推荐,N/A,OBSERVATION,2026-09-23,,有效 Scan 推荐；不作为实际持仓，但纳入推荐绩效追踪。,,,,69.69999694824219,2.87,68.87999725341797,1.66,,,10D
2026-09-23,PYPL,PayPal,Observation,2026-09-11,53.31,52.51,,-1.5,,观察,,观察，不触发持仓止损,,1,观察推荐,N/A,OBSERVATION,2026-09-23,,有效 Scan 推荐；不作为实际持仓，但纳入推荐绩效追踪。,,,,52.40999984741211,-1.69,55.040000915527344,3.25,,,10D
2026-09-23,SWKS,Skyworks Solutions,Observation,2026-09-11,84.27,91.45,,8.52,,观察,,观察，不触发持仓止损,,1,观察推荐,N/A,OBSERVATION,2026-09-23,,有效 Scan 推荐；不作为实际持仓，但纳入推荐绩效追踪。,,,,88.76000213623047,5.33,89.33999633789062,6.02,,,10D
2026-09-23,APP,AppLovin,Observation,2026-09-11,315.54,315.25,,-0.09,,观察,,观察，不触发持仓止损,,1,观察推荐,N/A,OBSERVATION,2026-09-23,,有效 Scan 推荐；不作为实际持仓，但纳入推荐绩效追踪。,,,,308.05999755859375,-2.37,310.75,-1.52,,,10D
2026-09-23,ISRG,Intuitive Surgical,Observation,2026-09-11,363.56,398.30,,9.56,,观察,,观察，不触发持仓止损,,1,观察推荐,N/A,OBSERVATION,2026-09-23,,有效 Scan 推荐；不作为实际持仓，但纳入推荐绩效追踪。,,,,393.3299865722656,8.19,405.17999267578125,11.45,,,10D
2026-09-23,MPC,Marathon Petroleum,Observation,2026-09-11,394.99,388.38,,-1.67,,观察,,观察，不触发持仓止损,,1,观察推荐,N/A,OBSERVATION,2026-09-23,,有效 Scan 推荐；不作为实际持仓，但纳入推荐绩效追踪。,,,,424.8900146484375,7.57,393.5199890136719,-0.37,,,10D
2026-09-23,WMB,Williams Companies,Observation,2026-09-14,72.51,71.11,,-1.93,,观察,,观察，不触发持仓止损,,1,观察推荐,N/A,OBSERVATION,2026-09-23,,有效 Scan 推荐；不作为实际持仓，但纳入推荐绩效追踪。,,,,71.6500015258789,-1.19,68.9800033569336,-4.87,,,10D
2026-09-23,EOG,EOG Resources,Observation,2026-09-14,149.02,141.84,,-4.82,,观察,,观察，不触发持仓止损,,1,观察推荐,N/A,OBSERVATION,2026-09-23,,有效 Scan 推荐；不作为实际持仓，但纳入推荐绩效追踪。,,,,141.3800048828125,-5.13,140.6300048828125,-5.63,,,10D
2026-09-23,ACGL,Arch Capital Group,Observation,2026-09-14,97.44,95.16,,-2.34,,观察,,观察，不触发持仓止损,,1,观察推荐,N/A,OBSERVATION,2026-09-23,,有效 Scan 推荐；不作为实际持仓，但纳入推荐绩效追踪。,,,,95.77999877929688,-1.7,94.9000015258789,-2.61,,,10D
2026-09-23,EVRG,Evergy,Observation,2026-09-14,82.05,78.42,,-4.42,,观察,,观察，不触发持仓止损,,1,观察推荐,N/A,OBSERVATION,2026-09-23,,有效 Scan 推荐；不作为实际持仓，但纳入推荐绩效追踪。,,,,79.26000213623047,-3.4,77.91000366210938,-5.05,,,10D
2026-09-23,JPM,JPMorgan Chase,Observation,2026-09-16,353.38,337.53,,-4.49,,观察,,观察，不触发持仓止损,,1,观察推荐,N/A,OBSERVATION,2026-09-23,,有效 Scan 推荐；不作为实际持仓，但纳入推荐绩效追踪。,,,,337.5299987792969,-4.49,,,,,5D
2026-09-23,SRE,Sempra,Observation,2026-09-16,81.10,79.00,,-3.4,,观察,,观察，不触发持仓止损,,1,观察推荐,N/A,OBSERVATION,2026-09-23,,有效 Scan 推荐；不作为实际持仓，但纳入推荐绩效追踪。,,,,78.34200286865234,-3.4,,,,,5D
2026-09-23,RVTY,Revvity,Observation,2026-09-16,140.88,142.11,,0.87,,观察,,观察，不触发持仓止损,,1,观察推荐,N/A,OBSERVATION,2026-09-23,,有效 Scan 推荐；不作为实际持仓，但纳入推荐绩效追踪。,,,,142.11000061035156,0.87,,,,,5D
2026-09-23,WRB,W. R. Berkley Corporation,Observation,2026-09-16,70.71,67.67,,-4.43,,观察,,观察，不触发持仓止损,,1,观察推荐,N/A,OBSERVATION,2026-09-23,,有效 Scan 推荐；不作为实际持仓，但纳入推荐绩效追踪。,,,,67.66999816894531,-4.3,,,,,5D
2026-09-23,GS,Goldman Sachs,Observation,2026-09-16,981.46,936.36,,-4.6,,观察,,观察，不触发持仓止损,,1,观察推荐,N/A,OBSERVATION,2026-09-23,,有效 Scan 推荐；不作为实际持仓，但纳入推荐绩效追踪。,,,,936.3599853515625,-4.6,,,,,5D
2026-09-23,ALB,Albemarle Corporation,Observation,2026-09-16,114.00,113.47,,-0.46,,观察,,观察，不触发持仓止损,,1,观察推荐,N/A,OBSERVATION,2026-09-23,,有效 Scan 推荐；不作为实际持仓，但纳入推荐绩效追踪。,,,,113.47000122070312,-0.46,,,,,5D
2026-09-23,FANG,Diamondback Energy,Observation,2026-09-16,197.03,185.65,,-5.78,,观察,,观察，不触发持仓止损,,1,观察推荐,N/A,OBSERVATION,2026-09-23,,有效 Scan 推荐；不作为实际持仓，但纳入推荐绩效追踪。,,,,185.64999389648438,-5.78,,,,,5D
2026-09-23,GLW,Corning Inc.,Observation,2026-09-18,152.00,154.48,,1.63,,观察,,观察，不触发持仓止损,,1,观察推荐,77.5,OBSERVATION,2026-09-23,,有效 Scan 推荐；不作为实际持仓，但纳入推荐绩效追踪。,,,,156.74000549316406,3.12,,,,,5D
2026-09-23,TXN,Texas Instruments,Observation,2026-09-18,260.82,272.62,,4.52,,观察,,观察，不触发持仓止损,,1,观察推荐,74.0,OBSERVATION,2026-09-23,,有效 Scan 推荐；不作为实际持仓，但纳入推荐绩效追踪。,,,,278.07000732421875,6.61,,,,,5D
2026-09-23,HST,Host Hotels & Resorts,Observation,2026-09-21,21.72,22.15,,1.05,,观察,,观察，不触发持仓止损,,1,观察推荐,64.9,OBSERVATION,2026-09-23,,有效 Scan 推荐；不作为实际持仓，但纳入推荐绩效追踪。,,,,22.65999984741211,4.31,22.440000534057617,3.29,,,10D
2026-09-23,DDOG,Datadog,Observation,2026-09-21,229.73,251.49,,9.47,,观察,,观察，不触发持仓止损,,1,观察推荐,64.9,OBSERVATION,2026-09-23,,有效 Scan 推荐；不作为实际持仓，但纳入推荐绩效追踪。,,,,268.70001220703125,16.96,276.4150085449219,20.32,,,10D
2026-09-23,KR,Kroger,Observation,2026-09-21,60.06,57.64,,-4.03,,观察,,观察，不触发持仓止损,,1,观察推荐,64.2,OBSERVATION,2026-09-23,,有效 Scan 推荐；不作为实际持仓，但纳入推荐绩效追踪。,,,,59.689998626708984,-0.62,58.779998779296875,-2.13,,,10D
2026-09-23,DHR,Danaher Corporation,Observation,2026-09-21,211.65,221.56,,4.49,,观察,,观察，不触发持仓止损,,1,观察推荐,63.5,OBSERVATION,2026-09-23,,有效 Scan 推荐；不作为实际持仓，但纳入推荐绩效追踪。,,,,227.3300018310547,7.41,221.2100067138672,4.51,,,10D
2026-09-23,ADBE,Adobe Inc.,Observation,2026-09-21,248.92,240.69,,-3.31,,观察,,观察，不触发持仓止损,,1,观察推荐,63.5,OBSERVATION,2026-09-23,,有效 Scan 推荐；不作为实际持仓，但纳入推荐绩效追踪。,,,,231.00999450683594,-7.2,,,,,5D
2026-09-23,TJX,TJX Companies,Observation,2026-09-22,131.93,131.59,,3.02,,观察,,观察，不触发持仓止损,,1,观察推荐,64.9,OBSERVATION,2026-09-23,,有效 Scan 推荐；不作为实际持仓，但纳入推荐绩效追踪。,,,,133.8000030517578,1.42,137.02999877929688,3.87,,,10D
2026-09-23,UAL,United Airlines Holdings,Observation,2026-09-22,116.60,110.72,,-0.97,,观察,,观察，不触发持仓止损,,1,观察推荐,64.9,OBSERVATION,2026-09-23,,有效 Scan 推荐；不作为实际持仓，但纳入推荐绩效追踪。,,,,112.6500015258789,-3.39,111.87000274658203,-4.06,,,10D
2026-09-23,IR,Ingersoll Rand,Observation,2026-09-22,73.44,76.22,,5.12,,观察,,观察，不触发持仓止损,,1,观察推荐,64.9,OBSERVATION,2026-09-23,,有效 Scan 推荐；不作为实际持仓，但纳入推荐绩效追踪。,,,,76.4800033569336,4.14,,,,,5D
2026-09-23,AXP,American Express,Observation,2026-09-22,316.12,301.96,,-4.19,,观察,,观察，不触发持仓止损,,1,观察推荐,64.9,OBSERVATION,2026-09-23,,有效 Scan 推荐；不作为实际持仓，但纳入推荐绩效追踪。,,,,305.3999938964844,-3.39,304.54998779296875,-3.66,,,10D
2026-09-23,TMO,Thermo Fisher Scientific,Observation,2026-09-22,656.41,665.30,,1.74,,观察,,观察，不触发持仓止损,,1,观察推荐,64.9,OBSERVATION,2026-09-23,,有效 Scan 推荐；不作为实际持仓，但纳入推荐绩效追踪。,,,,679.6099853515625,3.53,656.5800170898438,0.03,,,10D
2026-09-23,P,Everpure,Observation,2026-09-22,111.39,109.65,,-3.53,,观察,,观察，不触发持仓止损,,1,观察推荐,64.9,OBSERVATION,2026-09-23,,有效 Scan 推荐；不作为实际持仓，但纳入推荐绩效追踪。,,,,130.0500030517578,16.75,147.1999969482422,32.15,,,10D
2026-09-23,INVH,Invitation Homes,Observation,2026-09-22,26.88,26.93,,-0.55,,观察,,观察，不触发持仓止损,,1,观察推荐,64.2,OBSERVATION,2026-09-23,,有效 Scan 推荐；不作为实际持仓，但纳入推荐绩效追踪。,,,,26.56999969482422,-1.14,,,,,5D
2026-09-23,WELL,Welltower,Observation,2026-09-22,229.95,229.87,,-1.24,,观察,,观察，不触发持仓止损,,1,观察推荐,64.2,OBSERVATION,2026-09-23,,有效 Scan 推荐；不作为实际持仓，但纳入推荐绩效追踪。,,,,232.89999389648438,1.28,225.77999877929688,-1.81,,,10D
2026-09-23,CNP,CenterPoint Energy,Observation,2026-09-22,37.97,37.16,,-2.18,,观察,,观察，不触发持仓止损,,1,观察推荐,64.2,OBSERVATION,2026-09-23,,有效 Scan 推荐；不作为实际持仓，但纳入推荐绩效追踪。,,,,36.939998626708984,-2.71,38.560001373291016,1.55,,,10D
2026-09-23,DOC,Healthpeak Properties,Observation,2026-09-22,20.81,20.48,,-1.16,,观察,,观察，不触发持仓止损,,1,观察推荐,63.5,OBSERVATION,2026-09-23,,有效 Scan 推荐；不作为实际持仓，但纳入推荐绩效追踪。,,,,20.1299991607666,-3.27,,,,,5D
2026-09-23,MGM,MGM Resorts,Observation,2026-09-23,38.54,37.85,,-1.79,,观察,,观察，不触发持仓止损,,1,观察推荐,64.9,OBSERVATION,2026-09-23,,有效 Scan 推荐；不作为实际持仓，但纳入推荐绩效追踪。,,,,,,,,,,OPEN
2026-09-23,IBKR,Interactive Brokers,Observation,2026-09-23,91.36,91.56,,0.7,,观察,,观察，不触发持仓止损,,1,观察推荐,64.9,OBSERVATION,2026-09-23,,有效 Scan 推荐；不作为实际持仓，但纳入推荐绩效追踪。,,,,,,,,,,OPEN
2026-09-23,EW,Edwards Lifesciences,Observation,2026-09-23,88.70,86.82,,-2.12,,观察,,观察，不触发持仓止损,,1,观察推荐,64.2,OBSERVATION,2026-09-23,,有效 Scan 推荐；不作为实际持仓，但纳入推荐绩效追踪。,,,,86.31999969482422,-2.68,85.77999877929688,-3.29,,,10D
2026-09-23,DECK,Deckers Brands,Observation,2026-09-23,79.26,78.59,,-0.85,,观察,,观察，不触发持仓止损,,1,观察推荐,64.2,OBSERVATION,2026-09-23,,有效 Scan 推荐；不作为实际持仓，但纳入推荐绩效追踪。,,,,78.13999938964844,-1.41,80.37999725341797,1.41,,,10D
2026-09-23,DOC,Healthpeak Properties,Observation,2026-09-23,20.44,20.48,,0.2,,观察,,观察，不触发持仓止损,,1,观察推荐,63.5,OBSERVATION,2026-09-23,,有效 Scan 推荐；不作为实际持仓，但纳入推荐绩效追踪。,,,,19.969999313354492,-2.3,,,,,5D
2026-09-28,ABBV,AbbVie,Core_Dragon,2026-09-17,262.61,266.28,12,1.4,,动态持有,256.55,MA20/MA50 + ATR + MACD/KDJ,256.55,1,持仓中,66.9,CLEAR,2026-09-28,3.65,本次 Review 未发现触及或接近移动止损。,,,,265.1199951171875,0.96,259.92999267578125,-1.02,,,10D
2026-09-28,NXPI,NXP Semiconductors,Core_Dragon,2026-09-22,231.87,236.32,7,3.13,,动态持有,230.94,MA20/MA50 + ATR + MACD/KDJ,230.94,1,持仓中,74.7,STOP_NEAR,2026-09-28,2.28,收盘距离移动止损约 2.28%，次日 Scan 强提醒。,,,,236.47000122070312,1.98,244.3800048828125,5.4,,,10D
2026-09-28,APH,Amphenol,Core_Dragon,2026-09-23,83.38,84.62,6,1.49,,动态持有,81.57,MA20/MA50 + ATR + MACD/KDJ,81.57,1,持仓中,76.1,CLEAR,2026-09-28,3.6,本次 Review 未发现触及或接近移动止损。,,,,84.30000305175781,1.1,87.55000305175781,5.0,,,10D
2026-09-28,A,Agilent Technologies,Core_Dragon,2026-09-23,166.54,175.21,6,5.21,,动态持有,167.61,MA20/MA50 + ATR + MACD/KDJ,167.61,1,持仓中,71.9,CLEAR,2026-09-28,4.34,本次 Review 未发现触及或接近移动止损。,,,,172.30999755859375,3.46,,,,,5D
2026-09-28,ADI,Analog Devices,Core_Dragon,2026-09-23,388.95,395.43,6,1.67,,动态持有,381.79,MA20/MA50 + ATR + MACD/KDJ,381.79,1,持仓中,71.9,CLEAR,2026-09-28,3.45,本次 Review 未发现触及或接近移动止损。,,,,396.7099914550781,2.0,410.0799865722656,5.43,,,10D
2026-09-28,CF,CF Industries,Core_Dragon,2026-09-28,117.30,115.51,1,-1.53,,动态持有,107.43,MA20/MA50 + ATR + MACD/KDJ,107.43,1,持仓中,73.3,CLEAR,2026-09-28,7.0,本次 Review 未发现触及或接近移动止损。,,,,,,,,,,OPEN
2026-09-28,HUM,Humana,Core_Dragon,2026-09-28,397.43,389.63,1,-1.96,,动态持有,371.04,MA20/MA50 + ATR + MACD/KDJ,371.04,1,持仓中,72.6,CLEAR,2026-09-28,4.77,本次 Review 未发现触及或接近移动止损。,,,,,,,,,,OPEN
2026-09-28,STX,Seagate Technology,Core_Dragon,2026-09-28,912.10,921.51,1,1.03,,动态持有,815.05,MA20/MA50 + ATR + MACD/KDJ,815.05,1,持仓中,71.9,CLEAR,2026-09-28,11.55,本次 Review 未发现触及或接近移动止损。,,,,,,,,,,OPEN
2026-09-28,VLO,Valero Energy,Core_Dragon,2026-09-28,389.11,389.57,1,0.12,,动态持有,358.99,MA20/MA50 + ATR + MACD/KDJ,358.99,1,持仓中,70.5,CLEAR,2026-09-28,7.85,本次 Review 未发现触及或接近移动止损。,,,,,,,,,,OPEN
2026-09-28,FTNT,Fortinet,Core_Dragon,2026-09-22,176.09,169.97,6,-0.13,-0.13,动态持有,169.97,MA20/MA50 + ATR + MACD/KDJ,169.97,1,移动止损清仓,78.9,STOP_TRIGGERED,2026-09-28,0,移动止损触发：169.97,,,,,,,,,,FINAL
2026-09-28,PANW,Palo Alto Networks,Observation,2026-09-15,368.43,392.09,,6.51,,观察,,观察，不触发持仓止损,,1,观察推荐,N/A,OBSERVATION,2026-09-28,,有效 Scan 推荐；不作为实际持仓，但纳入推荐绩效追踪。,,,,374.57000732421875,1.67,388.4100036621094,5.42,,,10D
2026-09-28,LUV,Southwest Airlines,Observation,2026-09-15,39.74,42.28,,6.39,,观察,,观察，不触发持仓止损,,1,观察推荐,N/A,OBSERVATION,2026-09-28,,有效 Scan 推荐；不作为实际持仓，但纳入推荐绩效追踪。,,,,42.08000183105469,5.89,42.08000183105469,5.89,,,10D
2026-09-28,BBY,Best Buy,Observation,2026-09-15,94.01,89.91,,-5.36,,观察,,观察，不触发持仓止损,,1,观察推荐,N/A,OBSERVATION,2026-09-28,,有效 Scan 推荐；不作为实际持仓，但纳入推荐绩效追踪。,,,,94.81999969482422,0.86,88.75,-5.6,,,10D
2026-09-28,LHX,L3Harris,Observation,2026-09-15,251.90,237.70,,-5.64,,观察,,观察，不触发持仓止损,,1,观察推荐,N/A,OBSERVATION,2026-09-28,,有效 Scan 推荐；不作为实际持仓，但纳入推荐绩效追踪。,,,,239.88999938964844,-4.77,236.47000122070312,-6.13,,,10D
2026-09-28,JPM,JPMorgan Chase,Observation,2026-09-16,353.38,336.59,,-4.75,,观察,,观察，不触发持仓止损,,1,观察推荐,N/A,OBSERVATION,2026-09-28,,有效 Scan 推荐；不作为实际持仓，但纳入推荐绩效追踪。,,,,337.5299987792969,-4.49,,,,,5D
2026-09-28,SRE,Sempra,Observation,2026-09-16,81.10,76.89,,-5.98,,观察,,观察，不触发持仓止损,,1,观察推荐,N/A,OBSERVATION,2026-09-28,,有效 Scan 推荐；不作为实际持仓，但纳入推荐绩效追踪。,,,,78.34200286865234,-3.4,,,,,5D
2026-09-28,RVTY,Revvity,Observation,2026-09-16,140.88,151.02,,7.2,,观察,,观察，不触发持仓止损,,1,观察推荐,N/A,OBSERVATION,2026-09-28,,有效 Scan 推荐；不作为实际持仓，但纳入推荐绩效追踪。,,,,142.11000061035156,0.87,,,,,5D
2026-09-28,WRB,W. R. Berkley Corporation,Observation,2026-09-16,70.71,67.66,,-4.45,,观察,,观察，不触发持仓止损,,1,观察推荐,N/A,OBSERVATION,2026-09-28,,有效 Scan 推荐；不作为实际持仓，但纳入推荐绩效追踪。,,,,67.66999816894531,-4.3,,,,,5D
2026-09-28,ALB,Albemarle Corporation,Observation,2026-09-16,114.00,107.39,,-5.8,,观察,,观察，不触发持仓止损,,1,观察推荐,N/A,OBSERVATION,2026-09-28,,有效 Scan 推荐；不作为实际持仓，但纳入推荐绩效追踪。,,,,113.47000122070312,-0.46,,,,,5D
2026-09-28,FANG,Diamondback Energy,Observation,2026-09-16,197.03,185.23,,-5.99,,观察,,观察，不触发持仓止损,,1,观察推荐,N/A,OBSERVATION,2026-09-28,,有效 Scan 推荐；不作为实际持仓，但纳入推荐绩效追踪。,,,,185.64999389648438,-5.78,,,,,5D
2026-09-28,GLW,Corning Inc.,Observation,2026-09-18,152.00,151.59,,-0.27,,观察,,观察，不触发持仓止损,,1,观察推荐,77.5,OBSERVATION,2026-09-28,,有效 Scan 推荐；不作为实际持仓，但纳入推荐绩效追踪。,,,,156.74000549316406,3.12,,,,,5D
2026-09-28,TXN,Texas Instruments,Observation,2026-09-18,260.82,278.31,,6.71,,观察,,观察，不触发持仓止损,,1,观察推荐,74.0,OBSERVATION,2026-09-28,,有效 Scan 推荐；不作为实际持仓，但纳入推荐绩效追踪。,,,,278.07000732421875,6.61,,,,,5D
2026-09-28,HST,Host Hotels & Resorts,Observation,2026-09-21,21.72,22.66,,3.38,,观察,,观察，不触发持仓止损,,1,观察推荐,64.9,OBSERVATION,2026-09-28,,有效 Scan 推荐；不作为实际持仓，但纳入推荐绩效追踪。,,,,22.65999984741211,4.31,22.440000534057617,3.29,,,10D
2026-09-28,KR,Kroger,Observation,2026-09-21,60.06,59.69,,-0.62,,观察,,观察，不触发持仓止损,,1,观察推荐,64.2,OBSERVATION,2026-09-28,,有效 Scan 推荐；不作为实际持仓，但纳入推荐绩效追踪。,,,,59.689998626708984,-0.62,58.779998779296875,-2.13,,,10D
2026-09-28,DHR,Danaher Corporation,Observation,2026-09-21,211.65,227.33,,7.22,,观察,,观察，不触发持仓止损,,1,观察推荐,63.5,OBSERVATION,2026-09-28,,有效 Scan 推荐；不作为实际持仓，但纳入推荐绩效追踪。,,,,227.3300018310547,7.41,221.2100067138672,4.51,,,10D
2026-09-28,TJX,TJX Companies,Observation,2026-09-22,131.93,130.25,,1.97,,观察,,观察，不触发持仓止损,,1,观察推荐,64.9,OBSERVATION,2026-09-28,,有效 Scan 推荐；不作为实际持仓，但纳入推荐绩效追踪。,,,,133.8000030517578,1.42,137.02999877929688,3.87,,,10D
2026-09-28,UAL,United Airlines Holdings,Observation,2026-09-22,116.60,111.51,,-0.26,,观察,,观察，不触发持仓止损,,1,观察推荐,64.9,OBSERVATION,2026-09-28,,有效 Scan 推荐；不作为实际持仓，但纳入推荐绩效追踪。,,,,112.6500015258789,-3.39,111.87000274658203,-4.06,,,10D
2026-09-28,IR,Ingersoll Rand,Observation,2026-09-22,73.44,76.38,,5.34,,观察,,观察，不触发持仓止损,,1,观察推荐,64.9,OBSERVATION,2026-09-28,,有效 Scan 推荐；不作为实际持仓，但纳入推荐绩效追踪。,,,,76.4800033569336,4.14,,,,,5D
2026-09-28,AXP,American Express,Observation,2026-09-22,316.12,306.33,,-2.81,,观察,,观察，不触发持仓止损,,1,观察推荐,64.9,OBSERVATION,2026-09-28,,有效 Scan 推荐；不作为实际持仓，但纳入推荐绩效追踪。,,,,305.3999938964844,-3.39,304.54998779296875,-3.66,,,10D
2026-09-28,TMO,Thermo Fisher Scientific,Observation,2026-09-22,656.41,678.60,,3.78,,观察,,观察，不触发持仓止损,,1,观察推荐,64.9,OBSERVATION,2026-09-28,,有效 Scan 推荐；不作为实际持仓，但纳入推荐绩效追踪。,,,,679.6099853515625,3.53,656.5800170898438,0.03,,,10D
2026-09-28,INVH,Invitation Homes,Observation,2026-09-22,26.88,26.54,,-1.99,,观察,,观察，不触发持仓止损,,1,观察推荐,64.2,OBSERVATION,2026-09-28,,有效 Scan 推荐；不作为实际持仓，但纳入推荐绩效追踪。,,,,26.56999969482422,-1.14,,,,,5D
2026-09-28,WELL,Welltower,Observation,2026-09-22,229.95,232.96,,0.09,,观察,,观察，不触发持仓止损,,1,观察推荐,64.2,OBSERVATION,2026-09-28,,有效 Scan 推荐；不作为实际持仓，但纳入推荐绩效追踪。,,,,232.89999389648438,1.28,225.77999877929688,-1.81,,,10D
2026-09-28,CNP,CenterPoint Energy,Observation,2026-09-22,37.97,36.62,,-3.61,,观察,,观察，不触发持仓止损,,1,观察推荐,64.2,OBSERVATION,2026-09-28,,有效 Scan 推荐；不作为实际持仓，但纳入推荐绩效追踪。,,,,36.939998626708984,-2.71,38.560001373291016,1.55,,,10D
2026-09-28,IBKR,Interactive Brokers,Observation,2026-09-23,91.36,87.08,,-4.23,,观察,,观察，不触发持仓止损,,1,观察推荐,64.9,OBSERVATION,2026-09-28,,有效 Scan 推荐；不作为实际持仓，但纳入推荐绩效追踪。,,,,,,,,,,OPEN
2026-09-28,EW,Edwards Lifesciences,Observation,2026-09-23,88.70,86.83,,-2.11,,观察,,观察，不触发持仓止损,,1,观察推荐,64.2,OBSERVATION,2026-09-28,,有效 Scan 推荐；不作为实际持仓，但纳入推荐绩效追踪。,,,,86.31999969482422,-2.68,85.77999877929688,-3.29,,,10D
2026-09-28,DECK,Deckers Brands,Observation,2026-09-23,79.26,78.36,,-1.14,,观察,,观察，不触发持仓止损,,1,观察推荐,64.2,OBSERVATION,2026-09-28,,有效 Scan 推荐；不作为实际持仓，但纳入推荐绩效追踪。,,,,78.13999938964844,-1.41,80.37999725341797,1.41,,,10D
2026-09-28,DOC,Healthpeak Properties,Observation,2026-09-23,20.44,20.10,,-1.66,,观察,,观察，不触发持仓止损,,1,观察推荐,63.5,OBSERVATION,2026-09-28,,有效 Scan 推荐；不作为实际持仓，但纳入推荐绩效追踪。,,,,19.969999313354492,-2.3,,,,,5D
2026-09-28,UDR,UDR  Inc.,Observation,2026-09-28,33.95,33.83,,-0.35,,观察,,观察，不触发持仓止损,,1,观察推荐,64.9,OBSERVATION,2026-09-28,,有效 Scan 推荐；不作为实际持仓，但纳入推荐绩效追踪。,,,,33.84000015258789,-0.32,,,,,5D
2026-09-28,CSX,CSX Corporation,Observation,2026-09-28,46.65,46.76,,0.24,,观察,,观察，不触发持仓止损,,1,观察推荐,64.9,OBSERVATION,2026-09-28,,有效 Scan 推荐；不作为实际持仓，但纳入推荐绩效追踪。,,,,47.43000030517578,1.67,,,,,5D
2026-09-28,GNRC,Generac,Observation,2026-09-28,207.41,205.21,,-1.06,,观察,,观察，不触发持仓止损,,1,观察推荐,64.9,OBSERVATION,2026-09-28,,有效 Scan 推荐；不作为实际持仓，但纳入推荐绩效追踪。,,,,215.1999969482422,3.76,,,,,5D
2026-09-28,CMG,Chipotle Mexican Grill,Observation,2026-09-28,31.20,31.85,,2.08,,观察,,观察，不触发持仓止损,,1,观察推荐,63.5,OBSERVATION,2026-09-28,,有效 Scan 推荐；不作为实际持仓，但纳入推荐绩效追踪。,,,,30.850000381469727,-1.12,,,,,5D
2026-09-28,CHTR,Charter Communications,Observation,2026-09-28,112.75,111.40,,-1.2,,观察,,观察，不触发持仓止损,,1,观察推荐,63.5,OBSERVATION,2026-09-28,,有效 Scan 推荐；不作为实际持仓，但纳入推荐绩效追踪。,,,,107.7699966430664,-4.42,,,,,5D
2026-09-29,ABBV,AbbVie,Core_Dragon,2026-09-17,262.61,263.29,12,0.26,,动态持有,258.29,MA20/MA50 + ATR + MACD/KDJ,258.29,1,持仓中,66.9,STOP_NEAR,2026-09-29,1.9,收盘距离移动止损约 1.90%，次日 Scan 强提醒。,,,,265.1199951171875,0.96,259.92999267578125,-1.02,,,FINAL
2026-09-29,NXPI,NXP Semiconductors,Core_Dragon,2026-09-22,231.87,236.47,7,3.2,,动态持有,230.94,MA20/MA50 + ATR + MACD/KDJ,230.94,1,持仓中,74.7,STOP_NEAR,2026-09-29,2.34,收盘距离移动止损约 2.34%，次日 Scan 强提醒。,,,,236.47000122070312,1.98,244.3800048828125,5.4,,,FINAL
2026-09-29,APH,Amphenol,Core_Dragon,2026-09-23,83.38,84.34,6,1.15,,动态持有,82.08,MA20/MA50 + ATR + MACD/KDJ,82.08,1,持仓中,76.1,STOP_NEAR,2026-09-29,2.68,收盘距离移动止损约 2.68%，次日 Scan 强提醒。,,,,84.30000305175781,1.1,87.55000305175781,5.0,,,10D
2026-09-29,A,Agilent Technologies,Core_Dragon,2026-09-23,166.54,175.03,6,5.1,,动态持有,169.95,MA20/MA50 + ATR + MACD/KDJ,169.95,1,持仓中,71.9,STOP_NEAR,2026-09-29,2.9,收盘距离移动止损约 2.90%，次日 Scan 强提醒。,,,,172.30999755859375,3.46,,,,,FINAL
2026-09-29,ADI,Analog Devices,Core_Dragon,2026-09-23,388.95,398.22,6,2.38,,动态持有,383.57,MA20/MA50 + ATR + MACD/KDJ,383.57,1,持仓中,71.9,CLEAR,2026-09-29,3.68,本次 Review 未发现触及或接近移动止损。,,,,396.7099914550781,2.0,410.0799865722656,5.43,,,FINAL
2026-09-29,CF,CF Industries,Core_Dragon,2026-09-28,117.30,115.71,1,-1.36,,动态持有,113.2,MA20/MA50 + ATR + MACD/KDJ,113.2,1,持仓中,73.3,STOP_NEAR,2026-09-29,2.17,收盘距离移动止损约 2.17%，次日 Scan 强提醒。,,,,,,,,,,FINAL
2026-09-29,HUM,Humana,Core_Dragon,2026-09-28,397.43,386.87,1,-2.66,,动态持有,378.39,MA20/MA50 + ATR + MACD/KDJ,378.39,1,持仓中,72.6,STOP_NEAR,2026-09-29,2.19,收盘距离移动止损约 2.19%，次日 Scan 强提醒。,,,,,,,,,,FINAL
2026-09-29,STX,Seagate Technology,Core_Dragon,2026-09-28,912.10,913.45,1,0.15,,动态持有,893.86,MA20/MA50 + ATR + MACD/KDJ,893.86,1,持仓中,71.9,STOP_NEAR,2026-09-29,2.14,收盘距离移动止损约 2.14%，次日 Scan 强提醒。,,,,,,,,,,FINAL
2026-09-29,VLO,Valero Energy,Core_Dragon,2026-09-28,389.11,387.72,1,-0.36,,动态持有,377.88,MA20/MA50 + ATR + MACD/KDJ,377.88,1,持仓中,70.5,STOP_NEAR,2026-09-29,2.54,收盘距离移动止损约 2.54%，次日 Scan 强提醒。,,,,,,,,,,FINAL
2026-09-29,CBOE,Cboe Global Markets,Core_Dragon,2026-09-29,279.54,261.75,0,-6.36,,动态持有,256.89,MA20/MA50 + ATR + MACD/KDJ,256.89,1,持仓中,77.6,STOP_NEAR,2026-09-29,1.86,收盘距离移动止损约 1.86%，次日 Scan 强提醒。,,,,,,,,,,FINAL
2026-09-29,NTAP,NetApp,Core_Dragon,2026-09-29,205.15,209.18,0,1.96,,动态持有,190.09,MA20/MA50 + ATR + MACD/KDJ,190.09,1,持仓中,77.0,CLEAR,2026-09-29,9.13,本次 Review 未发现触及或接近移动止损。,,,,,,,,,,FINAL
2026-09-29,TER,Teradyne,Core_Dragon,2026-09-29,410.85,403.02,0,-1.91,,动态持有,370.51,MA20/MA50 + ATR + MACD/KDJ,370.51,1,持仓中,76.6,CLEAR,2026-09-29,8.07,本次 Review 未发现触及或接近移动止损。,,,,,,,,,,FINAL
2026-09-29,JPM,JPMorgan Chase,Observation,2026-09-16,353.38,334.98,,-5.21,,观察,,观察，不触发持仓止损,,1,观察推荐,N/A,OBSERVATION,2026-09-29,,有效 Scan 推荐；不作为实际持仓，但纳入推荐绩效追踪。,,,,337.5299987792969,-4.49,,,,,5D
2026-09-29,SRE,Sempra,Observation,2026-09-16,81.10,78.18,,-4.4,,观察,,观察，不触发持仓止损,,1,观察推荐,N/A,OBSERVATION,2026-09-29,,有效 Scan 推荐；不作为实际持仓，但纳入推荐绩效追踪。,,,,78.34200286865234,-3.4,,,,,5D
2026-09-29,RVTY,Revvity,Observation,2026-09-16,140.88,152.77,,8.44,,观察,,观察，不触发持仓止损,,1,观察推荐,N/A,OBSERVATION,2026-09-29,,有效 Scan 推荐；不作为实际持仓，但纳入推荐绩效追踪。,,,,142.11000061035156,0.87,,,,,5D
2026-09-29,WRB,W. R. Berkley Corporation,Observation,2026-09-16,70.71,68.22,,-3.66,,观察,,观察，不触发持仓止损,,1,观察推荐,N/A,OBSERVATION,2026-09-29,,有效 Scan 推荐；不作为实际持仓，但纳入推荐绩效追踪。,,,,67.66999816894531,-4.3,,,,,5D
2026-09-29,ALB,Albemarle Corporation,Observation,2026-09-16,114.00,107.62,,-5.6,,观察,,观察，不触发持仓止损,,1,观察推荐,N/A,OBSERVATION,2026-09-29,,有效 Scan 推荐；不作为实际持仓，但纳入推荐绩效追踪。,,,,113.47000122070312,-0.46,,,,,5D
2026-09-29,GLW,Corning Inc.,Observation,2026-09-18,152.00,158.71,,4.41,,观察,,观察，不触发持仓止损,,1,观察推荐,77.5,OBSERVATION,2026-09-29,,有效 Scan 推荐；不作为实际持仓，但纳入推荐绩效追踪。,,,,156.74000549316406,3.12,,,,,5D
2026-09-29,TXN,Texas Instruments,Observation,2026-09-18,260.82,281.69,,8.0,,观察,,观察，不触发持仓止损,,1,观察推荐,74.0,OBSERVATION,2026-09-29,,有效 Scan 推荐；不作为实际持仓，但纳入推荐绩效追踪。,,,,278.07000732421875,6.61,,,,,5D
2026-09-29,HST,Host Hotels & Resorts,Observation,2026-09-21,21.72,22.44,,2.37,,观察,,观察，不触发持仓止损,,1,观察推荐,64.9,OBSERVATION,2026-09-29,,有效 Scan 推荐；不作为实际持仓，但纳入推荐绩效追踪。,,,,22.65999984741211,4.31,22.440000534057617,3.29,,,10D
2026-09-29,KR,Kroger,Observation,2026-09-21,60.06,60.79,,1.22,,观察,,观察，不触发持仓止损,,1,观察推荐,64.2,OBSERVATION,2026-09-29,,有效 Scan 推荐；不作为实际持仓，但纳入推荐绩效追踪。,,,,59.689998626708984,-0.62,58.779998779296875,-2.13,,,10D
2026-09-29,DHR,Danaher Corporation,Observation,2026-09-21,211.65,226.11,,6.64,,观察,,观察，不触发持仓止损,,1,观察推荐,63.5,OBSERVATION,2026-09-29,,有效 Scan 推荐；不作为实际持仓，但纳入推荐绩效追踪。,,,,227.3300018310547,7.41,221.2100067138672,4.51,,,10D
2026-09-29,TJX,TJX Companies,Observation,2026-09-22,131.93,133.80,,4.75,,观察,,观察，不触发持仓止损,,1,观察推荐,64.9,OBSERVATION,2026-09-29,,有效 Scan 推荐；不作为实际持仓，但纳入推荐绩效追踪。,,,,133.8000030517578,1.42,137.02999877929688,3.87,,,10D
2026-09-29,UAL,United Airlines Holdings,Observation,2026-09-22,116.60,112.65,,0.76,,观察,,观察，不触发持仓止损,,1,观察推荐,64.9,OBSERVATION,2026-09-29,,有效 Scan 推荐；不作为实际持仓，但纳入推荐绩效追踪。,,,,112.6500015258789,-3.39,111.87000274658203,-4.06,,,10D
2026-09-29,IR,Ingersoll Rand,Observation,2026-09-22,73.44,76.48,,5.48,,观察,,观察，不触发持仓止损,,1,观察推荐,64.9,OBSERVATION,2026-09-29,,有效 Scan 推荐；不作为实际持仓，但纳入推荐绩效追踪。,,,,76.4800033569336,4.14,,,,,5D
2026-09-29,AXP,American Express,Observation,2026-09-22,316.12,305.40,,-3.1,,观察,,观察，不触发持仓止损,,1,观察推荐,64.9,OBSERVATION,2026-09-29,,有效 Scan 推荐；不作为实际持仓，但纳入推荐绩效追踪。,,,,305.3999938964844,-3.39,304.54998779296875,-3.66,,,10D
2026-09-29,TMO,Thermo Fisher Scientific,Observation,2026-09-22,656.41,679.61,,3.93,,观察,,观察，不触发持仓止损,,1,观察推荐,64.9,OBSERVATION,2026-09-29,,有效 Scan 推荐；不作为实际持仓，但纳入推荐绩效追踪。,,,,679.6099853515625,3.53,656.5800170898438,0.03,,,10D
2026-09-29,INVH,Invitation Homes,Observation,2026-09-22,26.88,26.57,,-1.88,,观察,,观察，不触发持仓止损,,1,观察推荐,64.2,OBSERVATION,2026-09-29,,有效 Scan 推荐；不作为实际持仓，但纳入推荐绩效追踪。,,,,26.56999969482422,-1.14,,,,,5D
2026-09-29,WELL,Welltower,Observation,2026-09-22,229.95,232.90,,0.06,,观察,,观察，不触发持仓止损,,1,观察推荐,64.2,OBSERVATION,2026-09-29,,有效 Scan 推荐；不作为实际持仓，但纳入推荐绩效追踪。,,,,232.89999389648438,1.28,225.77999877929688,-1.81,,,10D
2026-09-29,CNP,CenterPoint Energy,Observation,2026-09-22,37.97,36.94,,-2.76,,观察,,观察，不触发持仓止损,,1,观察推荐,64.2,OBSERVATION,2026-09-29,,有效 Scan 推荐；不作为实际持仓，但纳入推荐绩效追踪。,,,,36.939998626708984,-2.71,38.560001373291016,1.55,,,10D
2026-09-29,IBKR,Interactive Brokers,Observation,2026-09-23,91.36,86.18,,-5.22,,观察,,观察，不触发持仓止损,,1,观察推荐,64.9,OBSERVATION,2026-09-29,,有效 Scan 推荐；不作为实际持仓，但纳入推荐绩效追踪。,,,,,,,,,,OPEN
2026-09-29,EW,Edwards Lifesciences,Observation,2026-09-23,88.70,88.08,,-0.7,,观察,,观察，不触发持仓止损,,1,观察推荐,64.2,OBSERVATION,2026-09-29,,有效 Scan 推荐；不作为实际持仓，但纳入推荐绩效追踪。,,,,86.31999969482422,-2.68,85.77999877929688,-3.29,,,10D
2026-09-29,DECK,Deckers Brands,Observation,2026-09-23,79.26,77.68,,-1.99,,观察,,观察，不触发持仓止损,,1,观察推荐,64.2,OBSERVATION,2026-09-29,,有效 Scan 推荐；不作为实际持仓，但纳入推荐绩效追踪。,,,,78.13999938964844,-1.41,80.37999725341797,1.41,,,10D
2026-09-29,DOC,Healthpeak Properties,Observation,2026-09-23,20.44,20.13,,-1.52,,观察,,观察，不触发持仓止损,,1,观察推荐,63.5,OBSERVATION,2026-09-29,,有效 Scan 推荐；不作为实际持仓，但纳入推荐绩效追踪。,,,,19.969999313354492,-2.3,,,,,5D
2026-09-29,UDR,UDR  Inc.,Observation,2026-09-28,33.95,33.95,,0.0,,观察,,观察，不触发持仓止损,,1,观察推荐,64.9,OBSERVATION,2026-09-29,,有效 Scan 推荐；不作为实际持仓，但纳入推荐绩效追踪。,,,,33.84000015258789,-0.32,,,,,5D
2026-09-29,CSX,CSX Corporation,Observation,2026-09-28,46.65,46.93,,0.6,,观察,,观察，不触发持仓止损,,1,观察推荐,64.9,OBSERVATION,2026-09-29,,有效 Scan 推荐；不作为实际持仓，但纳入推荐绩效追踪。,,,,47.43000030517578,1.67,,,,,5D
2026-09-29,GNRC,Generac,Observation,2026-09-28,207.41,212.22,,2.32,,观察,,观察，不触发持仓止损,,1,观察推荐,64.9,OBSERVATION,2026-09-29,,有效 Scan 推荐；不作为实际持仓，但纳入推荐绩效追踪。,,,,215.1999969482422,3.76,,,,,5D
2026-09-29,CMG,Chipotle Mexican Grill,Observation,2026-09-28,31.20,31.88,,2.18,,观察,,观察，不触发持仓止损,,1,观察推荐,63.5,OBSERVATION,2026-09-29,,有效 Scan 推荐；不作为实际持仓，但纳入推荐绩效追踪。,,,,30.850000381469727,-1.12,,,,,5D
2026-09-29,CHTR,Charter Communications,Observation,2026-09-28,112.75,110.67,,-1.84,,观察,,观察，不触发持仓止损,,1,观察推荐,63.5,OBSERVATION,2026-09-29,,有效 Scan 推荐；不作为实际持仓，但纳入推荐绩效追踪。,,,,107.7699966430664,-4.42,,,,,5D
2026-09-29,EMR,Emerson Electric,Observation,2026-09-29,160.07,157.24,,-1.77,,观察,,观察，不触发持仓止损,,1,观察推荐,64.7,OBSERVATION,2026-09-29,,有效 Scan 推荐；不作为实际持仓，但纳入推荐绩效追踪。,,,,161.39999389648438,0.83,,,,,5D
2026-09-29,SYK,Stryker Corporation,Observation,2026-09-29,276.13,278.77,,0.64,,观察,,观察，不触发持仓止损,,1,观察推荐,64.3,OBSERVATION,2026-09-29,,有效 Scan 推荐；不作为实际持仓，但纳入推荐绩效追踪。,,,,278.20001220703125,0.75,,,,,5D
2026-09-29,SNPS,Synopsys,Observation,2026-09-29,414.60,415.09,,0.12,,观察,,观察，不触发持仓止损,,1,观察推荐,64.3,OBSERVATION,2026-09-29,,有效 Scan 推荐；不作为实际持仓，但纳入推荐绩效追踪。,,,,505.1700134277344,21.85,,,,,5D
2026-09-29,BX,Blackstone Inc.,Observation,2026-09-29,115.36,114.00,,-1.18,,观察,,观察，不触发持仓止损,,1,观察推荐,64.2,OBSERVATION,2026-09-29,,有效 Scan 推荐；不作为实际持仓，但纳入推荐绩效追踪。,,,,113.36000061035156,-1.73,,,,,5D
2026-09-29,ROL,Rollins  Inc.,Observation,2026-09-29,30.40,30.50,,0.33,,观察,,观察，不触发持仓止损,,1,观察推荐,64.1,OBSERVATION,2026-09-29,,有效 Scan 推荐；不作为实际持仓，但纳入推荐绩效追踪。,,,,30.350000381469727,-0.16,,,,,5D
2026-09-29,XOM,ExxonMobil,Core_Dragon,2026-08-11,158.63,161.35,50,1.06,,动态持有,158.86,MA20/MA50 + ATR + MACD/KDJ,158.86,1,持仓中,68,STOP_NEAR,2026-09-29,1.54,收盘距离移动止损约 1.54%，次日 Scan 强提醒。,,,,165.55999755859375,4.37,160.63999938964844,1.27,164.22999572753906,3.53,20D
2026-09-29,CVX,Chevron,Core_Dragon,2026-08-11,192.57,204.38,50,5.21,,动态持有,202.28,MA20/MA50 + ATR + MACD/KDJ,202.28,1,持仓中,71,STOP_NEAR,2026-09-29,1.03,收盘距离移动止损约 1.03%，次日 Scan 强提醒。,,,,203.9600067138672,5.92,199.88999938964844,3.8,213.80999755859375,11.03,FINAL
2026-09-29,MRK,Merck,Core_Dragon,2026-08-13,133.07,149.28,48,11.52,,动态持有,144.32,MA20/MA50 + ATR + MACD/KDJ,144.32,1,持仓中,65,CLEAR,2026-09-29,3.32,本次 Review 未发现触及或接近移动止损。,,,,148.11570739746094,11.3,148.6624755859375,11.71,143.08538818359375,7.52,FINAL
2026-09-29,MU,Micron Technology,Core_Dragon,2026-08-14,979.32,1065.08,47,8.72,,动态持有,1022.36,MA20/MA50 + ATR + MACD/KDJ,1022.36,1,持仓中,72,CLEAR,2026-09-29,4.01,本次 Review 未发现触及或接近移动止损。,,,,966.780029296875,-1.28,932.8599853515625,-4.74,924.030029296875,-5.65,FINAL
2026-09-29,AMD,Advanced Micro Devices,Core_Dragon,2026-08-14,487.60,607.57,47,24.6,,动态持有,589.63,MA20/MA50 + ATR + MACD/KDJ,589.63,1,持仓中,70,STOP_NEAR,2026-09-29,2.95,收盘距离移动止损约 2.95%，次日 Scan 强提醒。,,,,473.25,-2.94,465.5799865722656,-4.52,493.4100036621094,1.19,20D
2026-09-29,META,Meta Platforms,Core_Dragon,2026-08-14,596.51,738.79,47,23.75,,动态持有,694.15,MA20/MA50 + ATR + MACD/KDJ,694.15,1,持仓中,76,CLEAR,2026-09-29,6.04,本次 Review 未发现触及或接近移动止损。,,,,549.4663696289062,-7.89,577.564208984375,-3.18,665.0751342773438,11.49,20D
2026-09-29,QCOM,Qualcomm,Core_Dragon,2026-08-18,157.04,184.10,43,16.6,,动态持有,181.86,MA20/MA50 + ATR + MACD/KDJ,181.86,1,持仓中,65,STOP_NEAR,2026-09-29,1.22,收盘距离移动止损约 1.22%，次日 Scan 强提醒。,,,,159.6908721923828,1.69,165.7081298828125,5.52,184.83999633789062,17.71,FINAL
2026-09-29,MSFT,Microsoft,Core_Dragon,2026-08-20,483.30,508.96,41,5.31,,动态持有,493.94,MA20/MA50 + ATR + MACD/KDJ,493.94,1,持仓中,71,STOP_NEAR,2026-09-29,2.95,收盘距离移动止损约 2.95%，次日 Scan 强提醒。,,,,505.05999755859375,4.5,510.1199951171875,5.55,493.7799987792969,2.17,20D
2026-09-29,COIN,Coinbase,Core_Dragon,2026-08-21,180.06,190.02,40,5.53,,动态持有,186.04,MA20/MA50 + ATR + MACD/KDJ,186.04,1,持仓中,69,STOP_NEAR,2026-09-29,2.09,收盘距离移动止损约 2.09%，次日 Scan 强提醒。,,,,178.63999938964844,-0.79,184.63999938964844,2.54,201.0500030517578,11.66,FINAL
2026-09-29,MSFT,Microsoft,Core_Dragon,2026-08-21,479.88,508.96,40,6.06,,动态持有,493.94,MA20/MA50 + ATR + MACD/KDJ,493.94,1,持仓中,70,STOP_NEAR,2026-09-29,2.95,收盘距离移动止损约 2.95%，次日 Scan 强提醒。,,,,513.530029296875,7.01,499.70001220703125,4.13,501.6099853515625,4.53,20D
2026-09-29,AES,AES Corporation,Core_Dragon,2026-08-24,14.75,14.86,37,0.75,,动态持有,14.57,MA20/MA50 + ATR + MACD/KDJ,14.57,1,持仓中,68,STOP_NEAR,2026-09-29,1.95,收盘距离移动止损约 1.95%，次日 Scan 强提醒。,,,,14.739999771118164,-0.07,14.829999923706055,0.54,14.819999694824219,0.47,20D
2026-09-29,DVN,Devon Energy,Core_Dragon,2026-08-11,44.92,45.75,49,1.19,1.19,动态持有,46.66,MA20/MA50 + ATR + MACD/KDJ,46.66,1,移动止损清仓,65,STOP_TRIGGERED,2026-09-29,0.0,移动止损触发：46.66,,,,47.5222282409668,5.8,46.60814666748047,3.76,48.664825439453125,8.34,FINAL
2026-09-29,KO,Coca-Cola,Core_Dragon,2026-08-12,85.27,86.56,48,0.91,0.91,动态持有,86.59,MA20/MA50 + ATR + MACD/KDJ,86.59,1,移动止损清仓,70,STOP_TRIGGERED,2026-09-29,0.0,移动止损触发：86.59,,,,89.8140640258789,5.33,89.54566955566406,5.01,87.30902099609375,2.39,FINAL
2026-09-29,MDT,Medtronic,Core_Dragon,2026-08-12,88.24,88.83,48,-0.15,-0.15,动态持有,89.69,MA20/MA50 + ATR + MACD/KDJ,89.69,1,移动止损清仓,72,STOP_TRIGGERED,2026-09-29,0.0,移动止损触发：89.69,,,,93.3642807006836,5.81,91.27144622802734,3.44,90.87470245361328,2.99,FINAL
2026-09-29,CSCO,Cisco,Core_Dragon,2026-08-13,113.93,107.24,47,-5.87,-5.87,动态持有,107.24,MA20/MA50 + ATR + MACD/KDJ,107.24,1,移动止损清仓,73,STOP_TRIGGERED,2026-09-29,0.0,移动止损触发：107.24,,,,109.58999633789062,-3.81,112.1500015258789,-1.56,112.12999725341797,-1.58,FINAL
2026-09-29,V,Visa Inc.,Core_Dragon,2026-08-18,359.62,366.93,42,2.03,2.03,动态持有,368.11,MA20/MA50 + ATR + MACD/KDJ,368.11,1,移动止损清仓,79,STOP_TRIGGERED,2026-09-29,0.0,移动止损触发：368.11,,,,384.1400146484375,6.82,372.6700134277344,3.63,370.92999267578125,3.14,FINAL
2026-09-29,NOW,ServiceNow,Core_Dragon,2026-08-20,128.15,130.83,40,2.09,2.09,动态持有,135.63,MA20/MA50 + ATR + MACD/KDJ,135.63,1,移动止损清仓,76,STOP_TRIGGERED,2026-09-29,0.0,移动止损触发：135.63,,,,138.42999267578125,8.02,145.58999633789062,13.61,135.47000122070312,5.71,FINAL
2026-09-29,AMZN,AMAZON.COM,Core_Dragon,2026-05-28,272.27,246.67,125,-9.26,,动态持有,241.23,MA20/MA50 + ATR + MACD/KDJ,241.23,1,持仓中,83.5,STOP_NEAR,2026-09-29,2.21,收盘距离移动止损约 2.21%，次日 Scan 强提醒。,,,,253.7899932861328,-6.79,241.50999450683594,-11.3,232.69000244140625,-14.54,20D
2026-09-29,XLE,XLE,Core_Dragon,2026-06-04,57.74,61.54,118,4.82,,动态持有,60.86,MA20/MA50 + ATR + MACD/KDJ,60.86,1,持仓中,83.9,STOP_NEAR,2026-09-29,1.1,收盘距离移动止损约 1.10%，次日 Scan 强提醒。,,,,56.375911712646484,-2.36,53.06955337524414,-8.09,52.81605911254883,-8.52,20D
2026-09-29,SPDN,SPDN,Core_Dragon,2026-06-08,8.59,8.47,114,-4.19,,动态持有,8.28,MA20/MA50 + ATR + MACD/KDJ,8.28,1,持仓中,83.7,STOP_NEAR,2026-09-29,2.24,收盘距离移动止损约 2.24%，次日 Scan 强提醒。,,,,8.473943710327148,-1.37,8.690242767333984,1.15,8.57187271118164,-0.23,FINAL
2026-09-29,XLF,XLF,Core_Dragon,2026-06-08,51.87,54.01,114,3.27,,动态持有,53.11,MA20/MA50 + ATR + MACD/KDJ,53.11,1,持仓中,83.4,STOP_NEAR,2026-09-29,1.67,收盘距离移动止损约 1.67%，次日 Scan 强提醒。,,,,53.18480682373047,2.53,53.68998336791992,3.5,54.77613830566406,5.59,FINAL
2026-09-29,ORCL,Oracle Corporation,Core_Dragon,2026-06-23,169.64,137.79,99,-21.29,,动态持有,129.95,MA20/MA50 + ATR + MACD/KDJ,129.95,1,持仓中,N/A,CLEAR,2026-09-29,5.69,本次 Review 未发现触及或接近移动止损。,,,,146.04193115234375,-13.91,140.00294494628906,-17.47,125.83999633789062,-25.82,FINAL
2026-09-29,CTSH,Cognizant,Core_Dragon,2026-06-24,40.72,56.84,98,38.8,,动态持有,55.62,MA20/MA50 + ATR + MACD/KDJ,55.62,1,持仓中,N/A,STOP_NEAR,2026-09-29,2.15,收盘距离移动止损约 2.15%，次日 Scan 强提醒。,,,,40.830589294433594,0.27,43.14700698852539,5.96,42.75927734375,5.0,FINAL
2026-09-29,AMD,Advanced Micro Devices,Core_Dragon,2026-06-26,519.80,607.57,96,14.08,,动态持有,589.63,MA20/MA50 + ATR + MACD/KDJ,589.63,1,持仓中,N/A,STOP_NEAR,2026-09-29,2.95,收盘距离移动止损约 2.95%，次日 Scan 强提醒。,,,,552.0499877929688,6.2,534.3900146484375,2.81,494.95001220703125,-4.78,20D
2026-09-29,FCX,Freeport-McMoRan,Core_Dragon,2026-07-30,61.75,70.79,62,16.43,,动态持有,69.8,MA20/MA50 + ATR + MACD/KDJ,69.8,1,持仓中,71,STOP_NEAR,2026-09-29,1.4,收盘距离移动止损约 1.40%，次日 Scan 强提醒。,,,,68.18000030517578,10.41,66.83000183105469,8.23,78.41999816894531,27.0,FINAL
2026-09-29,GEHC,GE HealthCare,Core_Dragon,2026-07-30,71.37,66.46,62,-4.13,,动态持有,65.44,MA20/MA50 + ATR + MACD/KDJ,65.44,1,持仓中,88,STOP_NEAR,2026-09-29,1.53,收盘距离移动止损约 1.53%，次日 Scan 强提醒。,,,,70.30999755859375,-1.49,73.79000091552734,3.39,72.4800033569336,1.56,FINAL
2026-09-29,WFC,Wells Fargo,Core_Dragon,2026-08-03,87.06,80.48,58,-6.42,,动态持有,79.5,MA20/MA50 + ATR + MACD/KDJ,79.5,1,持仓中,70,STOP_NEAR,2026-09-29,1.22,收盘距离移动止损约 1.22%，次日 Scan 强提醒。,,,,87.5199966430664,0.53,87.54000091552734,0.55,86.38999938964844,-0.77,FINAL
2026-09-29,ON,ON Semiconductor,Core_Dragon,2026-08-04,84.39,75.95,57,-4.88,,动态持有,73.38,MA20/MA50 + ATR + MACD/KDJ,73.38,1,持仓中,73,CLEAR,2026-09-29,3.38,本次 Review 未发现触及或接近移动止损。,,,,81.11000061035156,-3.89,79.41999816894531,-5.89,72.6500015258789,-13.91,FINAL
2026-09-29,CVS,CVS Health,Core_Dragon,2026-08-05,93.72,87.10,56,-17.05,,动态持有,86.09,MA20/MA50 + ATR + MACD/KDJ,86.09,1,持仓中,72,STOP_NEAR,2026-09-29,1.16,收盘距离移动止损约 1.16%，次日 Scan 强提醒。,,,,94.72000122070312,1.07,93.6500015258789,-0.07,97.2300033569336,3.75,FINAL
2026-09-29,DIS,Disney,Core_Dragon,2026-08-05,101.99,105.41,56,7.7,,动态持有,103.48,MA20/MA50 + ATR + MACD/KDJ,103.48,1,持仓中,71,STOP_NEAR,2026-09-29,1.83,收盘距离移动止损约 1.83%，次日 Scan 强提醒。,,,,103.22000122070312,1.21,106.93000030517578,4.84,107.9800033569336,5.87,FINAL
2026-09-29,GILD,Gilead Sciences,Core_Dragon,2026-08-05,135.24,151.28,56,11.24,,动态持有,147.64,MA20/MA50 + ATR + MACD/KDJ,147.64,1,持仓中,70,STOP_NEAR,2026-09-29,2.41,收盘距离移动止损约 2.41%，次日 Scan 强提醒。,,,,135.10902404785156,-0.1,146.77334594726562,8.53,148.77207946777344,10.01,FINAL
2026-09-29,LLY,Lilly (Eli),Core_Dragon,2026-08-05,1172.32,1184.63,56,6.02,,动态持有,1149.24,MA20/MA50 + ATR + MACD/KDJ,1149.24,1,持仓中,78,STOP_NEAR,2026-09-29,2.99,收盘距离移动止损约 2.99%，次日 Scan 强提醒。,,,,1218.533935546875,3.94,1280.3399658203125,9.21,1160.0799560546875,-1.04,FINAL
2026-09-29,AMZN,AMAZON.COM,Core_Dragon,2026-05-27,266.15,246.71,125,-7.0,-7.0,动态持有,255.0,MA20/MA50 + ATR + MACD/KDJ,255.0,1,移动止损清仓,84.2,STOP_TRIGGERED,2026-09-29,0.0,移动止损触发：255.0,,,,250.02000427246094,-6.06,238.0,-10.58,227.00999450683594,-14.71,FINAL
2026-09-29,GGB,GGB,Core_Dragon,2026-06-04,4.62,4.68,117,-1.47,-1.47,动态持有,4.68,MA20/MA50 + ATR + MACD/KDJ,4.68,1,移动止损清仓,84.2,STOP_TRIGGERED,2026-09-29,0.0,移动止损触发：4.68,,,,4.611570358276367,-0.21,4.126662731170654,-10.71,4.186039447784424,-9.42,FINAL
2026-09-29,MSTR,MicroStrategy,Core_Dragon,2026-06-19,116.56,161.63,102,38.67,38.67,动态持有,110.73,MA20/MA50 + ATR + MACD/KDJ,965.0,1,持仓中,N/A,,,,,,,,82.30999755859375,-29.38,100.7699966430664,-13.55,97.81999969482422,-16.08,20D
2026-09-29,PCG,PG&E Corporation,Core_Dragon,2026-06-23,16.62,11.95,98,-28.14,-28.14,动态持有,15.8,MA20/MA50 + ATR + MACD/KDJ,15.8,1,移动止损清仓,N/A,STOP_TRIGGERED,2026-09-29,0.0,移动止损触发：15.8,,,,16.81999969482422,1.19,17.049999237060547,2.58,18.110000610351562,8.95,FINAL
2026-09-29,MSTR,MicroStrategy,Core_Dragon,2026-06-24,102.48,152.43,97,46.79,46.79,动态持有,152.43,MA20/MA50 + ATR + MACD/KDJ,152.43,1,移动止损清仓,N/A,STOP_TRIGGERED,2026-09-29,0.0,移动止损触发：152.43,,,,93.38999938964844,-8.87,93.88999938964844,-8.38,93.62999725341797,-8.64,FINAL
2026-09-29,BSX,Boston Scientific,Core_Dragon,2026-06-25,44.21,44.15,96,-0.7,-0.7,动态持有,42.00,MA20/MA50 + ATR + MACD/KDJ,980.0,1,已超期归档,N/A,,,,,,,,45.13999938964844,2.1,44.77000045776367,1.27,44.25,0.09,FINAL
2026-09-29,ORCL,Oracle Corporation,Core_Dragon,2026-06-26,149.74,132.79,95,-12.9,-12.9,动态持有,142.25,MA20/MA50 + ATR + MACD/KDJ,505.0,1,已超期归档,N/A,,,,,,,,143.2615966796875,-4.33,131.5399932861328,-12.15,119.9000015258789,-19.93,FINAL
2026-09-29,KVUE,Kenvue,Core_Dragon,2026-07-30,19.06,17.74,61,-9.4,-9.4,动态持有,18.5,MA20/MA50 + ATR + MACD/KDJ,18.5,1,移动止损清仓,83,STOP_TRIGGERED,2026-09-29,0.0,移动止损触发：18.5,,,,18.74490737915039,-1.64,18.97361183166504,-0.44,18.97361183166504,-0.44,FINAL
2026-09-29,MDLZ,Mondelez International,Core_Dragon,2026-07-30,63.86,58.79,61,-7.84,-7.84,动态持有,61.5,MA20/MA50 + ATR + MACD/KDJ,61.5,1,移动止损清仓,82,STOP_TRIGGERED,2026-09-29,0.0,移动止损触发：61.5,,,,62.75,-1.74,63.529998779296875,-0.52,62.43000030517578,-2.24,FINAL
2026-09-29,CMCSA,Comcast,Core_Dragon,2026-08-03,24.43,21.75,57,-7.21,-7.21,动态持有,22.1,MA20/MA50 + ATR + MACD/KDJ,22.1,1,移动止损清仓,72,STOP_TRIGGERED,2026-09-29,0.0,移动止损触发：22.1,,,,25.200000762939453,3.15,25.56999969482422,4.67,26.6200008392334,8.96,FINAL
2026-09-29,BMY,Bristol Myers Squibb,Core_Dragon,2026-08-03,66.12,62.60,57,-3.69,-3.69,动态持有,62.6,MA20/MA50 + ATR + MACD/KDJ,62.6,1,移动止损清仓,78,STOP_TRIGGERED,2026-09-29,0.0,移动止损触发：62.6,,,,64.83999633789062,-1.94,64.62999725341797,-2.25,66.80999755859375,1.04,FINAL
2026-09-29,HPE,Hewlett Packard Enterprise,Core_Dragon,2026-08-04,52.48,60.75,56,27.87,27.87,动态持有,60.75,MA20/MA50 + ATR + MACD/KDJ,60.75,1,移动止损清仓,76,STOP_TRIGGERED,2026-09-29,0.0,移动止损触发：60.75,,,,54.242801666259766,3.36,55.549495697021484,5.85,50.74165725708008,-3.31,FINAL
2026-09-29,FISV,Fiserv,Core_Dragon,2026-08-04,53.30,46.02,56,-16.11,-16.11,动态持有,47.8,MA20/MA50 + ATR + MACD/KDJ,47.8,1,移动止损清仓,78,STOP_TRIGGERED,2026-09-29,0.0,移动止损触发：47.8,,,,52.720001220703125,-1.09,51.720001220703125,-2.96,51.66999816894531,-3.06,FINAL
2026-09-29,BKNG,Booking Holdings,Core_Dragon,2026-08-05,207.24,163.68,55,-21.21,-21.21,动态持有,184.0,MA20/MA50 + ATR + MACD/KDJ,184.0,1,移动止损清仓,74,STOP_TRIGGERED,2026-09-29,0.0,移动止损触发：184.0,,,,211.7486114501953,2.18,212.48683166503906,2.53,199.11912536621094,-3.92,FINAL
2026-09-29,MSTR,MicroStrategy,Core_Dragon,2026-06-19,116.56,152.43,102,30.77,30.77,动态持有,152.43,MA20/MA50 + ATR + MACD/KDJ,152.43,1,移动止损清仓,N/A,STOP_TRIGGERED,2026-09-29,0,移动止损触发：152.43,,,,82.30999755859375,-29.38,100.7699966430664,-13.55,97.81999969482422,-16.08,FINAL
2026-09-29,BSX,Boston Scientific,Core_Dragon,2026-06-25,44.21,43.23,96,-2.77,-2.77,动态持有,43.23,MA20/MA50 + ATR + MACD/KDJ,43.23,1,移动止损清仓,N/A,STOP_TRIGGERED,2026-09-29,0,移动止损触发：43.23,,,,45.13999938964844,2.1,44.77000045776367,1.27,44.25,0.09,FINAL
2026-09-29,ORCL,Oracle Corporation,Core_Dragon,2026-06-26,149.74,132.79,95,-12.9,-12.9,动态持有,142.25,MA20/MA50 + ATR + MACD/KDJ,142.25,1,移动止损清仓,N/A,STOP_TRIGGERED,2026-09-29,0,移动止损触发：142.25,,,,143.2615966796875,-4.33,131.5399932861328,-12.15,119.9000015258789,-19.93,FINAL
2026-09-30,ALL,Allstate,Core_Dragon,2026-09-30,224.51,221.86,0,-0.91,,动态持有,212.88,MA20/MA50 + ATR + MACD/KDJ,212.88,1,持仓中,73.5,CLEAR,2026-09-30,4.05,本次 Review 未发现触及或接近移动止损。,,,,,,,,,,FINAL
2026-09-30,TGT,Target Corporation,Observation,2026-09-30,159.25,156.69,,0.11,,观察,,观察，不触发持仓止损,,1,观察推荐,64.4,OBSERVATION,2026-09-30,,有效 Scan 推荐；不作为实际持仓，但纳入推荐绩效追踪。,,,,150.9199981689453,-3.58,,,,,5D
2026-09-30,COO,Cooper Companies (The),Observation,2026-09-30,56.62,56.53,,-0.81,,观察,,观察，不触发持仓止损,,1,观察推荐,63.9,OBSERVATION,2026-09-30,,有效 Scan 推荐；不作为实际持仓，但纳入推荐绩效追踪。,,,,54.75,-3.3,,,,,5D
2026-09-30,DELL,Dell Technologies,Observation,2026-09-30,546.48,537.95,,-1.12,,观察,,观察，不触发持仓止损,,1,观察推荐,62.7,OBSERVATION,2026-09-30,,有效 Scan 推荐；不作为实际持仓，但纳入推荐绩效追踪。,,,,578.9600219726562,5.94,,,,,5D
2026-09-30,WEC,WEC Energy Group,Observation,2026-09-30,103.09,100.78,,-0.48,,观察,,观察，不触发持仓止损,,1,观察推荐,62.6,OBSERVATION,2026-09-30,,有效 Scan 推荐；不作为实际持仓，但纳入推荐绩效追踪。,,,,103.18000030517578,0.09,,,,,5D
2026-09-30,ILMN,Illumina  Inc.,Observation,2026-09-30,272.71,273.68,,-0.76,,观察,,观察，不触发持仓止损,,1,观察推荐,62.2,OBSERVATION,2026-09-30,,有效 Scan 推荐；不作为实际持仓，但纳入推荐绩效追踪。,,,,267.760009765625,-1.82,,,,,5D
2026-09-30,TECH,Bio-Techne,Observation,2026-09-30,72.38,72.47,,-0.04,,观察,,观察，不触发持仓止损,,1,观察推荐,62.2,OBSERVATION,2026-09-30,,有效 Scan 推荐；不作为实际持仓，但纳入推荐绩效追踪。,,,,72.52999877929688,0.21,,,,,5D
2026-10-02,SNPS,Synopsys,Core_Dragon,2026-10-02,497.86,489.90,0,0.1,,动态持有,451.33,MA20/MA50 + ATR + MACD/KDJ,451.33,1,持仓中,80.8,CLEAR,2026-10-02,7.87,本次 Review 未发现触及或接近移动止损。,,,,,,,,,,OPEN
2026-10-02,GEV,GE Vernova,Core_Dragon,2026-10-02,1004.00,988.70,0,-0.17,,动态持有,916.5,MA20/MA50 + ATR + MACD/KDJ,916.5,1,持仓中,77.8,CLEAR,2026-10-02,7.3,本次 Review 未发现触及或接近移动止损。,,,,,,,,,,FINAL
2026-10-02,MNST,Monster Beverage,Observation,2026-10-02,42.37,42.94,,0.85,,观察,,观察，不触发持仓止损,,1,观察推荐,64.9,OBSERVATION,2026-10-02,,有效 Scan 推荐；不作为实际持仓，但纳入推荐绩效追踪。,,,,,,,,,,OPEN
2026-10-02,BRK-B,Berkshire Hathaway,Observation,2026-10-02,500.10,502.65,,0.03,,观察,,观察，不触发持仓止损,,1,观察推荐,64.7,OBSERVATION,2026-10-02,,有效 Scan 推荐；不作为实际持仓，但纳入推荐绩效追踪。,,,,,,,,,,OPEN
2026-10-02,APA,APA Corporation,Observation,2026-10-02,42.40,43.68,,0.85,,观察,,观察，不触发持仓止损,,1,观察推荐,64.5,OBSERVATION,2026-10-02,,有效 Scan 推荐；不作为实际持仓，但纳入推荐绩效追踪。,,,,,,,,,,OPEN
2026-10-02,P,Everpure,Observation,2026-10-02,134.75,140.14,,0.16,,观察,,观察，不触发持仓止损,,1,观察推荐,64.3,OBSERVATION,2026-10-02,,有效 Scan 推荐；不作为实际持仓，但纳入推荐绩效追踪。,,,,,,,,,,OPEN
2026-10-02,MKC,McCormick & Company,Observation,2026-10-02,43.52,44.67,,0.38,,观察,,观察，不触发持仓止损,,1,观察推荐,64.1,OBSERVATION,2026-10-02,,有效 Scan 推荐；不作为实际持仓，但纳入推荐绩效追踪。,,,,,,,,,,OPEN
2026-10-02,CRH,CRH plc,Observation,2026-10-02,82.39,81.94,,-0.17,,观察,,观察，不触发持仓止损,,1,观察推荐,63.6,OBSERVATION,2026-10-02,,有效 Scan 推荐；不作为实际持仓，但纳入推荐绩效追踪。,,,,,,,,,,OPEN
2026-10-06,CRWD,CrowdStrike,Observation,2026-10-06,278.00,278.86,,0.17,,观察,,观察，不触发持仓止损,,1,观察推荐,64.8,OBSERVATION,2026-10-06,,有效 Scan 推荐；不作为实际持仓，但纳入推荐绩效追踪。,,,,,,,,,,OPEN
2026-10-06,RCL,Royal Caribbean Group,Observation,2026-10-06,279.80,288.78,,3.21,,观察,,观察，不触发持仓止损,,1,观察推荐,64.7,OBSERVATION,2026-10-06,,有效 Scan 推荐；不作为实际持仓，但纳入推荐绩效追踪。,,,,,,,,,,OPEN
2026-10-06,DDOG,Datadog,Observation,2026-10-06,278.00,278.24,,0.8,,观察,,观察，不触发持仓止损,,1,观察推荐,63.8,OBSERVATION,2026-10-06,,有效 Scan 推荐；不作为实际持仓，但纳入推荐绩效追踪。,,,,,,,,,,OPEN
2026-10-06,BE,Bloom Energy,Observation,2026-10-06,295.25,295.78,,-1.01,,观察,,观察，不触发持仓止损,,1,观察推荐,63.6,OBSERVATION,2026-10-06,,有效 Scan 推荐；不作为实际持仓，但纳入推荐绩效追踪。,,,,,,,,,,OPEN
2026-10-06,STZ,Constellation Brands,Observation,2026-10-06,113.83,115.67,,1.62,,观察,,观察，不触发持仓止损,,1,观察推荐,63.3,OBSERVATION,2026-10-06,,有效 Scan 推荐；不作为实际持仓，但纳入推荐绩效追踪。,,,,,,,,,,OPEN
2026-10-07,ANET,Arista Networks,Core_Dragon,2026-10-07,211.30,215.8300018310547,0,2.14,,动态持有,197.69,MA20/MA50 + ATR + MACD/KDJ,197.69,1,持仓中,73.9,CLEAR,2026-10-07,8.4,本次 Review 未发现触及或接近移动止损。,,,,,,,,,,OPEN
2026-10-07,KR,Kroger,Core_Dragon,2026-10-07,59.27,59.25,0,-0.03,,动态持有,56.31,MA20/MA50 + ATR + MACD/KDJ,56.31,1,持仓中,72.5,CLEAR,2026-10-07,4.96,本次 Review 未发现触及或接近移动止损。,,,,,,,,,,OPEN
2026-10-07,ISRG,Intuitive Surgical,Core_Dragon,2026-10-07,405.07,414.5199890136719,0,2.33,,动态持有,382.38,MA20/MA50 + ATR + MACD/KDJ,382.38,1,持仓中,71.9,CLEAR,2026-10-07,7.75,本次 Review 未发现触及或接近移动止损。,,,,,,,,,,OPEN
2026-10-07,ADSK,Autodesk,Core_Dragon,2026-10-07,231.42,235.0500030517578,0,1.57,,动态持有,214.76,MA20/MA50 + ATR + MACD/KDJ,214.76,1,持仓中,69.9,CLEAR,2026-10-07,8.63,本次 Review 未发现触及或接近移动止损。,,,,,,,,,,OPEN
2026-10-07,XYL,Xylem Inc.,Observation,2026-10-07,103.39,101.81999969482422,,-1.52,,观察,,观察，不触发持仓止损,,1,观察推荐,63.8,OBSERVATION,2026-10-07,,有效 Scan 推荐；不作为实际持仓，但纳入推荐绩效追踪。,,,,,,,,,,OPEN
2026-10-07,WM,Waste Management,Observation,2026-10-07,209.0,208.94000244140625,,-0.03,,观察,,观察，不触发持仓止损,,1,观察推荐,63.3,OBSERVATION,2026-10-07,,有效 Scan 推荐；不作为实际持仓，但纳入推荐绩效追踪。,,,,,,,,,,OPEN
2026-10-07,APP,AppLovin,Observation,2026-10-07,274.85,281.2900085449219,,2.34,,观察,,观察，不触发持仓止损,,1,观察推荐,62.9,OBSERVATION,2026-10-07,,有效 Scan 推荐；不作为实际持仓，但纳入推荐绩效追踪。,,,,,,,,,,OPEN
2026-10-07,ED,Consolidated Edison,Observation,2026-10-07,105.15,104.63999938964844,,-0.49,,观察,,观察，不触发持仓止损,,1,观察推荐,62.9,OBSERVATION,2026-10-07,,有效 Scan 推荐；不作为实际持仓，但纳入推荐绩效追踪。,,,,,,,,,,OPEN
2026-10-07,PM,Philip Morris International,Observation,2026-10-07,191.51,192.69000244140625,,0.62,,观察,,观察，不触发持仓止损,,1,观察推荐,62.7,OBSERVATION,2026-10-07,,有效 Scan 推荐；不作为实际持仓，但纳入推荐绩效追踪。,,,,,,,,,,OPEN
2026-10-07,VRSN,Verisign,Observation,2026-10-07,293.20,294.2200012207031,,0.35,,观察,,观察，不触发持仓止损,,1,观察推荐,62.3,OBSERVATION,2026-10-07,,有效 Scan 推荐；不作为实际持仓，但纳入推荐绩效追踪。,,,,,,,,,,OPEN
